time,temperature_2m_c,shortwave_radiation_w_m2,source
2023-01-01 00:00:00,-3.939320,0.000000,synthetic_cold_temperate_benchmark
2023-01-01 01:00:00,-4.330898,0.000000,synthetic_cold_temperate_benchmark
2023-01-01 02:00:00,-4.533594,0.000000,synthetic_cold_temperate_benchmark
2023-01-01 03:00:00,-4.533594,0.000000,synthetic_cold_temperate_benchmark
2023-01-01 04:00:00,-4.330898,0.000000,synthetic_cold_temperate_benchmark
2023-01-01 05:00:00,-3.939320,0.000000,synthetic_cold_temperate_benchmark
2023-01-01 06:00:00,-3.385544,0.000000,synthetic_cold_temperate_benchmark
2023-01-01 07:00:00,-2.707310,0.000000,synthetic_cold_temperate_benchmark
2023-01-01 08:00:00,-1.950838,53.145138,synthetic_cold_temperate_benchmark
2023-01-01 09:00:00,-1.167681,143.886080,synthetic_cold_temperate_benchmark
2023-01-01 10:00:00,-0.411209,213.137985,synthetic_cold_temperate_benchmark
2023-01-01 11:00:00,0.267025,250.558251,synthetic_cold_temperate_benchmark
2023-01-01 12:00:00,0.820800,250.558251,synthetic_cold_temperate_benchmark
2023-01-01 13:00:00,1.212379,213.137985,synthetic_cold_temperate_benchmark
2023-01-01 14:00:00,1.415075,143.886080,synthetic_cold_temperate_benchmark
2023-01-01 15:00:00,1.415075,53.145138,synthetic_cold_temperate_benchmark
2023-01-01 16:00:00,1.212379,0.000000,synthetic_cold_temperate_benchmark
2023-01-01 17:00:00,0.820800,0.000000,synthetic_cold_temperate_benchmark
2023-01-01 18:00:00,0.267025,0.000000,synthetic_cold_temperate_benchmark
2023-01-01 19:00:00,-0.411209,0.000000,synthetic_cold_temperate_benchmark
2023-01-01 20:00:00,-1.167681,0.000000,synthetic_cold_temperate_benchmark
2023-01-01 21:00:00,-1.950838,0.000000,synthetic_cold_temperate_benchmark
2023-01-01 22:00:00,-2.707310,0.000000,synthetic_cold_temperate_benchmark
2023-01-01 23:00:00,-3.385544,0.000000,synthetic_cold_temperate_benchmark
2023-01-02 00:00:00,-3.990816,0.000000,synthetic_cold_temperate_benchmark
2023-01-02 01:00:00,-4.382395,0.000000,synthetic_cold_temperate_benchmark
2023-01-02 02:00:00,-4.585091,0.000000,synthetic_cold_temperate_benchmark
2023-01-02 03:00:00,-4.585091,0.000000,synthetic_cold_temperate_benchmark
2023-01-02 04:00:00,-4.382395,0.000000,synthetic_cold_temperate_benchmark
2023-01-02 05:00:00,-3.990816,0.000000,synthetic_cold_temperate_benchmark
2023-01-02 06:00:00,-3.437040,0.000000,synthetic_cold_temperate_benchmark
2023-01-02 07:00:00,-2.758806,0.000000,synthetic_cold_temperate_benchmark
2023-01-02 08:00:00,-2.002335,53.942655,synthetic_cold_temperate_benchmark
2023-01-02 09:00:00,-1.219177,144.792277,synthetic_cold_temperate_benchmark
2023-01-02 10:00:00,-0.462706,214.091987,synthetic_cold_temperate_benchmark
2023-01-02 11:00:00,0.215528,251.527681,synthetic_cold_temperate_benchmark
2023-01-02 12:00:00,0.769304,251.527681,synthetic_cold_temperate_benchmark
2023-01-02 13:00:00,1.160883,214.091987,synthetic_cold_temperate_benchmark
2023-01-02 14:00:00,1.363579,144.792277,synthetic_cold_temperate_benchmark
2023-01-02 15:00:00,1.363579,53.942655,synthetic_cold_temperate_benchmark
2023-01-02 16:00:00,1.160883,0.000000,synthetic_cold_temperate_benchmark
2023-01-02 17:00:00,0.769304,0.000000,synthetic_cold_temperate_benchmark
2023-01-02 18:00:00,0.215528,0.000000,synthetic_cold_temperate_benchmark
2023-01-02 19:00:00,-0.462706,0.000000,synthetic_cold_temperate_benchmark
2023-01-02 20:00:00,-1.219177,0.000000,synthetic_cold_temperate_benchmark
2023-01-02 21:00:00,-2.002335,0.000000,synthetic_cold_temperate_benchmark
2023-01-02 22:00:00,-2.758806,0.000000,synthetic_cold_temperate_benchmark
2023-01-02 23:00:00,-3.437040,0.000000,synthetic_cold_temperate_benchmark
2023-01-03 00:00:00,-4.039168,0.000000,synthetic_cold_temperate_benchmark
2023-01-03 01:00:00,-4.430747,0.000000,synthetic_cold_temperate_benchmark
2023-01-03 02:00:00,-4.633443,0.000000,synthetic_cold_temperate_benchmark
2023-01-03 03:00:00,-4.633443,0.000000,synthetic_cold_temperate_benchmark
2023-01-03 04:00:00,-4.430747,0.000000,synthetic_cold_temperate_benchmark
2023-01-03 05:00:00,-4.039168,0.000000,synthetic_cold_temperate_benchmark
2023-01-03 06:00:00,-3.485392,0.000000,synthetic_cold_temperate_benchmark
2023-01-03 07:00:00,-2.807158,0.000000,synthetic_cold_temperate_benchmark
2023-01-03 08:00:00,-2.050687,54.807955,synthetic_cold_temperate_benchmark
2023-01-03 09:00:00,-1.267530,145.773956,synthetic_cold_temperate_benchmark
2023-01-03 10:00:00,-0.511058,215.124620,synthetic_cold_temperate_benchmark
2023-01-03 11:00:00,0.167176,252.576642,synthetic_cold_temperate_benchmark
2023-01-03 12:00:00,0.720952,252.576642,synthetic_cold_temperate_benchmark
2023-01-03 13:00:00,1.112531,215.124620,synthetic_cold_temperate_benchmark
2023-01-03 14:00:00,1.315227,145.773956,synthetic_cold_temperate_benchmark
2023-01-03 15:00:00,1.315227,54.807955,synthetic_cold_temperate_benchmark
2023-01-03 16:00:00,1.112531,0.000000,synthetic_cold_temperate_benchmark
2023-01-03 17:00:00,0.720952,0.000000,synthetic_cold_temperate_benchmark
2023-01-03 18:00:00,0.167176,0.000000,synthetic_cold_temperate_benchmark
2023-01-03 19:00:00,-0.511058,0.000000,synthetic_cold_temperate_benchmark
2023-01-03 20:00:00,-1.267530,0.000000,synthetic_cold_temperate_benchmark
2023-01-03 21:00:00,-2.050687,0.000000,synthetic_cold_temperate_benchmark
2023-01-03 22:00:00,-2.807158,0.000000,synthetic_cold_temperate_benchmark
2023-01-03 23:00:00,-3.485392,0.000000,synthetic_cold_temperate_benchmark
2023-01-04 00:00:00,-4.084362,0.000000,synthetic_cold_temperate_benchmark
2023-01-04 01:00:00,-4.475940,0.000000,synthetic_cold_temperate_benchmark
2023-01-04 02:00:00,-4.678636,0.000000,synthetic_cold_temperate_benchmark
2023-01-04 03:00:00,-4.678636,0.000000,synthetic_cold_temperate_benchmark
2023-01-04 04:00:00,-4.475940,0.000000,synthetic_cold_temperate_benchmark
2023-01-04 05:00:00,-4.084362,0.000000,synthetic_cold_temperate_benchmark
2023-01-04 06:00:00,-3.530586,0.000000,synthetic_cold_temperate_benchmark
2023-01-04 07:00:00,-2.852352,0.000000,synthetic_cold_temperate_benchmark
2023-01-04 08:00:00,-2.095880,55.741322,synthetic_cold_temperate_benchmark
2023-01-04 09:00:00,-1.312723,146.831092,synthetic_cold_temperate_benchmark
2023-01-04 10:00:00,-0.556251,216.235670,synthetic_cold_temperate_benchmark
2023-01-04 11:00:00,0.121983,253.704832,synthetic_cold_temperate_benchmark
2023-01-04 12:00:00,0.675758,253.704832,synthetic_cold_temperate_benchmark
2023-01-04 13:00:00,1.067337,216.235670,synthetic_cold_temperate_benchmark
2023-01-04 14:00:00,1.270033,146.831092,synthetic_cold_temperate_benchmark
2023-01-04 15:00:00,1.270033,55.741322,synthetic_cold_temperate_benchmark
2023-01-04 16:00:00,1.067337,0.000000,synthetic_cold_temperate_benchmark
2023-01-04 17:00:00,0.675758,0.000000,synthetic_cold_temperate_benchmark
2023-01-04 18:00:00,0.121983,0.000000,synthetic_cold_temperate_benchmark
2023-01-04 19:00:00,-0.556251,0.000000,synthetic_cold_temperate_benchmark
2023-01-04 20:00:00,-1.312723,0.000000,synthetic_cold_temperate_benchmark
2023-01-04 21:00:00,-2.095880,0.000000,synthetic_cold_temperate_benchmark
2023-01-04 22:00:00,-2.852352,0.000000,synthetic_cold_temperate_benchmark
2023-01-04 23:00:00,-3.530586,0.000000,synthetic_cold_temperate_benchmark
2023-01-05 00:00:00,-4.126383,0.000000,synthetic_cold_temperate_benchmark
2023-01-05 01:00:00,-4.517962,0.000000,synthetic_cold_temperate_benchmark
2023-01-05 02:00:00,-4.720658,0.000000,synthetic_cold_temperate_benchmark
2023-01-05 03:00:00,-4.720658,0.000000,synthetic_cold_temperate_benchmark
2023-01-05 04:00:00,-4.517962,0.000000,synthetic_cold_temperate_benchmark
2023-01-05 05:00:00,-4.126383,0.000000,synthetic_cold_temperate_benchmark
2023-01-05 06:00:00,-3.572608,0.000000,synthetic_cold_temperate_benchmark
2023-01-05 07:00:00,-2.894374,0.000000,synthetic_cold_temperate_benchmark
2023-01-05 08:00:00,-2.137902,56.743051,synthetic_cold_temperate_benchmark
2023-01-05 09:00:00,-1.354745,147.963650,synthetic_cold_temperate_benchmark
2023-01-05 10:00:00,-0.598273,217.424904,synthetic_cold_temperate_benchmark
2023-01-05 11:00:00,0.079961,254.911927,synthetic_cold_temperate_benchmark
2023-01-05 12:00:00,0.633737,254.911927,synthetic_cold_temperate_benchmark
2023-01-05 13:00:00,1.025315,217.424904,synthetic_cold_temperate_benchmark
2023-01-05 14:00:00,1.228011,147.963650,synthetic_cold_temperate_benchmark
2023-01-05 15:00:00,1.228011,56.743051,synthetic_cold_temperate_benchmark
2023-01-05 16:00:00,1.025315,0.000000,synthetic_cold_temperate_benchmark
2023-01-05 17:00:00,0.633737,0.000000,synthetic_cold_temperate_benchmark
2023-01-05 18:00:00,0.079961,0.000000,synthetic_cold_temperate_benchmark
2023-01-05 19:00:00,-0.598273,0.000000,synthetic_cold_temperate_benchmark
2023-01-05 20:00:00,-1.354745,0.000000,synthetic_cold_temperate_benchmark
2023-01-05 21:00:00,-2.137902,0.000000,synthetic_cold_temperate_benchmark
2023-01-05 22:00:00,-2.894374,0.000000,synthetic_cold_temperate_benchmark
2023-01-05 23:00:00,-3.572608,0.000000,synthetic_cold_temperate_benchmark
2023-01-06 00:00:00,-4.165221,0.000000,synthetic_cold_temperate_benchmark
2023-01-06 01:00:00,-4.556799,0.000000,synthetic_cold_temperate_benchmark
2023-01-06 02:00:00,-4.759495,0.000000,synthetic_cold_temperate_benchmark
2023-01-06 03:00:00,-4.759495,0.000000,synthetic_cold_temperate_benchmark
2023-01-06 04:00:00,-4.556799,0.000000,synthetic_cold_temperate_benchmark
2023-01-06 05:00:00,-4.165221,0.000000,synthetic_cold_temperate_benchmark
2023-01-06 06:00:00,-3.611445,0.000000,synthetic_cold_temperate_benchmark
2023-01-06 07:00:00,-2.933211,0.000000,synthetic_cold_temperate_benchmark
2023-01-06 08:00:00,-2.176739,57.813443,synthetic_cold_temperate_benchmark
2023-01-06 09:00:00,-1.393582,149.171589,synthetic_cold_temperate_benchmark
2023-01-06 10:00:00,-0.637110,218.692071,synthetic_cold_temperate_benchmark
2023-01-06 11:00:00,0.041124,256.197582,synthetic_cold_temperate_benchmark
2023-01-06 12:00:00,0.594899,256.197582,synthetic_cold_temperate_benchmark
2023-01-06 13:00:00,0.986478,218.692071,synthetic_cold_temperate_benchmark
2023-01-06 14:00:00,1.189174,149.171589,synthetic_cold_temperate_benchmark
2023-01-06 15:00:00,1.189174,57.813443,synthetic_cold_temperate_benchmark
2023-01-06 16:00:00,0.986478,0.000000,synthetic_cold_temperate_benchmark
2023-01-06 17:00:00,0.594899,0.000000,synthetic_cold_temperate_benchmark
2023-01-06 18:00:00,0.041124,0.000000,synthetic_cold_temperate_benchmark
2023-01-06 19:00:00,-0.637110,0.000000,synthetic_cold_temperate_benchmark
2023-01-06 20:00:00,-1.393582,0.000000,synthetic_cold_temperate_benchmark
2023-01-06 21:00:00,-2.176739,0.000000,synthetic_cold_temperate_benchmark
2023-01-06 22:00:00,-2.933211,0.000000,synthetic_cold_temperate_benchmark
2023-01-06 23:00:00,-3.611445,0.000000,synthetic_cold_temperate_benchmark
2023-01-07 00:00:00,-4.200862,0.000000,synthetic_cold_temperate_benchmark
2023-01-07 01:00:00,-4.592441,0.000000,synthetic_cold_temperate_benchmark
2023-01-07 02:00:00,-4.795137,0.000000,synthetic_cold_temperate_benchmark
2023-01-07 03:00:00,-4.795137,0.000000,synthetic_cold_temperate_benchmark
2023-01-07 04:00:00,-4.592441,0.000000,synthetic_cold_temperate_benchmark
2023-01-07 05:00:00,-4.200862,0.000000,synthetic_cold_temperate_benchmark
2023-01-07 06:00:00,-3.647087,0.000000,synthetic_cold_temperate_benchmark
2023-01-07 07:00:00,-2.968853,0.000000,synthetic_cold_temperate_benchmark
2023-01-07 08:00:00,-2.212381,58.952806,synthetic_cold_temperate_benchmark
2023-01-07 09:00:00,-1.429224,150.454854,synthetic_cold_temperate_benchmark
2023-01-07 10:00:00,-0.672752,220.036900,synthetic_cold_temperate_benchmark
2023-01-07 11:00:00,0.005482,257.561426,synthetic_cold_temperate_benchmark
2023-01-07 12:00:00,0.559258,257.561426,synthetic_cold_temperate_benchmark
2023-01-07 13:00:00,0.950836,220.036900,synthetic_cold_temperate_benchmark
2023-01-07 14:00:00,1.153532,150.454854,synthetic_cold_temperate_benchmark
2023-01-07 15:00:00,1.153532,58.952806,synthetic_cold_temperate_benchmark
2023-01-07 16:00:00,0.950836,0.000000,synthetic_cold_temperate_benchmark
2023-01-07 17:00:00,0.559258,0.000000,synthetic_cold_temperate_benchmark
2023-01-07 18:00:00,0.005482,0.000000,synthetic_cold_temperate_benchmark
2023-01-07 19:00:00,-0.672752,0.000000,synthetic_cold_temperate_benchmark
2023-01-07 20:00:00,-1.429224,0.000000,synthetic_cold_temperate_benchmark
2023-01-07 21:00:00,-2.212381,0.000000,synthetic_cold_temperate_benchmark
2023-01-07 22:00:00,-2.968853,0.000000,synthetic_cold_temperate_benchmark
2023-01-07 23:00:00,-3.647087,0.000000,synthetic_cold_temperate_benchmark
2023-01-08 00:00:00,-4.233297,0.000000,synthetic_cold_temperate_benchmark
2023-01-08 01:00:00,-4.624876,0.000000,synthetic_cold_temperate_benchmark
2023-01-08 02:00:00,-4.827572,0.000000,synthetic_cold_temperate_benchmark
2023-01-08 03:00:00,-4.827572,0.000000,synthetic_cold_temperate_benchmark
2023-01-08 04:00:00,-4.624876,0.000000,synthetic_cold_temperate_benchmark
2023-01-08 05:00:00,-4.233297,0.000000,synthetic_cold_temperate_benchmark
2023-01-08 06:00:00,-3.679522,0.000000,synthetic_cold_temperate_benchmark
2023-01-08 07:00:00,-3.001288,0.000000,synthetic_cold_temperate_benchmark
2023-01-08 08:00:00,-2.244816,60.161447,synthetic_cold_temperate_benchmark
2023-01-08 09:00:00,-1.461659,151.813380,synthetic_cold_temperate_benchmark
2023-01-08 10:00:00,-0.705187,221.459101,synthetic_cold_temperate_benchmark
2023-01-08 11:00:00,-0.026953,259.003067,synthetic_cold_temperate_benchmark
2023-01-08 12:00:00,0.526823,259.003067,synthetic_cold_temperate_benchmark
2023-01-08 13:00:00,0.918401,221.459101,synthetic_cold_temperate_benchmark
2023-01-08 14:00:00,1.121097,151.813380,synthetic_cold_temperate_benchmark
2023-01-08 15:00:00,1.121097,60.161447,synthetic_cold_temperate_benchmark
2023-01-08 16:00:00,0.918401,0.000000,synthetic_cold_temperate_benchmark
2023-01-08 17:00:00,0.526823,0.000000,synthetic_cold_temperate_benchmark
2023-01-08 18:00:00,-0.026953,0.000000,synthetic_cold_temperate_benchmark
2023-01-08 19:00:00,-0.705187,0.000000,synthetic_cold_temperate_benchmark
2023-01-08 20:00:00,-1.461659,0.000000,synthetic_cold_temperate_benchmark
2023-01-08 21:00:00,-2.244816,0.000000,synthetic_cold_temperate_benchmark
2023-01-08 22:00:00,-3.001288,0.000000,synthetic_cold_temperate_benchmark
2023-01-08 23:00:00,-3.679522,0.000000,synthetic_cold_temperate_benchmark
2023-01-09 00:00:00,-4.262516,0.000000,synthetic_cold_temperate_benchmark
2023-01-09 01:00:00,-4.654095,0.000000,synthetic_cold_temperate_benchmark
2023-01-09 02:00:00,-4.856791,0.000000,synthetic_cold_temperate_benchmark
2023-01-09 03:00:00,-4.856791,0.000000,synthetic_cold_temperate_benchmark
2023-01-09 04:00:00,-4.654095,0.000000,synthetic_cold_temperate_benchmark
2023-01-09 05:00:00,-4.262516,0.000000,synthetic_cold_temperate_benchmark
2023-01-09 06:00:00,-3.708741,0.000000,synthetic_cold_temperate_benchmark
2023-01-09 07:00:00,-3.030507,0.000000,synthetic_cold_temperate_benchmark
2023-01-09 08:00:00,-2.274035,61.439676,synthetic_cold_temperate_benchmark
2023-01-09 09:00:00,-1.490878,153.247088,synthetic_cold_temperate_benchmark
2023-01-09 10:00:00,-0.734406,222.958364,synthetic_cold_temperate_benchmark
2023-01-09 11:00:00,-0.056172,260.522090,synthetic_cold_temperate_benchmark
2023-01-09 12:00:00,0.497604,260.522090,synthetic_cold_temperate_benchmark
2023-01-09 13:00:00,0.889182,222.958364,synthetic_cold_temperate_benchmark
2023-01-09 14:00:00,1.091878,153.247088,synthetic_cold_temperate_benchmark
2023-01-09 15:00:00,1.091878,61.439676,synthetic_cold_temperate_benchmark
2023-01-09 16:00:00,0.889182,0.000000,synthetic_cold_temperate_benchmark
2023-01-09 17:00:00,0.497604,0.000000,synthetic_cold_temperate_benchmark
2023-01-09 18:00:00,-0.056172,0.000000,synthetic_cold_temperate_benchmark
2023-01-09 19:00:00,-0.734406,0.000000,synthetic_cold_temperate_benchmark
2023-01-09 20:00:00,-1.490878,0.000000,synthetic_cold_temperate_benchmark
2023-01-09 21:00:00,-2.274035,0.000000,synthetic_cold_temperate_benchmark
2023-01-09 22:00:00,-3.030507,0.000000,synthetic_cold_temperate_benchmark
2023-01-09 23:00:00,-3.708741,0.000000,synthetic_cold_temperate_benchmark
2023-01-10 00:00:00,-4.288511,0.000000,synthetic_cold_temperate_benchmark
2023-01-10 01:00:00,-4.680089,0.000000,synthetic_cold_temperate_benchmark
2023-01-10 02:00:00,-4.882785,0.000000,synthetic_cold_temperate_benchmark
2023-01-10 03:00:00,-4.882785,0.000000,synthetic_cold_temperate_benchmark
2023-01-10 04:00:00,-4.680089,0.000000,synthetic_cold_temperate_benchmark
2023-01-10 05:00:00,-4.288511,0.000000,synthetic_cold_temperate_benchmark
2023-01-10 06:00:00,-3.734735,0.000000,synthetic_cold_temperate_benchmark
2023-01-10 07:00:00,-3.056501,0.000000,synthetic_cold_temperate_benchmark
2023-01-10 08:00:00,-2.300029,62.787798,synthetic_cold_temperate_benchmark
2023-01-10 09:00:00,-1.516872,154.755885,synthetic_cold_temperate_benchmark
2023-01-10 10:00:00,-0.760400,224.534358,synthetic_cold_temperate_benchmark
2023-01-10 11:00:00,-0.082166,262.118057,synthetic_cold_temperate_benchmark
2023-01-10 12:00:00,0.471610,262.118057,synthetic_cold_temperate_benchmark
2023-01-10 13:00:00,0.863188,224.534358,synthetic_cold_temperate_benchmark
2023-01-10 14:00:00,1.065884,154.755885,synthetic_cold_temperate_benchmark
2023-01-10 15:00:00,1.065884,62.787798,synthetic_cold_temperate_benchmark
2023-01-10 16:00:00,0.863188,0.000000,synthetic_cold_temperate_benchmark
2023-01-10 17:00:00,0.471610,0.000000,synthetic_cold_temperate_benchmark
2023-01-10 18:00:00,-0.082166,0.000000,synthetic_cold_temperate_benchmark
2023-01-10 19:00:00,-0.760400,0.000000,synthetic_cold_temperate_benchmark
2023-01-10 20:00:00,-1.516872,0.000000,synthetic_cold_temperate_benchmark
2023-01-10 21:00:00,-2.300029,0.000000,synthetic_cold_temperate_benchmark
2023-01-10 22:00:00,-3.056501,0.000000,synthetic_cold_temperate_benchmark
2023-01-10 23:00:00,-3.734735,0.000000,synthetic_cold_temperate_benchmark
2023-01-11 00:00:00,-4.311272,0.000000,synthetic_cold_temperate_benchmark
2023-01-11 01:00:00,-4.702851,0.000000,synthetic_cold_temperate_benchmark
2023-01-11 02:00:00,-4.905547,0.000000,synthetic_cold_temperate_benchmark
2023-01-11 03:00:00,-4.905547,0.000000,synthetic_cold_temperate_benchmark
2023-01-11 04:00:00,-4.702851,0.000000,synthetic_cold_temperate_benchmark
2023-01-11 05:00:00,-4.311272,0.000000,synthetic_cold_temperate_benchmark
2023-01-11 06:00:00,-3.757497,0.000000,synthetic_cold_temperate_benchmark
2023-01-11 07:00:00,-3.079263,0.000000,synthetic_cold_temperate_benchmark
2023-01-11 08:00:00,-2.322791,64.206113,synthetic_cold_temperate_benchmark
2023-01-11 09:00:00,-1.539634,156.339661,synthetic_cold_temperate_benchmark
2023-01-11 10:00:00,-0.783162,226.186731,synthetic_cold_temperate_benchmark
2023-01-11 11:00:00,-0.104928,263.790507,synthetic_cold_temperate_benchmark
2023-01-11 12:00:00,0.448848,263.790507,synthetic_cold_temperate_benchmark
2023-01-11 13:00:00,0.840426,226.186731,synthetic_cold_temperate_benchmark
2023-01-11 14:00:00,1.043122,156.339661,synthetic_cold_temperate_benchmark
2023-01-11 15:00:00,1.043122,64.206113,synthetic_cold_temperate_benchmark
2023-01-11 16:00:00,0.840426,0.000000,synthetic_cold_temperate_benchmark
2023-01-11 17:00:00,0.448848,0.000000,synthetic_cold_temperate_benchmark
2023-01-11 18:00:00,-0.104928,0.000000,synthetic_cold_temperate_benchmark
2023-01-11 19:00:00,-0.783162,0.000000,synthetic_cold_temperate_benchmark
2023-01-11 20:00:00,-1.539634,0.000000,synthetic_cold_temperate_benchmark
2023-01-11 21:00:00,-2.322791,0.000000,synthetic_cold_temperate_benchmark
2023-01-11 22:00:00,-3.079263,0.000000,synthetic_cold_temperate_benchmark
2023-01-11 23:00:00,-3.757497,0.000000,synthetic_cold_temperate_benchmark
2023-01-12 00:00:00,-4.330795,0.000000,synthetic_cold_temperate_benchmark
2023-01-12 01:00:00,-4.722374,0.000000,synthetic_cold_temperate_benchmark
2023-01-12 02:00:00,-4.925070,0.000000,synthetic_cold_temperate_benchmark
2023-01-12 03:00:00,-4.925070,0.000000,synthetic_cold_temperate_benchmark
2023-01-12 04:00:00,-4.722374,0.000000,synthetic_cold_temperate_benchmark
2023-01-12 05:00:00,-4.330795,0.000000,synthetic_cold_temperate_benchmark
2023-01-12 06:00:00,-3.777019,0.000000,synthetic_cold_temperate_benchmark
2023-01-12 07:00:00,-3.098785,0.000000,synthetic_cold_temperate_benchmark
2023-01-12 08:00:00,-2.342314,65.694911,synthetic_cold_temperate_benchmark
2023-01-12 09:00:00,-1.559157,157.998290,synthetic_cold_temperate_benchmark
2023-01-12 10:00:00,-0.802685,227.915111,synthetic_cold_temperate_benchmark
2023-01-12 11:00:00,-0.124451,265.538957,synthetic_cold_temperate_benchmark
2023-01-12 12:00:00,0.429325,265.538957,synthetic_cold_temperate_benchmark
2023-01-12 13:00:00,0.820904,227.915111,synthetic_cold_temperate_benchmark
2023-01-12 14:00:00,1.023599,157.998290,synthetic_cold_temperate_benchmark
2023-01-12 15:00:00,1.023599,65.694911,synthetic_cold_temperate_benchmark
2023-01-12 16:00:00,0.820904,0.000000,synthetic_cold_temperate_benchmark
2023-01-12 17:00:00,0.429325,0.000000,synthetic_cold_temperate_benchmark
2023-01-12 18:00:00,-0.124451,0.000000,synthetic_cold_temperate_benchmark
2023-01-12 19:00:00,-0.802685,0.000000,synthetic_cold_temperate_benchmark
2023-01-12 20:00:00,-1.559157,0.000000,synthetic_cold_temperate_benchmark
2023-01-12 21:00:00,-2.342314,0.000000,synthetic_cold_temperate_benchmark
2023-01-12 22:00:00,-3.098785,0.000000,synthetic_cold_temperate_benchmark
2023-01-12 23:00:00,-3.777019,0.000000,synthetic_cold_temperate_benchmark
2023-01-13 00:00:00,-4.347073,0.000000,synthetic_cold_temperate_benchmark
2023-01-13 01:00:00,-4.738651,0.000000,synthetic_cold_temperate_benchmark
2023-01-13 02:00:00,-4.941347,0.000000,synthetic_cold_temperate_benchmark
2023-01-13 03:00:00,-4.941347,0.000000,synthetic_cold_temperate_benchmark
2023-01-13 04:00:00,-4.738651,0.000000,synthetic_cold_temperate_benchmark
2023-01-13 05:00:00,-4.347073,0.000000,synthetic_cold_temperate_benchmark
2023-01-13 06:00:00,-3.793297,0.000000,synthetic_cold_temperate_benchmark
2023-01-13 07:00:00,-3.115063,0.000000,synthetic_cold_temperate_benchmark
2023-01-13 08:00:00,-2.358591,67.254472,synthetic_cold_temperate_benchmark
2023-01-13 09:00:00,-1.575434,159.731626,synthetic_cold_temperate_benchmark
2023-01-13 10:00:00,-0.818963,229.719103,synthetic_cold_temperate_benchmark
2023-01-13 11:00:00,-0.140729,267.362902,synthetic_cold_temperate_benchmark
2023-01-13 12:00:00,0.413047,267.362902,synthetic_cold_temperate_benchmark
2023-01-13 13:00:00,0.804626,229.719103,synthetic_cold_temperate_benchmark
2023-01-13 14:00:00,1.007322,159.731626,synthetic_cold_temperate_benchmark
2023-01-13 15:00:00,1.007322,67.254472,synthetic_cold_temperate_benchmark
2023-01-13 16:00:00,0.804626,0.000000,synthetic_cold_temperate_benchmark
2023-01-13 17:00:00,0.413047,0.000000,synthetic_cold_temperate_benchmark
2023-01-13 18:00:00,-0.140729,0.000000,synthetic_cold_temperate_benchmark
2023-01-13 19:00:00,-0.818963,0.000000,synthetic_cold_temperate_benchmark
2023-01-13 20:00:00,-1.575434,0.000000,synthetic_cold_temperate_benchmark
2023-01-13 21:00:00,-2.358591,0.000000,synthetic_cold_temperate_benchmark
2023-01-13 22:00:00,-3.115063,0.000000,synthetic_cold_temperate_benchmark
2023-01-13 23:00:00,-3.793297,0.000000,synthetic_cold_temperate_benchmark
2023-01-14 00:00:00,-4.360101,0.000000,synthetic_cold_temperate_benchmark
2023-01-14 01:00:00,-4.751679,0.000000,synthetic_cold_temperate_benchmark
2023-01-14 02:00:00,-4.954375,0.000000,synthetic_cold_temperate_benchmark
2023-01-14 03:00:00,-4.954375,0.000000,synthetic_cold_temperate_benchmark
2023-01-14 04:00:00,-4.751679,0.000000,synthetic_cold_temperate_benchmark
2023-01-14 05:00:00,-4.360101,0.000000,synthetic_cold_temperate_benchmark
2023-01-14 06:00:00,-3.806325,0.000000,synthetic_cold_temperate_benchmark
2023-01-14 07:00:00,-3.128091,0.000000,synthetic_cold_temperate_benchmark
2023-01-14 08:00:00,-2.371619,68.885061,synthetic_cold_temperate_benchmark
2023-01-14 09:00:00,-1.588462,161.539503,synthetic_cold_temperate_benchmark
2023-01-14 10:00:00,-0.831991,231.598291,synthetic_cold_temperate_benchmark
2023-01-14 11:00:00,-0.153757,269.261814,synthetic_cold_temperate_benchmark
2023-01-14 12:00:00,0.400019,269.261814,synthetic_cold_temperate_benchmark
2023-01-14 13:00:00,0.791598,231.598291,synthetic_cold_temperate_benchmark
2023-01-14 14:00:00,0.994294,161.539503,synthetic_cold_temperate_benchmark
2023-01-14 15:00:00,0.994294,68.885061,synthetic_cold_temperate_benchmark
2023-01-14 16:00:00,0.791598,0.000000,synthetic_cold_temperate_benchmark
2023-01-14 17:00:00,0.400019,0.000000,synthetic_cold_temperate_benchmark
2023-01-14 18:00:00,-0.153757,0.000000,synthetic_cold_temperate_benchmark
2023-01-14 19:00:00,-0.831991,0.000000,synthetic_cold_temperate_benchmark
2023-01-14 20:00:00,-1.588462,0.000000,synthetic_cold_temperate_benchmark
2023-01-14 21:00:00,-2.371619,0.000000,synthetic_cold_temperate_benchmark
2023-01-14 22:00:00,-3.128091,0.000000,synthetic_cold_temperate_benchmark
2023-01-14 23:00:00,-3.806325,0.000000,synthetic_cold_temperate_benchmark
2023-01-15 00:00:00,-4.369875,0.000000,synthetic_cold_temperate_benchmark
2023-01-15 01:00:00,-4.761454,0.000000,synthetic_cold_temperate_benchmark
2023-01-15 02:00:00,-4.964150,0.000000,synthetic_cold_temperate_benchmark
2023-01-15 03:00:00,-4.964150,0.000000,synthetic_cold_temperate_benchmark
2023-01-15 04:00:00,-4.761454,0.000000,synthetic_cold_temperate_benchmark
2023-01-15 05:00:00,-4.369875,0.000000,synthetic_cold_temperate_benchmark
2023-01-15 06:00:00,-3.816100,0.000000,synthetic_cold_temperate_benchmark
2023-01-15 07:00:00,-3.137866,0.000000,synthetic_cold_temperate_benchmark
2023-01-15 08:00:00,-2.381394,70.586928,synthetic_cold_temperate_benchmark
2023-01-15 09:00:00,-1.598237,163.421736,synthetic_cold_temperate_benchmark
2023-01-15 10:00:00,-0.841765,233.552236,synthetic_cold_temperate_benchmark
2023-01-15 11:00:00,-0.163531,271.235144,synthetic_cold_temperate_benchmark
2023-01-15 12:00:00,0.390245,271.235144,synthetic_cold_temperate_benchmark
2023-01-15 13:00:00,0.781823,233.552236,synthetic_cold_temperate_benchmark
2023-01-15 14:00:00,0.984519,163.421736,synthetic_cold_temperate_benchmark
2023-01-15 15:00:00,0.984519,70.586928,synthetic_cold_temperate_benchmark
2023-01-15 16:00:00,0.781823,0.000000,synthetic_cold_temperate_benchmark
2023-01-15 17:00:00,0.390245,0.000000,synthetic_cold_temperate_benchmark
2023-01-15 18:00:00,-0.163531,0.000000,synthetic_cold_temperate_benchmark
2023-01-15 19:00:00,-0.841765,0.000000,synthetic_cold_temperate_benchmark
2023-01-15 20:00:00,-1.598237,0.000000,synthetic_cold_temperate_benchmark
2023-01-15 21:00:00,-2.381394,0.000000,synthetic_cold_temperate_benchmark
2023-01-15 22:00:00,-3.137866,0.000000,synthetic_cold_temperate_benchmark
2023-01-15 23:00:00,-3.816100,0.000000,synthetic_cold_temperate_benchmark
2023-01-16 00:00:00,-4.376393,0.000000,synthetic_cold_temperate_benchmark
2023-01-16 01:00:00,-4.767972,0.000000,synthetic_cold_temperate_benchmark
2023-01-16 02:00:00,-4.970668,0.000000,synthetic_cold_temperate_benchmark
2023-01-16 03:00:00,-4.970668,0.000000,synthetic_cold_temperate_benchmark
2023-01-16 04:00:00,-4.767972,0.000000,synthetic_cold_temperate_benchmark
2023-01-16 05:00:00,-4.376393,0.000000,synthetic_cold_temperate_benchmark
2023-01-16 06:00:00,-3.822617,0.000000,synthetic_cold_temperate_benchmark
2023-01-16 07:00:00,-3.144383,0.000000,synthetic_cold_temperate_benchmark
2023-01-16 08:00:00,-2.387912,72.360301,synthetic_cold_temperate_benchmark
2023-01-16 09:00:00,-1.604755,165.378115,synthetic_cold_temperate_benchmark
2023-01-16 10:00:00,-0.848283,235.580477,synthetic_cold_temperate_benchmark
2023-01-16 11:00:00,-0.170049,273.282318,synthetic_cold_temperate_benchmark
2023-01-16 12:00:00,0.383727,273.282318,synthetic_cold_temperate_benchmark
2023-01-16 13:00:00,0.775305,235.580477,synthetic_cold_temperate_benchmark
2023-01-16 14:00:00,0.978001,165.378115,synthetic_cold_temperate_benchmark
2023-01-16 15:00:00,0.978001,72.360301,synthetic_cold_temperate_benchmark
2023-01-16 16:00:00,0.775305,0.000000,synthetic_cold_temperate_benchmark
2023-01-16 17:00:00,0.383727,0.000000,synthetic_cold_temperate_benchmark
2023-01-16 18:00:00,-0.170049,0.000000,synthetic_cold_temperate_benchmark
2023-01-16 19:00:00,-0.848283,0.000000,synthetic_cold_temperate_benchmark
2023-01-16 20:00:00,-1.604755,0.000000,synthetic_cold_temperate_benchmark
2023-01-16 21:00:00,-2.387912,0.000000,synthetic_cold_temperate_benchmark
2023-01-16 22:00:00,-3.144383,0.000000,synthetic_cold_temperate_benchmark
2023-01-16 23:00:00,-3.822617,0.000000,synthetic_cold_temperate_benchmark
2023-01-17 00:00:00,-4.379653,0.000000,synthetic_cold_temperate_benchmark
2023-01-17 01:00:00,-4.771231,0.000000,synthetic_cold_temperate_benchmark
2023-01-17 02:00:00,-4.973927,0.000000,synthetic_cold_temperate_benchmark
2023-01-17 03:00:00,-4.973927,0.000000,synthetic_cold_temperate_benchmark
2023-01-17 04:00:00,-4.771231,0.000000,synthetic_cold_temperate_benchmark
2023-01-17 05:00:00,-4.379653,0.000000,synthetic_cold_temperate_benchmark
2023-01-17 06:00:00,-3.825877,0.000000,synthetic_cold_temperate_benchmark
2023-01-17 07:00:00,-3.147643,0.000000,synthetic_cold_temperate_benchmark
2023-01-17 08:00:00,-2.391171,74.205388,synthetic_cold_temperate_benchmark
2023-01-17 09:00:00,-1.608014,167.408407,synthetic_cold_temperate_benchmark
2023-01-17 10:00:00,-0.851542,237.682529,synthetic_cold_temperate_benchmark
2023-01-17 11:00:00,-0.173308,275.402743,synthetic_cold_temperate_benchmark
2023-01-17 12:00:00,0.380467,275.402743,synthetic_cold_temperate_benchmark
2023-01-17 13:00:00,0.772046,237.682529,synthetic_cold_temperate_benchmark
2023-01-17 14:00:00,0.974742,167.408407,synthetic_cold_temperate_benchmark
2023-01-17 15:00:00,0.974742,74.205388,synthetic_cold_temperate_benchmark
2023-01-17 16:00:00,0.772046,0.000000,synthetic_cold_temperate_benchmark
2023-01-17 17:00:00,0.380467,0.000000,synthetic_cold_temperate_benchmark
2023-01-17 18:00:00,-0.173308,0.000000,synthetic_cold_temperate_benchmark
2023-01-17 19:00:00,-0.851542,0.000000,synthetic_cold_temperate_benchmark
2023-01-17 20:00:00,-1.608014,0.000000,synthetic_cold_temperate_benchmark
2023-01-17 21:00:00,-2.391171,0.000000,synthetic_cold_temperate_benchmark
2023-01-17 22:00:00,-3.147643,0.000000,synthetic_cold_temperate_benchmark
2023-01-17 23:00:00,-3.825877,0.000000,synthetic_cold_temperate_benchmark
2023-01-18 00:00:00,-4.379653,0.000000,synthetic_cold_temperate_benchmark
2023-01-18 01:00:00,-4.771231,0.000000,synthetic_cold_temperate_benchmark
2023-01-18 02:00:00,-4.973927,0.000000,synthetic_cold_temperate_benchmark
2023-01-18 03:00:00,-4.973927,0.000000,synthetic_cold_temperate_benchmark
2023-01-18 04:00:00,-4.771231,0.000000,synthetic_cold_temperate_benchmark
2023-01-18 05:00:00,-4.379653,0.000000,synthetic_cold_temperate_benchmark
2023-01-18 06:00:00,-3.825877,0.000000,synthetic_cold_temperate_benchmark
2023-01-18 07:00:00,-3.147643,0.000000,synthetic_cold_temperate_benchmark
2023-01-18 08:00:00,-2.391171,76.122372,synthetic_cold_temperate_benchmark
2023-01-18 09:00:00,-1.608014,169.512355,synthetic_cold_temperate_benchmark
2023-01-18 10:00:00,-0.851542,239.857886,synthetic_cold_temperate_benchmark
2023-01-18 11:00:00,-0.173308,277.595802,synthetic_cold_temperate_benchmark
2023-01-18 12:00:00,0.380467,277.595802,synthetic_cold_temperate_benchmark
2023-01-18 13:00:00,0.772046,239.857886,synthetic_cold_temperate_benchmark
2023-01-18 14:00:00,0.974742,169.512355,synthetic_cold_temperate_benchmark
2023-01-18 15:00:00,0.974742,76.122372,synthetic_cold_temperate_benchmark
2023-01-18 16:00:00,0.772046,0.000000,synthetic_cold_temperate_benchmark
2023-01-18 17:00:00,0.380467,0.000000,synthetic_cold_temperate_benchmark
2023-01-18 18:00:00,-0.173308,0.000000,synthetic_cold_temperate_benchmark
2023-01-18 19:00:00,-0.851542,0.000000,synthetic_cold_temperate_benchmark
2023-01-18 20:00:00,-1.608014,0.000000,synthetic_cold_temperate_benchmark
2023-01-18 21:00:00,-2.391171,0.000000,synthetic_cold_temperate_benchmark
2023-01-18 22:00:00,-3.147643,0.000000,synthetic_cold_temperate_benchmark
2023-01-18 23:00:00,-3.825877,0.000000,synthetic_cold_temperate_benchmark
2023-01-19 00:00:00,-4.376393,0.000000,synthetic_cold_temperate_benchmark
2023-01-19 01:00:00,-4.767972,0.000000,synthetic_cold_temperate_benchmark
2023-01-19 02:00:00,-4.970668,0.000000,synthetic_cold_temperate_benchmark
2023-01-19 03:00:00,-4.970668,0.000000,synthetic_cold_temperate_benchmark
2023-01-19 04:00:00,-4.767972,0.000000,synthetic_cold_temperate_benchmark
2023-01-19 05:00:00,-4.376393,0.000000,synthetic_cold_temperate_benchmark
2023-01-19 06:00:00,-3.822617,0.000000,synthetic_cold_temperate_benchmark
2023-01-19 07:00:00,-3.144383,0.000000,synthetic_cold_temperate_benchmark
2023-01-19 08:00:00,-2.387912,78.111407,synthetic_cold_temperate_benchmark
2023-01-19 09:00:00,-1.604755,171.689675,synthetic_cold_temperate_benchmark
2023-01-19 10:00:00,-0.848283,242.106015,synthetic_cold_temperate_benchmark
2023-01-19 11:00:00,-0.170049,279.860859,synthetic_cold_temperate_benchmark
2023-01-19 12:00:00,0.383727,279.860859,synthetic_cold_temperate_benchmark
2023-01-19 13:00:00,0.775305,242.106015,synthetic_cold_temperate_benchmark
2023-01-19 14:00:00,0.978001,171.689675,synthetic_cold_temperate_benchmark
2023-01-19 15:00:00,0.978001,78.111407,synthetic_cold_temperate_benchmark
2023-01-19 16:00:00,0.775305,0.000000,synthetic_cold_temperate_benchmark
2023-01-19 17:00:00,0.383727,0.000000,synthetic_cold_temperate_benchmark
2023-01-19 18:00:00,-0.170049,0.000000,synthetic_cold_temperate_benchmark
2023-01-19 19:00:00,-0.848283,0.000000,synthetic_cold_temperate_benchmark
2023-01-19 20:00:00,-1.604755,0.000000,synthetic_cold_temperate_benchmark
2023-01-19 21:00:00,-2.387912,0.000000,synthetic_cold_temperate_benchmark
2023-01-19 22:00:00,-3.144383,0.000000,synthetic_cold_temperate_benchmark
2023-01-19 23:00:00,-3.822617,0.000000,synthetic_cold_temperate_benchmark
2023-01-20 00:00:00,-4.369875,0.000000,synthetic_cold_temperate_benchmark
2023-01-20 01:00:00,-4.761454,0.000000,synthetic_cold_temperate_benchmark
2023-01-20 02:00:00,-4.964150,0.000000,synthetic_cold_temperate_benchmark
2023-01-20 03:00:00,-4.964150,0.000000,synthetic_cold_temperate_benchmark
2023-01-20 04:00:00,-4.761454,0.000000,synthetic_cold_temperate_benchmark
2023-01-20 05:00:00,-4.369875,0.000000,synthetic_cold_temperate_benchmark
2023-01-20 06:00:00,-3.816100,0.000000,synthetic_cold_temperate_benchmark
2023-01-20 07:00:00,-3.137866,0.000000,synthetic_cold_temperate_benchmark
2023-01-20 08:00:00,-2.381394,80.172622,synthetic_cold_temperate_benchmark
2023-01-20 09:00:00,-1.598237,173.940057,synthetic_cold_temperate_benchmark
2023-01-20 10:00:00,-0.841765,244.426364,synthetic_cold_temperate_benchmark
2023-01-20 11:00:00,-0.163531,282.197253,synthetic_cold_temperate_benchmark
2023-01-20 12:00:00,0.390245,282.197253,synthetic_cold_temperate_benchmark
2023-01-20 13:00:00,0.781823,244.426364,synthetic_cold_temperate_benchmark
2023-01-20 14:00:00,0.984519,173.940057,synthetic_cold_temperate_benchmark
2023-01-20 15:00:00,0.984519,80.172622,synthetic_cold_temperate_benchmark
2023-01-20 16:00:00,0.781823,0.000000,synthetic_cold_temperate_benchmark
2023-01-20 17:00:00,0.390245,0.000000,synthetic_cold_temperate_benchmark
2023-01-20 18:00:00,-0.163531,0.000000,synthetic_cold_temperate_benchmark
2023-01-20 19:00:00,-0.841765,0.000000,synthetic_cold_temperate_benchmark
2023-01-20 20:00:00,-1.598237,0.000000,synthetic_cold_temperate_benchmark
2023-01-20 21:00:00,-2.381394,0.000000,synthetic_cold_temperate_benchmark
2023-01-20 22:00:00,-3.137866,0.000000,synthetic_cold_temperate_benchmark
2023-01-20 23:00:00,-3.816100,0.000000,synthetic_cold_temperate_benchmark
2023-01-21 00:00:00,-4.360101,0.000000,synthetic_cold_temperate_benchmark
2023-01-21 01:00:00,-4.751679,0.000000,synthetic_cold_temperate_benchmark
2023-01-21 02:00:00,-4.954375,0.000000,synthetic_cold_temperate_benchmark
2023-01-21 03:00:00,-4.954375,0.000000,synthetic_cold_temperate_benchmark
2023-01-21 04:00:00,-4.751679,0.000000,synthetic_cold_temperate_benchmark
2023-01-21 05:00:00,-4.360101,0.000000,synthetic_cold_temperate_benchmark
2023-01-21 06:00:00,-3.806325,0.000000,synthetic_cold_temperate_benchmark
2023-01-21 07:00:00,-3.128091,0.000000,synthetic_cold_temperate_benchmark
2023-01-21 08:00:00,-2.371619,82.306109,synthetic_cold_temperate_benchmark
2023-01-21 09:00:00,-1.588462,176.263163,synthetic_cold_temperate_benchmark
2023-01-21 10:00:00,-0.831991,246.818352,synthetic_cold_temperate_benchmark
2023-01-21 11:00:00,-0.153757,284.604303,synthetic_cold_temperate_benchmark
2023-01-21 12:00:00,0.400019,284.604303,synthetic_cold_temperate_benchmark
2023-01-21 13:00:00,0.791598,246.818352,synthetic_cold_temperate_benchmark
2023-01-21 14:00:00,0.994294,176.263163,synthetic_cold_temperate_benchmark
2023-01-21 15:00:00,0.994294,82.306109,synthetic_cold_temperate_benchmark
2023-01-21 16:00:00,0.791598,0.000000,synthetic_cold_temperate_benchmark
2023-01-21 17:00:00,0.400019,0.000000,synthetic_cold_temperate_benchmark
2023-01-21 18:00:00,-0.153757,0.000000,synthetic_cold_temperate_benchmark
2023-01-21 19:00:00,-0.831991,0.000000,synthetic_cold_temperate_benchmark
2023-01-21 20:00:00,-1.588462,0.000000,synthetic_cold_temperate_benchmark
2023-01-21 21:00:00,-2.371619,0.000000,synthetic_cold_temperate_benchmark
2023-01-21 22:00:00,-3.128091,0.000000,synthetic_cold_temperate_benchmark
2023-01-21 23:00:00,-3.806325,0.000000,synthetic_cold_temperate_benchmark
2023-01-22 00:00:00,-4.347073,0.000000,synthetic_cold_temperate_benchmark
2023-01-22 01:00:00,-4.738651,0.000000,synthetic_cold_temperate_benchmark
2023-01-22 02:00:00,-4.941347,0.000000,synthetic_cold_temperate_benchmark
2023-01-22 03:00:00,-4.941347,0.000000,synthetic_cold_temperate_benchmark
2023-01-22 04:00:00,-4.738651,0.000000,synthetic_cold_temperate_benchmark
2023-01-22 05:00:00,-4.347073,0.000000,synthetic_cold_temperate_benchmark
2023-01-22 06:00:00,-3.793297,0.000000,synthetic_cold_temperate_benchmark
2023-01-22 07:00:00,-3.115063,0.000000,synthetic_cold_temperate_benchmark
2023-01-22 08:00:00,-2.358591,84.511932,synthetic_cold_temperate_benchmark
2023-01-22 09:00:00,-1.575434,178.658625,synthetic_cold_temperate_benchmark
2023-01-22 10:00:00,-0.818963,249.281378,synthetic_cold_temperate_benchmark
2023-01-22 11:00:00,-0.140729,287.081309,synthetic_cold_temperate_benchmark
2023-01-22 12:00:00,0.413047,287.081309,synthetic_cold_temperate_benchmark
2023-01-22 13:00:00,0.804626,249.281378,synthetic_cold_temperate_benchmark
2023-01-22 14:00:00,1.007322,178.658625,synthetic_cold_temperate_benchmark
2023-01-22 15:00:00,1.007322,84.511932,synthetic_cold_temperate_benchmark
2023-01-22 16:00:00,0.804626,0.000000,synthetic_cold_temperate_benchmark
2023-01-22 17:00:00,0.413047,0.000000,synthetic_cold_temperate_benchmark
2023-01-22 18:00:00,-0.140729,0.000000,synthetic_cold_temperate_benchmark
2023-01-22 19:00:00,-0.818963,0.000000,synthetic_cold_temperate_benchmark
2023-01-22 20:00:00,-1.575434,0.000000,synthetic_cold_temperate_benchmark
2023-01-22 21:00:00,-2.358591,0.000000,synthetic_cold_temperate_benchmark
2023-01-22 22:00:00,-3.115063,0.000000,synthetic_cold_temperate_benchmark
2023-01-22 23:00:00,-3.793297,0.000000,synthetic_cold_temperate_benchmark
2023-01-23 00:00:00,-4.330795,0.000000,synthetic_cold_temperate_benchmark
2023-01-23 01:00:00,-4.722374,0.000000,synthetic_cold_temperate_benchmark
2023-01-23 02:00:00,-4.925070,0.000000,synthetic_cold_temperate_benchmark
2023-01-23 03:00:00,-4.925070,0.000000,synthetic_cold_temperate_benchmark
2023-01-23 04:00:00,-4.722374,0.000000,synthetic_cold_temperate_benchmark
2023-01-23 05:00:00,-4.330795,0.000000,synthetic_cold_temperate_benchmark
2023-01-23 06:00:00,-3.777019,0.000000,synthetic_cold_temperate_benchmark
2023-01-23 07:00:00,-3.098785,0.000000,synthetic_cold_temperate_benchmark
2023-01-23 08:00:00,-2.342314,86.790113,synthetic_cold_temperate_benchmark
2023-01-23 09:00:00,-1.559157,181.126047,synthetic_cold_temperate_benchmark
2023-01-23 10:00:00,-0.802685,251.814815,synthetic_cold_temperate_benchmark
2023-01-23 11:00:00,-0.124451,289.627546,synthetic_cold_temperate_benchmark
2023-01-23 12:00:00,0.429325,289.627546,synthetic_cold_temperate_benchmark
2023-01-23 13:00:00,0.820904,251.814815,synthetic_cold_temperate_benchmark
2023-01-23 14:00:00,1.023599,181.126047,synthetic_cold_temperate_benchmark
2023-01-23 15:00:00,1.023599,86.790113,synthetic_cold_temperate_benchmark
2023-01-23 16:00:00,0.820904,0.000000,synthetic_cold_temperate_benchmark
2023-01-23 17:00:00,0.429325,0.000000,synthetic_cold_temperate_benchmark
2023-01-23 18:00:00,-0.124451,0.000000,synthetic_cold_temperate_benchmark
2023-01-23 19:00:00,-0.802685,0.000000,synthetic_cold_temperate_benchmark
2023-01-23 20:00:00,-1.559157,0.000000,synthetic_cold_temperate_benchmark
2023-01-23 21:00:00,-2.342314,0.000000,synthetic_cold_temperate_benchmark
2023-01-23 22:00:00,-3.098785,0.000000,synthetic_cold_temperate_benchmark
2023-01-23 23:00:00,-3.777019,0.000000,synthetic_cold_temperate_benchmark
2023-01-24 00:00:00,-4.311272,0.000000,synthetic_cold_temperate_benchmark
2023-01-24 01:00:00,-4.702851,0.000000,synthetic_cold_temperate_benchmark
2023-01-24 02:00:00,-4.905547,0.000000,synthetic_cold_temperate_benchmark
2023-01-24 03:00:00,-4.905547,0.000000,synthetic_cold_temperate_benchmark
2023-01-24 04:00:00,-4.702851,0.000000,synthetic_cold_temperate_benchmark
2023-01-24 05:00:00,-4.311272,0.000000,synthetic_cold_temperate_benchmark
2023-01-24 06:00:00,-3.757497,0.000000,synthetic_cold_temperate_benchmark
2023-01-24 07:00:00,-3.079263,0.000000,synthetic_cold_temperate_benchmark
2023-01-24 08:00:00,-2.322791,89.140642,synthetic_cold_temperate_benchmark
2023-01-24 09:00:00,-1.539634,183.665001,synthetic_cold_temperate_benchmark
2023-01-24 10:00:00,-0.783162,254.418011,synthetic_cold_temperate_benchmark
2023-01-24 11:00:00,-0.104928,292.242271,synthetic_cold_temperate_benchmark
2023-01-24 12:00:00,0.448848,292.242271,synthetic_cold_temperate_benchmark
2023-01-24 13:00:00,0.840426,254.418011,synthetic_cold_temperate_benchmark
2023-01-24 14:00:00,1.043122,183.665001,synthetic_cold_temperate_benchmark
2023-01-24 15:00:00,1.043122,89.140642,synthetic_cold_temperate_benchmark
2023-01-24 16:00:00,0.840426,0.000000,synthetic_cold_temperate_benchmark
2023-01-24 17:00:00,0.448848,0.000000,synthetic_cold_temperate_benchmark
2023-01-24 18:00:00,-0.104928,0.000000,synthetic_cold_temperate_benchmark
2023-01-24 19:00:00,-0.783162,0.000000,synthetic_cold_temperate_benchmark
2023-01-24 20:00:00,-1.539634,0.000000,synthetic_cold_temperate_benchmark
2023-01-24 21:00:00,-2.322791,0.000000,synthetic_cold_temperate_benchmark
2023-01-24 22:00:00,-3.079263,0.000000,synthetic_cold_temperate_benchmark
2023-01-24 23:00:00,-3.757497,0.000000,synthetic_cold_temperate_benchmark
2023-01-25 00:00:00,-4.288511,0.000000,synthetic_cold_temperate_benchmark
2023-01-25 01:00:00,-4.680089,0.000000,synthetic_cold_temperate_benchmark
2023-01-25 02:00:00,-4.882785,0.000000,synthetic_cold_temperate_benchmark
2023-01-25 03:00:00,-4.882785,0.000000,synthetic_cold_temperate_benchmark
2023-01-25 04:00:00,-4.680089,0.000000,synthetic_cold_temperate_benchmark
2023-01-25 05:00:00,-4.288511,0.000000,synthetic_cold_temperate_benchmark
2023-01-25 06:00:00,-3.734735,0.000000,synthetic_cold_temperate_benchmark
2023-01-25 07:00:00,-3.056501,0.000000,synthetic_cold_temperate_benchmark
2023-01-25 08:00:00,-2.300029,91.563467,synthetic_cold_temperate_benchmark
2023-01-25 09:00:00,-1.516872,186.275028,synthetic_cold_temperate_benchmark
2023-01-25 10:00:00,-0.760400,257.090292,synthetic_cold_temperate_benchmark
2023-01-25 11:00:00,-0.082166,294.924719,synthetic_cold_temperate_benchmark
2023-01-25 12:00:00,0.471610,294.924719,synthetic_cold_temperate_benchmark
2023-01-25 13:00:00,0.863188,257.090292,synthetic_cold_temperate_benchmark
2023-01-25 14:00:00,1.065884,186.275028,synthetic_cold_temperate_benchmark
2023-01-25 15:00:00,1.065884,91.563467,synthetic_cold_temperate_benchmark
2023-01-25 16:00:00,0.863188,0.000000,synthetic_cold_temperate_benchmark
2023-01-25 17:00:00,0.471610,0.000000,synthetic_cold_temperate_benchmark
2023-01-25 18:00:00,-0.082166,0.000000,synthetic_cold_temperate_benchmark
2023-01-25 19:00:00,-0.760400,0.000000,synthetic_cold_temperate_benchmark
2023-01-25 20:00:00,-1.516872,0.000000,synthetic_cold_temperate_benchmark
2023-01-25 21:00:00,-2.300029,0.000000,synthetic_cold_temperate_benchmark
2023-01-25 22:00:00,-3.056501,0.000000,synthetic_cold_temperate_benchmark
2023-01-25 23:00:00,-3.734735,0.000000,synthetic_cold_temperate_benchmark
2023-01-26 00:00:00,-4.262516,0.000000,synthetic_cold_temperate_benchmark
2023-01-26 01:00:00,-4.654095,0.000000,synthetic_cold_temperate_benchmark
2023-01-26 02:00:00,-4.856791,0.000000,synthetic_cold_temperate_benchmark
2023-01-26 03:00:00,-4.856791,0.000000,synthetic_cold_temperate_benchmark
2023-01-26 04:00:00,-4.654095,0.000000,synthetic_cold_temperate_benchmark
2023-01-26 05:00:00,-4.262516,0.000000,synthetic_cold_temperate_benchmark
2023-01-26 06:00:00,-3.708741,0.000000,synthetic_cold_temperate_benchmark
2023-01-26 07:00:00,-3.030507,0.000000,synthetic_cold_temperate_benchmark
2023-01-26 08:00:00,-2.274035,94.058494,synthetic_cold_temperate_benchmark
2023-01-26 09:00:00,-1.490878,188.955639,synthetic_cold_temperate_benchmark
2023-01-26 10:00:00,-0.734406,259.830956,synthetic_cold_temperate_benchmark
2023-01-26 11:00:00,-0.056172,297.674104,synthetic_cold_temperate_benchmark
2023-01-26 12:00:00,0.497604,297.674104,synthetic_cold_temperate_benchmark
2023-01-26 13:00:00,0.889182,259.830956,synthetic_cold_temperate_benchmark
2023-01-26 14:00:00,1.091878,188.955639,synthetic_cold_temperate_benchmark
2023-01-26 15:00:00,1.091878,94.058494,synthetic_cold_temperate_benchmark
2023-01-26 16:00:00,0.889182,0.000000,synthetic_cold_temperate_benchmark
2023-01-26 17:00:00,0.497604,0.000000,synthetic_cold_temperate_benchmark
2023-01-26 18:00:00,-0.056172,0.000000,synthetic_cold_temperate_benchmark
2023-01-26 19:00:00,-0.734406,0.000000,synthetic_cold_temperate_benchmark
2023-01-26 20:00:00,-1.490878,0.000000,synthetic_cold_temperate_benchmark
2023-01-26 21:00:00,-2.274035,0.000000,synthetic_cold_temperate_benchmark
2023-01-26 22:00:00,-3.030507,0.000000,synthetic_cold_temperate_benchmark
2023-01-26 23:00:00,-3.708741,0.000000,synthetic_cold_temperate_benchmark
2023-01-27 00:00:00,-4.233297,0.000000,synthetic_cold_temperate_benchmark
2023-01-27 01:00:00,-4.624876,0.000000,synthetic_cold_temperate_benchmark
2023-01-27 02:00:00,-4.827572,0.000000,synthetic_cold_temperate_benchmark
2023-01-27 03:00:00,-4.827572,0.000000,synthetic_cold_temperate_benchmark
2023-01-27 04:00:00,-4.624876,0.000000,synthetic_cold_temperate_benchmark
2023-01-27 05:00:00,-4.233297,0.000000,synthetic_cold_temperate_benchmark
2023-01-27 06:00:00,-3.679522,0.000000,synthetic_cold_temperate_benchmark
2023-01-27 07:00:00,-3.001288,0.000000,synthetic_cold_temperate_benchmark
2023-01-27 08:00:00,-2.244816,96.625589,synthetic_cold_temperate_benchmark
2023-01-27 09:00:00,-1.461659,191.706311,synthetic_cold_temperate_benchmark
2023-01-27 10:00:00,-0.705187,262.639280,synthetic_cold_temperate_benchmark
2023-01-27 11:00:00,-0.026953,300.489621,synthetic_cold_temperate_benchmark
2023-01-27 12:00:00,0.526823,300.489621,synthetic_cold_temperate_benchmark
2023-01-27 13:00:00,0.918401,262.639280,synthetic_cold_temperate_benchmark
2023-01-27 14:00:00,1.121097,191.706311,synthetic_cold_temperate_benchmark
2023-01-27 15:00:00,1.121097,96.625589,synthetic_cold_temperate_benchmark
2023-01-27 16:00:00,0.918401,0.000000,synthetic_cold_temperate_benchmark
2023-01-27 17:00:00,0.526823,0.000000,synthetic_cold_temperate_benchmark
2023-01-27 18:00:00,-0.026953,0.000000,synthetic_cold_temperate_benchmark
2023-01-27 19:00:00,-0.705187,0.000000,synthetic_cold_temperate_benchmark
2023-01-27 20:00:00,-1.461659,0.000000,synthetic_cold_temperate_benchmark
2023-01-27 21:00:00,-2.244816,0.000000,synthetic_cold_temperate_benchmark
2023-01-27 22:00:00,-3.001288,0.000000,synthetic_cold_temperate_benchmark
2023-01-27 23:00:00,-3.679522,0.000000,synthetic_cold_temperate_benchmark
2023-01-28 00:00:00,-4.200862,0.000000,synthetic_cold_temperate_benchmark
2023-01-28 01:00:00,-4.592441,0.000000,synthetic_cold_temperate_benchmark
2023-01-28 02:00:00,-4.795137,0.000000,synthetic_cold_temperate_benchmark
2023-01-28 03:00:00,-4.795137,0.000000,synthetic_cold_temperate_benchmark
2023-01-28 04:00:00,-4.592441,0.000000,synthetic_cold_temperate_benchmark
2023-01-28 05:00:00,-4.200862,0.000000,synthetic_cold_temperate_benchmark
2023-01-28 06:00:00,-3.647087,0.000000,synthetic_cold_temperate_benchmark
2023-01-28 07:00:00,-2.968853,0.000000,synthetic_cold_temperate_benchmark
2023-01-28 08:00:00,-2.212381,99.264573,synthetic_cold_temperate_benchmark
2023-01-28 09:00:00,-1.429224,194.526489,synthetic_cold_temperate_benchmark
2023-01-28 10:00:00,-0.672752,265.514515,synthetic_cold_temperate_benchmark
2023-01-28 11:00:00,0.005482,303.370445,synthetic_cold_temperate_benchmark
2023-01-28 12:00:00,0.559258,303.370445,synthetic_cold_temperate_benchmark
2023-01-28 13:00:00,0.950836,265.514515,synthetic_cold_temperate_benchmark
2023-01-28 14:00:00,1.153532,194.526489,synthetic_cold_temperate_benchmark
2023-01-28 15:00:00,1.153532,99.264573,synthetic_cold_temperate_benchmark
2023-01-28 16:00:00,0.950836,0.000000,synthetic_cold_temperate_benchmark
2023-01-28 17:00:00,0.559258,0.000000,synthetic_cold_temperate_benchmark
2023-01-28 18:00:00,0.005482,0.000000,synthetic_cold_temperate_benchmark
2023-01-28 19:00:00,-0.672752,0.000000,synthetic_cold_temperate_benchmark
2023-01-28 20:00:00,-1.429224,0.000000,synthetic_cold_temperate_benchmark
2023-01-28 21:00:00,-2.212381,0.000000,synthetic_cold_temperate_benchmark
2023-01-28 22:00:00,-2.968853,0.000000,synthetic_cold_temperate_benchmark
2023-01-28 23:00:00,-3.647087,0.000000,synthetic_cold_temperate_benchmark
2023-01-29 00:00:00,-4.165221,0.000000,synthetic_cold_temperate_benchmark
2023-01-29 01:00:00,-4.556799,0.000000,synthetic_cold_temperate_benchmark
2023-01-29 02:00:00,-4.759495,0.000000,synthetic_cold_temperate_benchmark
2023-01-29 03:00:00,-4.759495,0.000000,synthetic_cold_temperate_benchmark
2023-01-29 04:00:00,-4.556799,0.000000,synthetic_cold_temperate_benchmark
2023-01-29 05:00:00,-4.165221,0.000000,synthetic_cold_temperate_benchmark
2023-01-29 06:00:00,-3.611445,0.000000,synthetic_cold_temperate_benchmark
2023-01-29 07:00:00,-2.933211,0.000000,synthetic_cold_temperate_benchmark
2023-01-29 08:00:00,-2.176739,101.975221,synthetic_cold_temperate_benchmark
2023-01-29 09:00:00,-1.393582,197.415585,synthetic_cold_temperate_benchmark
2023-01-29 10:00:00,-0.637110,268.455888,synthetic_cold_temperate_benchmark
2023-01-29 11:00:00,0.041124,306.315729,synthetic_cold_temperate_benchmark
2023-01-29 12:00:00,0.594899,306.315729,synthetic_cold_temperate_benchmark
2023-01-29 13:00:00,0.986478,268.455888,synthetic_cold_temperate_benchmark
2023-01-29 14:00:00,1.189174,197.415585,synthetic_cold_temperate_benchmark
2023-01-29 15:00:00,1.189174,101.975221,synthetic_cold_temperate_benchmark
2023-01-29 16:00:00,0.986478,0.000000,synthetic_cold_temperate_benchmark
2023-01-29 17:00:00,0.594899,0.000000,synthetic_cold_temperate_benchmark
2023-01-29 18:00:00,0.041124,0.000000,synthetic_cold_temperate_benchmark
2023-01-29 19:00:00,-0.637110,0.000000,synthetic_cold_temperate_benchmark
2023-01-29 20:00:00,-1.393582,0.000000,synthetic_cold_temperate_benchmark
2023-01-29 21:00:00,-2.176739,0.000000,synthetic_cold_temperate_benchmark
2023-01-29 22:00:00,-2.933211,0.000000,synthetic_cold_temperate_benchmark
2023-01-29 23:00:00,-3.611445,0.000000,synthetic_cold_temperate_benchmark
2023-01-30 00:00:00,-4.126383,0.000000,synthetic_cold_temperate_benchmark
2023-01-30 01:00:00,-4.517962,0.000000,synthetic_cold_temperate_benchmark
2023-01-30 02:00:00,-4.720658,0.000000,synthetic_cold_temperate_benchmark
2023-01-30 03:00:00,-4.720658,0.000000,synthetic_cold_temperate_benchmark
2023-01-30 04:00:00,-4.517962,0.000000,synthetic_cold_temperate_benchmark
2023-01-30 05:00:00,-4.126383,0.000000,synthetic_cold_temperate_benchmark
2023-01-30 06:00:00,-3.572608,0.000000,synthetic_cold_temperate_benchmark
2023-01-30 07:00:00,-2.894374,0.000000,synthetic_cold_temperate_benchmark
2023-01-30 08:00:00,-2.137902,104.757263,synthetic_cold_temperate_benchmark
2023-01-30 09:00:00,-1.354745,200.372977,synthetic_cold_temperate_benchmark
2023-01-30 10:00:00,-0.598273,271.462601,synthetic_cold_temperate_benchmark
2023-01-30 11:00:00,0.079961,309.324609,synthetic_cold_temperate_benchmark
2023-01-30 12:00:00,0.633737,309.324609,synthetic_cold_temperate_benchmark
2023-01-30 13:00:00,1.025315,271.462601,synthetic_cold_temperate_benchmark
2023-01-30 14:00:00,1.228011,200.372977,synthetic_cold_temperate_benchmark
2023-01-30 15:00:00,1.228011,104.757263,synthetic_cold_temperate_benchmark
2023-01-30 16:00:00,1.025315,0.000000,synthetic_cold_temperate_benchmark
2023-01-30 17:00:00,0.633737,0.000000,synthetic_cold_temperate_benchmark
2023-01-30 18:00:00,0.079961,0.000000,synthetic_cold_temperate_benchmark
2023-01-30 19:00:00,-0.598273,0.000000,synthetic_cold_temperate_benchmark
2023-01-30 20:00:00,-1.354745,0.000000,synthetic_cold_temperate_benchmark
2023-01-30 21:00:00,-2.137902,0.000000,synthetic_cold_temperate_benchmark
2023-01-30 22:00:00,-2.894374,0.000000,synthetic_cold_temperate_benchmark
2023-01-30 23:00:00,-3.572608,0.000000,synthetic_cold_temperate_benchmark
2023-01-31 00:00:00,-4.084362,0.000000,synthetic_cold_temperate_benchmark
2023-01-31 01:00:00,-4.475940,0.000000,synthetic_cold_temperate_benchmark
2023-01-31 02:00:00,-4.678636,0.000000,synthetic_cold_temperate_benchmark
2023-01-31 03:00:00,-4.678636,0.000000,synthetic_cold_temperate_benchmark
2023-01-31 04:00:00,-4.475940,0.000000,synthetic_cold_temperate_benchmark
2023-01-31 05:00:00,-4.084362,0.000000,synthetic_cold_temperate_benchmark
2023-01-31 06:00:00,-3.530586,0.000000,synthetic_cold_temperate_benchmark
2023-01-31 07:00:00,-2.852352,0.000000,synthetic_cold_temperate_benchmark
2023-01-31 08:00:00,-2.095880,107.610383,synthetic_cold_temperate_benchmark
2023-01-31 09:00:00,-1.312723,203.398010,synthetic_cold_temperate_benchmark
2023-01-31 10:00:00,-0.556251,274.533833,synthetic_cold_temperate_benchmark
2023-01-31 11:00:00,0.121983,312.396200,synthetic_cold_temperate_benchmark
2023-01-31 12:00:00,0.675758,312.396200,synthetic_cold_temperate_benchmark
2023-01-31 13:00:00,1.067337,274.533833,synthetic_cold_temperate_benchmark
2023-01-31 14:00:00,1.270033,203.398010,synthetic_cold_temperate_benchmark
2023-01-31 15:00:00,1.270033,107.610383,synthetic_cold_temperate_benchmark
2023-01-31 16:00:00,1.067337,0.000000,synthetic_cold_temperate_benchmark
2023-01-31 17:00:00,0.675758,0.000000,synthetic_cold_temperate_benchmark
2023-01-31 18:00:00,0.121983,0.000000,synthetic_cold_temperate_benchmark
2023-01-31 19:00:00,-0.556251,0.000000,synthetic_cold_temperate_benchmark
2023-01-31 20:00:00,-1.312723,0.000000,synthetic_cold_temperate_benchmark
2023-01-31 21:00:00,-2.095880,0.000000,synthetic_cold_temperate_benchmark
2023-01-31 22:00:00,-2.852352,0.000000,synthetic_cold_temperate_benchmark
2023-01-31 23:00:00,-3.530586,0.000000,synthetic_cold_temperate_benchmark
2023-02-01 00:00:00,-4.039168,0.000000,synthetic_cold_temperate_benchmark
2023-02-01 01:00:00,-4.430747,0.000000,synthetic_cold_temperate_benchmark
2023-02-01 02:00:00,-4.633443,0.000000,synthetic_cold_temperate_benchmark
2023-02-01 03:00:00,-4.633443,0.000000,synthetic_cold_temperate_benchmark
2023-02-01 04:00:00,-4.430747,0.000000,synthetic_cold_temperate_benchmark
2023-02-01 05:00:00,-4.039168,0.000000,synthetic_cold_temperate_benchmark
2023-02-01 06:00:00,-3.485392,0.000000,synthetic_cold_temperate_benchmark
2023-02-01 07:00:00,-2.807158,1.315271,synthetic_cold_temperate_benchmark
2023-02-01 08:00:00,-2.050687,110.534215,synthetic_cold_temperate_benchmark
2023-02-01 09:00:00,-1.267530,206.489996,synthetic_cold_temperate_benchmark
2023-02-01 10:00:00,-0.511058,277.668738,synthetic_cold_temperate_benchmark
2023-02-01 11:00:00,0.167176,315.529599,synthetic_cold_temperate_benchmark
2023-02-01 12:00:00,0.720952,315.529599,synthetic_cold_temperate_benchmark
2023-02-01 13:00:00,1.112531,277.668738,synthetic_cold_temperate_benchmark
2023-02-01 14:00:00,1.315227,206.489996,synthetic_cold_temperate_benchmark
2023-02-01 15:00:00,1.315227,110.534215,synthetic_cold_temperate_benchmark
2023-02-01 16:00:00,1.112531,1.315271,synthetic_cold_temperate_benchmark
2023-02-01 17:00:00,0.720952,0.000000,synthetic_cold_temperate_benchmark
2023-02-01 18:00:00,0.167176,0.000000,synthetic_cold_temperate_benchmark
2023-02-01 19:00:00,-0.511058,0.000000,synthetic_cold_temperate_benchmark
2023-02-01 20:00:00,-1.267530,0.000000,synthetic_cold_temperate_benchmark
2023-02-01 21:00:00,-2.050687,0.000000,synthetic_cold_temperate_benchmark
2023-02-01 22:00:00,-2.807158,0.000000,synthetic_cold_temperate_benchmark
2023-02-01 23:00:00,-3.485392,0.000000,synthetic_cold_temperate_benchmark
2023-02-02 00:00:00,-3.990816,0.000000,synthetic_cold_temperate_benchmark
2023-02-02 01:00:00,-4.382395,0.000000,synthetic_cold_temperate_benchmark
2023-02-02 02:00:00,-4.585091,0.000000,synthetic_cold_temperate_benchmark
2023-02-02 03:00:00,-4.585091,0.000000,synthetic_cold_temperate_benchmark
2023-02-02 04:00:00,-4.382395,0.000000,synthetic_cold_temperate_benchmark
2023-02-02 05:00:00,-3.990816,0.000000,synthetic_cold_temperate_benchmark
2023-02-02 06:00:00,-3.437040,0.000000,synthetic_cold_temperate_benchmark
2023-02-02 07:00:00,-2.758806,3.923795,synthetic_cold_temperate_benchmark
2023-02-02 08:00:00,-2.002335,113.528347,synthetic_cold_temperate_benchmark
2023-02-02 09:00:00,-1.219177,209.648212,synthetic_cold_temperate_benchmark
2023-02-02 10:00:00,-0.462706,280.866447,synthetic_cold_temperate_benchmark
2023-02-02 11:00:00,0.215528,318.723883,synthetic_cold_temperate_benchmark
2023-02-02 12:00:00,0.769304,318.723883,synthetic_cold_temperate_benchmark
2023-02-02 13:00:00,1.160883,280.866447,synthetic_cold_temperate_benchmark
2023-02-02 14:00:00,1.363579,209.648212,synthetic_cold_temperate_benchmark
2023-02-02 15:00:00,1.363579,113.528347,synthetic_cold_temperate_benchmark
2023-02-02 16:00:00,1.160883,3.923795,synthetic_cold_temperate_benchmark
2023-02-02 17:00:00,0.769304,0.000000,synthetic_cold_temperate_benchmark
2023-02-02 18:00:00,0.215528,0.000000,synthetic_cold_temperate_benchmark
2023-02-02 19:00:00,-0.462706,0.000000,synthetic_cold_temperate_benchmark
2023-02-02 20:00:00,-1.219177,0.000000,synthetic_cold_temperate_benchmark
2023-02-02 21:00:00,-2.002335,0.000000,synthetic_cold_temperate_benchmark
2023-02-02 22:00:00,-2.758806,0.000000,synthetic_cold_temperate_benchmark
2023-02-02 23:00:00,-3.437040,0.000000,synthetic_cold_temperate_benchmark
2023-02-03 00:00:00,-3.939320,0.000000,synthetic_cold_temperate_benchmark
2023-02-03 01:00:00,-4.330898,0.000000,synthetic_cold_temperate_benchmark
2023-02-03 02:00:00,-4.533594,0.000000,synthetic_cold_temperate_benchmark
2023-02-03 03:00:00,-4.533594,0.000000,synthetic_cold_temperate_benchmark
2023-02-03 04:00:00,-4.330898,0.000000,synthetic_cold_temperate_benchmark
2023-02-03 05:00:00,-3.939320,0.000000,synthetic_cold_temperate_benchmark
2023-02-03 06:00:00,-3.385544,0.000000,synthetic_cold_temperate_benchmark
2023-02-03 07:00:00,-2.707310,6.606034,synthetic_cold_temperate_benchmark
2023-02-03 08:00:00,-1.950838,116.592318,synthetic_cold_temperate_benchmark
2023-02-03 09:00:00,-1.167681,212.871902,synthetic_cold_temperate_benchmark
2023-02-03 10:00:00,-0.411209,284.126068,synthetic_cold_temperate_benchmark
2023-02-03 11:00:00,0.267025,321.978112,synthetic_cold_temperate_benchmark
2023-02-03 12:00:00,0.820800,321.978112,synthetic_cold_temperate_benchmark
2023-02-03 13:00:00,1.212379,284.126068,synthetic_cold_temperate_benchmark
2023-02-03 14:00:00,1.415075,212.871902,synthetic_cold_temperate_benchmark
2023-02-03 15:00:00,1.415075,116.592318,synthetic_cold_temperate_benchmark
2023-02-03 16:00:00,1.212379,6.606034,synthetic_cold_temperate_benchmark
2023-02-03 17:00:00,0.820800,0.000000,synthetic_cold_temperate_benchmark
2023-02-03 18:00:00,0.267025,0.000000,synthetic_cold_temperate_benchmark
2023-02-03 19:00:00,-0.411209,0.000000,synthetic_cold_temperate_benchmark
2023-02-03 20:00:00,-1.167681,0.000000,synthetic_cold_temperate_benchmark
2023-02-03 21:00:00,-1.950838,0.000000,synthetic_cold_temperate_benchmark
2023-02-03 22:00:00,-2.707310,0.000000,synthetic_cold_temperate_benchmark
2023-02-03 23:00:00,-3.385544,0.000000,synthetic_cold_temperate_benchmark
2023-02-04 00:00:00,-3.884694,0.000000,synthetic_cold_temperate_benchmark
2023-02-04 01:00:00,-4.276273,0.000000,synthetic_cold_temperate_benchmark
2023-02-04 02:00:00,-4.478969,0.000000,synthetic_cold_temperate_benchmark
2023-02-04 03:00:00,-4.478969,0.000000,synthetic_cold_temperate_benchmark
2023-02-04 04:00:00,-4.276273,0.000000,synthetic_cold_temperate_benchmark
2023-02-04 05:00:00,-3.884694,0.000000,synthetic_cold_temperate_benchmark
2023-02-04 06:00:00,-3.330919,0.000000,synthetic_cold_temperate_benchmark
2023-02-04 07:00:00,-2.652685,9.361989,synthetic_cold_temperate_benchmark
2023-02-04 08:00:00,-1.896213,119.725617,synthetic_cold_temperate_benchmark
2023-02-04 09:00:00,-1.113056,216.160276,synthetic_cold_temperate_benchmark
2023-02-04 10:00:00,-0.356584,287.446684,synthetic_cold_temperate_benchmark
2023-02-04 11:00:00,0.321650,325.291324,synthetic_cold_temperate_benchmark
2023-02-04 12:00:00,0.875426,325.291324,synthetic_cold_temperate_benchmark
2023-02-04 13:00:00,1.267004,287.446684,synthetic_cold_temperate_benchmark
2023-02-04 14:00:00,1.469700,216.160276,synthetic_cold_temperate_benchmark
2023-02-04 15:00:00,1.469700,119.725617,synthetic_cold_temperate_benchmark
2023-02-04 16:00:00,1.267004,9.361989,synthetic_cold_temperate_benchmark
2023-02-04 17:00:00,0.875426,0.000000,synthetic_cold_temperate_benchmark
2023-02-04 18:00:00,0.321650,0.000000,synthetic_cold_temperate_benchmark
2023-02-04 19:00:00,-0.356584,0.000000,synthetic_cold_temperate_benchmark
2023-02-04 20:00:00,-1.113056,0.000000,synthetic_cold_temperate_benchmark
2023-02-04 21:00:00,-1.896213,0.000000,synthetic_cold_temperate_benchmark
2023-02-04 22:00:00,-2.652685,0.000000,synthetic_cold_temperate_benchmark
2023-02-04 23:00:00,-3.330919,0.000000,synthetic_cold_temperate_benchmark
2023-02-05 00:00:00,-3.826956,0.000000,synthetic_cold_temperate_benchmark
2023-02-05 01:00:00,-4.218535,0.000000,synthetic_cold_temperate_benchmark
2023-02-05 02:00:00,-4.421231,0.000000,synthetic_cold_temperate_benchmark
2023-02-05 03:00:00,-4.421231,0.000000,synthetic_cold_temperate_benchmark
2023-02-05 04:00:00,-4.218535,0.000000,synthetic_cold_temperate_benchmark
2023-02-05 05:00:00,-3.826956,0.000000,synthetic_cold_temperate_benchmark
2023-02-05 06:00:00,-3.273181,0.000000,synthetic_cold_temperate_benchmark
2023-02-05 07:00:00,-2.594947,12.191587,synthetic_cold_temperate_benchmark
2023-02-05 08:00:00,-1.838475,122.927685,synthetic_cold_temperate_benchmark
2023-02-05 09:00:00,-1.055318,219.512512,synthetic_cold_temperate_benchmark
2023-02-05 10:00:00,-0.298846,290.827355,synthetic_cold_temperate_benchmark
2023-02-05 11:00:00,0.379388,328.662545,synthetic_cold_temperate_benchmark
2023-02-05 12:00:00,0.933164,328.662545,synthetic_cold_temperate_benchmark
2023-02-05 13:00:00,1.324742,290.827355,synthetic_cold_temperate_benchmark
2023-02-05 14:00:00,1.527438,219.512512,synthetic_cold_temperate_benchmark
2023-02-05 15:00:00,1.527438,122.927685,synthetic_cold_temperate_benchmark
2023-02-05 16:00:00,1.324742,12.191587,synthetic_cold_temperate_benchmark
2023-02-05 17:00:00,0.933164,0.000000,synthetic_cold_temperate_benchmark
2023-02-05 18:00:00,0.379388,0.000000,synthetic_cold_temperate_benchmark
2023-02-05 19:00:00,-0.298846,0.000000,synthetic_cold_temperate_benchmark
2023-02-05 20:00:00,-1.055318,0.000000,synthetic_cold_temperate_benchmark
2023-02-05 21:00:00,-1.838475,0.000000,synthetic_cold_temperate_benchmark
2023-02-05 22:00:00,-2.594947,0.000000,synthetic_cold_temperate_benchmark
2023-02-05 23:00:00,-3.273181,0.000000,synthetic_cold_temperate_benchmark
2023-02-06 00:00:00,-3.766123,0.000000,synthetic_cold_temperate_benchmark
2023-02-06 01:00:00,-4.157701,0.000000,synthetic_cold_temperate_benchmark
2023-02-06 02:00:00,-4.360397,0.000000,synthetic_cold_temperate_benchmark
2023-02-06 03:00:00,-4.360397,0.000000,synthetic_cold_temperate_benchmark
2023-02-06 04:00:00,-4.157701,0.000000,synthetic_cold_temperate_benchmark
2023-02-06 05:00:00,-3.766123,0.000000,synthetic_cold_temperate_benchmark
2023-02-06 06:00:00,-3.212347,0.000000,synthetic_cold_temperate_benchmark
2023-02-06 07:00:00,-2.534113,15.094691,synthetic_cold_temperate_benchmark
2023-02-06 08:00:00,-1.777641,126.197912,synthetic_cold_temperate_benchmark
2023-02-06 09:00:00,-0.994484,222.927754,synthetic_cold_temperate_benchmark
2023-02-06 10:00:00,-0.238012,294.267121,synthetic_cold_temperate_benchmark
2023-02-06 11:00:00,0.440222,332.090778,synthetic_cold_temperate_benchmark
2023-02-06 12:00:00,0.993997,332.090778,synthetic_cold_temperate_benchmark
2023-02-06 13:00:00,1.385576,294.267121,synthetic_cold_temperate_benchmark
2023-02-06 14:00:00,1.588272,222.927754,synthetic_cold_temperate_benchmark
2023-02-06 15:00:00,1.588272,126.197912,synthetic_cold_temperate_benchmark
2023-02-06 16:00:00,1.385576,15.094691,synthetic_cold_temperate_benchmark
2023-02-06 17:00:00,0.993997,0.000000,synthetic_cold_temperate_benchmark
2023-02-06 18:00:00,0.440222,0.000000,synthetic_cold_temperate_benchmark
2023-02-06 19:00:00,-0.238012,0.000000,synthetic_cold_temperate_benchmark
2023-02-06 20:00:00,-0.994484,0.000000,synthetic_cold_temperate_benchmark
2023-02-06 21:00:00,-1.777641,0.000000,synthetic_cold_temperate_benchmark
2023-02-06 22:00:00,-2.534113,0.000000,synthetic_cold_temperate_benchmark
2023-02-06 23:00:00,-3.212347,0.000000,synthetic_cold_temperate_benchmark
2023-02-07 00:00:00,-3.702211,0.000000,synthetic_cold_temperate_benchmark
2023-02-07 01:00:00,-4.093790,0.000000,synthetic_cold_temperate_benchmark
2023-02-07 02:00:00,-4.296486,0.000000,synthetic_cold_temperate_benchmark
2023-02-07 03:00:00,-4.296486,0.000000,synthetic_cold_temperate_benchmark
2023-02-07 04:00:00,-4.093790,0.000000,synthetic_cold_temperate_benchmark
2023-02-07 05:00:00,-3.702211,0.000000,synthetic_cold_temperate_benchmark
2023-02-07 06:00:00,-3.148436,0.000000,synthetic_cold_temperate_benchmark
2023-02-07 07:00:00,-2.470202,18.071090,synthetic_cold_temperate_benchmark
2023-02-07 08:00:00,-1.713730,129.535642,synthetic_cold_temperate_benchmark
2023-02-07 09:00:00,-0.930573,226.405113,synthetic_cold_temperate_benchmark
2023-02-07 10:00:00,-0.174101,297.764997,synthetic_cold_temperate_benchmark
2023-02-07 11:00:00,0.504133,335.575010,synthetic_cold_temperate_benchmark
2023-02-07 12:00:00,1.057909,335.575010,synthetic_cold_temperate_benchmark
2023-02-07 13:00:00,1.449487,297.764997,synthetic_cold_temperate_benchmark
2023-02-07 14:00:00,1.652183,226.405113,synthetic_cold_temperate_benchmark
2023-02-07 15:00:00,1.652183,129.535642,synthetic_cold_temperate_benchmark
2023-02-07 16:00:00,1.449487,18.071090,synthetic_cold_temperate_benchmark
2023-02-07 17:00:00,1.057909,0.000000,synthetic_cold_temperate_benchmark
2023-02-07 18:00:00,0.504133,0.000000,synthetic_cold_temperate_benchmark
2023-02-07 19:00:00,-0.174101,0.000000,synthetic_cold_temperate_benchmark
2023-02-07 20:00:00,-0.930573,0.000000,synthetic_cold_temperate_benchmark
2023-02-07 21:00:00,-1.713730,0.000000,synthetic_cold_temperate_benchmark
2023-02-07 22:00:00,-2.470202,0.000000,synthetic_cold_temperate_benchmark
2023-02-07 23:00:00,-3.148436,0.000000,synthetic_cold_temperate_benchmark
2023-02-08 00:00:00,-3.635241,0.000000,synthetic_cold_temperate_benchmark
2023-02-08 01:00:00,-4.026820,0.000000,synthetic_cold_temperate_benchmark
2023-02-08 02:00:00,-4.229516,0.000000,synthetic_cold_temperate_benchmark
2023-02-08 03:00:00,-4.229516,0.000000,synthetic_cold_temperate_benchmark
2023-02-08 04:00:00,-4.026820,0.000000,synthetic_cold_temperate_benchmark
2023-02-08 05:00:00,-3.635241,0.000000,synthetic_cold_temperate_benchmark
2023-02-08 06:00:00,-3.081466,0.000000,synthetic_cold_temperate_benchmark
2023-02-08 07:00:00,-2.403232,21.120502,synthetic_cold_temperate_benchmark
2023-02-08 08:00:00,-1.646760,132.940168,synthetic_cold_temperate_benchmark
2023-02-08 09:00:00,-0.863603,229.943668,synthetic_cold_temperate_benchmark
2023-02-08 10:00:00,-0.107131,301.319977,synthetic_cold_temperate_benchmark
2023-02-08 11:00:00,0.571103,339.114213,synthetic_cold_temperate_benchmark
2023-02-08 12:00:00,1.124879,339.114213,synthetic_cold_temperate_benchmark
2023-02-08 13:00:00,1.516457,301.319977,synthetic_cold_temperate_benchmark
2023-02-08 14:00:00,1.719153,229.943668,synthetic_cold_temperate_benchmark
2023-02-08 15:00:00,1.719153,132.940168,synthetic_cold_temperate_benchmark
2023-02-08 16:00:00,1.516457,21.120502,synthetic_cold_temperate_benchmark
2023-02-08 17:00:00,1.124879,0.000000,synthetic_cold_temperate_benchmark
2023-02-08 18:00:00,0.571103,0.000000,synthetic_cold_temperate_benchmark
2023-02-08 19:00:00,-0.107131,0.000000,synthetic_cold_temperate_benchmark
2023-02-08 20:00:00,-0.863603,0.000000,synthetic_cold_temperate_benchmark
2023-02-08 21:00:00,-1.646760,0.000000,synthetic_cold_temperate_benchmark
2023-02-08 22:00:00,-2.403232,0.000000,synthetic_cold_temperate_benchmark
2023-02-08 23:00:00,-3.081466,0.000000,synthetic_cold_temperate_benchmark
2023-02-09 00:00:00,-3.565233,0.000000,synthetic_cold_temperate_benchmark
2023-02-09 01:00:00,-3.956811,0.000000,synthetic_cold_temperate_benchmark
2023-02-09 02:00:00,-4.159507,0.000000,synthetic_cold_temperate_benchmark
2023-02-09 03:00:00,-4.159507,0.000000,synthetic_cold_temperate_benchmark
2023-02-09 04:00:00,-3.956811,0.000000,synthetic_cold_temperate_benchmark
2023-02-09 05:00:00,-3.565233,0.000000,synthetic_cold_temperate_benchmark
2023-02-09 06:00:00,-3.011457,0.000000,synthetic_cold_temperate_benchmark
2023-02-09 07:00:00,-2.333223,24.242576,synthetic_cold_temperate_benchmark
2023-02-09 08:00:00,-1.576751,136.410735,synthetic_cold_temperate_benchmark
2023-02-09 09:00:00,-0.793594,233.542466,synthetic_cold_temperate_benchmark
2023-02-09 10:00:00,-0.037122,304.931033,synthetic_cold_temperate_benchmark
2023-02-09 11:00:00,0.641112,342.707339,synthetic_cold_temperate_benchmark
2023-02-09 12:00:00,1.194887,342.707339,synthetic_cold_temperate_benchmark
2023-02-09 13:00:00,1.586466,304.931033,synthetic_cold_temperate_benchmark
2023-02-09 14:00:00,1.789162,233.542466,synthetic_cold_temperate_benchmark
2023-02-09 15:00:00,1.789162,136.410735,synthetic_cold_temperate_benchmark
2023-02-09 16:00:00,1.586466,24.242576,synthetic_cold_temperate_benchmark
2023-02-09 17:00:00,1.194887,0.000000,synthetic_cold_temperate_benchmark
2023-02-09 18:00:00,0.641112,0.000000,synthetic_cold_temperate_benchmark
2023-02-09 19:00:00,-0.037122,0.000000,synthetic_cold_temperate_benchmark
2023-02-09 20:00:00,-0.793594,0.000000,synthetic_cold_temperate_benchmark
2023-02-09 21:00:00,-1.576751,0.000000,synthetic_cold_temperate_benchmark
2023-02-09 22:00:00,-2.333223,0.000000,synthetic_cold_temperate_benchmark
2023-02-09 23:00:00,-3.011457,0.000000,synthetic_cold_temperate_benchmark
2023-02-10 00:00:00,-3.492206,0.000000,synthetic_cold_temperate_benchmark
2023-02-10 01:00:00,-3.883784,0.000000,synthetic_cold_temperate_benchmark
2023-02-10 02:00:00,-4.086480,0.000000,synthetic_cold_temperate_benchmark
2023-02-10 03:00:00,-4.086480,0.000000,synthetic_cold_temperate_benchmark
2023-02-10 04:00:00,-3.883784,0.000000,synthetic_cold_temperate_benchmark
2023-02-10 05:00:00,-3.492206,0.000000,synthetic_cold_temperate_benchmark
2023-02-10 06:00:00,-2.938430,0.000000,synthetic_cold_temperate_benchmark
2023-02-10 07:00:00,-2.260196,27.436891,synthetic_cold_temperate_benchmark
2023-02-10 08:00:00,-1.503724,139.946540,synthetic_cold_temperate_benchmark
2023-02-10 09:00:00,-0.720567,237.200523,synthetic_cold_temperate_benchmark
2023-02-10 10:00:00,0.035905,308.597115,synthetic_cold_temperate_benchmark
2023-02-10 11:00:00,0.714139,346.353326,synthetic_cold_temperate_benchmark
2023-02-10 12:00:00,1.267914,346.353326,synthetic_cold_temperate_benchmark
2023-02-10 13:00:00,1.659493,308.597115,synthetic_cold_temperate_benchmark
2023-02-10 14:00:00,1.862189,237.200523,synthetic_cold_temperate_benchmark
2023-02-10 15:00:00,1.862189,139.946540,synthetic_cold_temperate_benchmark
2023-02-10 16:00:00,1.659493,27.436891,synthetic_cold_temperate_benchmark
2023-02-10 17:00:00,1.267914,0.000000,synthetic_cold_temperate_benchmark
2023-02-10 18:00:00,0.714139,0.000000,synthetic_cold_temperate_benchmark
2023-02-10 19:00:00,0.035905,0.000000,synthetic_cold_temperate_benchmark
2023-02-10 20:00:00,-0.720567,0.000000,synthetic_cold_temperate_benchmark
2023-02-10 21:00:00,-1.503724,0.000000,synthetic_cold_temperate_benchmark
2023-02-10 22:00:00,-2.260196,0.000000,synthetic_cold_temperate_benchmark
2023-02-10 23:00:00,-2.938430,0.000000,synthetic_cold_temperate_benchmark
2023-02-11 00:00:00,-3.416182,0.000000,synthetic_cold_temperate_benchmark
2023-02-11 01:00:00,-3.807761,0.000000,synthetic_cold_temperate_benchmark
2023-02-11 02:00:00,-4.010457,0.000000,synthetic_cold_temperate_benchmark
2023-02-11 03:00:00,-4.010457,0.000000,synthetic_cold_temperate_benchmark
2023-02-11 04:00:00,-3.807761,0.000000,synthetic_cold_temperate_benchmark
2023-02-11 05:00:00,-3.416182,0.000000,synthetic_cold_temperate_benchmark
2023-02-11 06:00:00,-2.862407,0.000000,synthetic_cold_temperate_benchmark
2023-02-11 07:00:00,-2.184173,30.702952,synthetic_cold_temperate_benchmark
2023-02-11 08:00:00,-1.427701,143.546735,synthetic_cold_temperate_benchmark
2023-02-11 09:00:00,-0.644544,240.916822,synthetic_cold_temperate_benchmark
2023-02-11 10:00:00,0.111928,312.317155,synthetic_cold_temperate_benchmark
2023-02-11 11:00:00,0.790162,350.051096,synthetic_cold_temperate_benchmark
2023-02-11 12:00:00,1.343938,350.051096,synthetic_cold_temperate_benchmark
2023-02-11 13:00:00,1.735516,312.317155,synthetic_cold_temperate_benchmark
2023-02-11 14:00:00,1.938212,240.916822,synthetic_cold_temperate_benchmark
2023-02-11 15:00:00,1.938212,143.546735,synthetic_cold_temperate_benchmark
2023-02-11 16:00:00,1.735516,30.702952,synthetic_cold_temperate_benchmark
2023-02-11 17:00:00,1.343938,0.000000,synthetic_cold_temperate_benchmark
2023-02-11 18:00:00,0.790162,0.000000,synthetic_cold_temperate_benchmark
2023-02-11 19:00:00,0.111928,0.000000,synthetic_cold_temperate_benchmark
2023-02-11 20:00:00,-0.644544,0.000000,synthetic_cold_temperate_benchmark
2023-02-11 21:00:00,-1.427701,0.000000,synthetic_cold_temperate_benchmark
2023-02-11 22:00:00,-2.184173,0.000000,synthetic_cold_temperate_benchmark
2023-02-11 23:00:00,-2.862407,0.000000,synthetic_cold_temperate_benchmark
2023-02-12 00:00:00,-3.337185,0.000000,synthetic_cold_temperate_benchmark
2023-02-12 01:00:00,-3.728764,0.000000,synthetic_cold_temperate_benchmark
2023-02-12 02:00:00,-3.931460,0.000000,synthetic_cold_temperate_benchmark
2023-02-12 03:00:00,-3.931460,0.000000,synthetic_cold_temperate_benchmark
2023-02-12 04:00:00,-3.728764,0.000000,synthetic_cold_temperate_benchmark
2023-02-12 05:00:00,-3.337185,0.000000,synthetic_cold_temperate_benchmark
2023-02-12 06:00:00,-2.783409,0.000000,synthetic_cold_temperate_benchmark
2023-02-12 07:00:00,-2.105175,34.040199,synthetic_cold_temperate_benchmark
2023-02-12 08:00:00,-1.348704,147.210422,synthetic_cold_temperate_benchmark
2023-02-12 09:00:00,-0.565547,244.690319,synthetic_cold_temperate_benchmark
2023-02-12 10:00:00,0.190925,316.090061,synthetic_cold_temperate_benchmark
2023-02-12 11:00:00,0.869159,353.799552,synthetic_cold_temperate_benchmark
2023-02-12 12:00:00,1.422935,353.799552,synthetic_cold_temperate_benchmark
2023-02-12 13:00:00,1.814514,316.090061,synthetic_cold_temperate_benchmark
2023-02-12 14:00:00,2.017209,244.690319,synthetic_cold_temperate_benchmark
2023-02-12 15:00:00,2.017209,147.210422,synthetic_cold_temperate_benchmark
2023-02-12 16:00:00,1.814514,34.040199,synthetic_cold_temperate_benchmark
2023-02-12 17:00:00,1.422935,0.000000,synthetic_cold_temperate_benchmark
2023-02-12 18:00:00,0.869159,0.000000,synthetic_cold_temperate_benchmark
2023-02-12 19:00:00,0.190925,0.000000,synthetic_cold_temperate_benchmark
2023-02-12 20:00:00,-0.565547,0.000000,synthetic_cold_temperate_benchmark
2023-02-12 21:00:00,-1.348704,0.000000,synthetic_cold_temperate_benchmark
2023-02-12 22:00:00,-2.105175,0.000000,synthetic_cold_temperate_benchmark
2023-02-12 23:00:00,-2.783409,0.000000,synthetic_cold_temperate_benchmark
2023-02-13 00:00:00,-3.255237,0.000000,synthetic_cold_temperate_benchmark
2023-02-13 01:00:00,-3.646816,0.000000,synthetic_cold_temperate_benchmark
2023-02-13 02:00:00,-3.849512,0.000000,synthetic_cold_temperate_benchmark
2023-02-13 03:00:00,-3.849512,0.000000,synthetic_cold_temperate_benchmark
2023-02-13 04:00:00,-3.646816,0.000000,synthetic_cold_temperate_benchmark
2023-02-13 05:00:00,-3.255237,0.000000,synthetic_cold_temperate_benchmark
2023-02-13 06:00:00,-2.701462,0.000000,synthetic_cold_temperate_benchmark
2023-02-13 07:00:00,-2.023228,37.448000,synthetic_cold_temperate_benchmark
2023-02-13 08:00:00,-1.266756,150.936659,synthetic_cold_temperate_benchmark
2023-02-13 09:00:00,-0.483599,248.519938,synthetic_cold_temperate_benchmark
2023-02-13 10:00:00,0.272873,319.914723,synthetic_cold_temperate_benchmark
2023-02-13 11:00:00,0.951107,357.597585,synthetic_cold_temperate_benchmark
2023-02-13 12:00:00,1.504883,357.597585,synthetic_cold_temperate_benchmark
2023-02-13 13:00:00,1.896461,319.914723,synthetic_cold_temperate_benchmark
2023-02-13 14:00:00,2.099157,248.519938,synthetic_cold_temperate_benchmark
2023-02-13 15:00:00,2.099157,150.936659,synthetic_cold_temperate_benchmark
2023-02-13 16:00:00,1.896461,37.448000,synthetic_cold_temperate_benchmark
2023-02-13 17:00:00,1.504883,0.000000,synthetic_cold_temperate_benchmark
2023-02-13 18:00:00,0.951107,0.000000,synthetic_cold_temperate_benchmark
2023-02-13 19:00:00,0.272873,0.000000,synthetic_cold_temperate_benchmark
2023-02-13 20:00:00,-0.483599,0.000000,synthetic_cold_temperate_benchmark
2023-02-13 21:00:00,-1.266756,0.000000,synthetic_cold_temperate_benchmark
2023-02-13 22:00:00,-2.023228,0.000000,synthetic_cold_temperate_benchmark
2023-02-13 23:00:00,-2.701462,0.000000,synthetic_cold_temperate_benchmark
2023-02-14 00:00:00,-3.170363,0.000000,synthetic_cold_temperate_benchmark
2023-02-14 01:00:00,-3.561942,0.000000,synthetic_cold_temperate_benchmark
2023-02-14 02:00:00,-3.764638,0.000000,synthetic_cold_temperate_benchmark
2023-02-14 03:00:00,-3.764638,0.000000,synthetic_cold_temperate_benchmark
2023-02-14 04:00:00,-3.561942,0.000000,synthetic_cold_temperate_benchmark
2023-02-14 05:00:00,-3.170363,0.000000,synthetic_cold_temperate_benchmark
2023-02-14 06:00:00,-2.616588,0.000000,synthetic_cold_temperate_benchmark
2023-02-14 07:00:00,-1.938354,40.925655,synthetic_cold_temperate_benchmark
2023-02-14 08:00:00,-1.181882,154.724458,synthetic_cold_temperate_benchmark
2023-02-14 09:00:00,-0.398725,252.404575,synthetic_cold_temperate_benchmark
2023-02-14 10:00:00,0.357747,323.790012,synthetic_cold_temperate_benchmark
2023-02-14 11:00:00,1.035981,361.444069,synthetic_cold_temperate_benchmark
2023-02-14 12:00:00,1.589757,361.444069,synthetic_cold_temperate_benchmark
2023-02-14 13:00:00,1.981335,323.790012,synthetic_cold_temperate_benchmark
2023-02-14 14:00:00,2.184031,252.404575,synthetic_cold_temperate_benchmark
2023-02-14 15:00:00,2.184031,154.724458,synthetic_cold_temperate_benchmark
2023-02-14 16:00:00,1.981335,40.925655,synthetic_cold_temperate_benchmark
2023-02-14 17:00:00,1.589757,0.000000,synthetic_cold_temperate_benchmark
2023-02-14 18:00:00,1.035981,0.000000,synthetic_cold_temperate_benchmark
2023-02-14 19:00:00,0.357747,0.000000,synthetic_cold_temperate_benchmark
2023-02-14 20:00:00,-0.398725,0.000000,synthetic_cold_temperate_benchmark
2023-02-14 21:00:00,-1.181882,0.000000,synthetic_cold_temperate_benchmark
2023-02-14 22:00:00,-1.938354,0.000000,synthetic_cold_temperate_benchmark
2023-02-14 23:00:00,-2.616588,0.000000,synthetic_cold_temperate_benchmark
2023-02-15 00:00:00,-3.082588,0.000000,synthetic_cold_temperate_benchmark
2023-02-15 01:00:00,-3.474167,0.000000,synthetic_cold_temperate_benchmark
2023-02-15 02:00:00,-3.676863,0.000000,synthetic_cold_temperate_benchmark
2023-02-15 03:00:00,-3.676863,0.000000,synthetic_cold_temperate_benchmark
2023-02-15 04:00:00,-3.474167,0.000000,synthetic_cold_temperate_benchmark
2023-02-15 05:00:00,-3.082588,0.000000,synthetic_cold_temperate_benchmark
2023-02-15 06:00:00,-2.528813,0.000000,synthetic_cold_temperate_benchmark
2023-02-15 07:00:00,-1.850579,44.472398,synthetic_cold_temperate_benchmark
2023-02-15 08:00:00,-1.094107,158.572789,synthetic_cold_temperate_benchmark
2023-02-15 09:00:00,-0.310950,256.343098,synthetic_cold_temperate_benchmark
2023-02-15 10:00:00,0.445522,327.714780,synthetic_cold_temperate_benchmark
2023-02-15 11:00:00,1.123756,365.337864,synthetic_cold_temperate_benchmark
2023-02-15 12:00:00,1.677532,365.337864,synthetic_cold_temperate_benchmark
2023-02-15 13:00:00,2.069110,327.714780,synthetic_cold_temperate_benchmark
2023-02-15 14:00:00,2.271806,256.343098,synthetic_cold_temperate_benchmark
2023-02-15 15:00:00,2.271806,158.572789,synthetic_cold_temperate_benchmark
2023-02-15 16:00:00,2.069110,44.472398,synthetic_cold_temperate_benchmark
2023-02-15 17:00:00,1.677532,0.000000,synthetic_cold_temperate_benchmark
2023-02-15 18:00:00,1.123756,0.000000,synthetic_cold_temperate_benchmark
2023-02-15 19:00:00,0.445522,0.000000,synthetic_cold_temperate_benchmark
2023-02-15 20:00:00,-0.310950,0.000000,synthetic_cold_temperate_benchmark
2023-02-15 21:00:00,-1.094107,0.000000,synthetic_cold_temperate_benchmark
2023-02-15 22:00:00,-1.850579,0.000000,synthetic_cold_temperate_benchmark
2023-02-15 23:00:00,-2.528813,0.000000,synthetic_cold_temperate_benchmark
2023-02-16 00:00:00,-2.991938,0.000000,synthetic_cold_temperate_benchmark
2023-02-16 01:00:00,-3.383517,0.000000,synthetic_cold_temperate_benchmark
2023-02-16 02:00:00,-3.586213,0.000000,synthetic_cold_temperate_benchmark
2023-02-16 03:00:00,-3.586213,0.000000,synthetic_cold_temperate_benchmark
2023-02-16 04:00:00,-3.383517,0.000000,synthetic_cold_temperate_benchmark
2023-02-16 05:00:00,-2.991938,0.000000,synthetic_cold_temperate_benchmark
2023-02-16 06:00:00,-2.438162,0.000000,synthetic_cold_temperate_benchmark
2023-02-16 07:00:00,-1.759928,48.087397,synthetic_cold_temperate_benchmark
2023-02-16 08:00:00,-1.003457,162.480577,synthetic_cold_temperate_benchmark
2023-02-16 09:00:00,-0.220300,260.334346,synthetic_cold_temperate_benchmark
2023-02-16 10:00:00,0.536172,331.687859,synthetic_cold_temperate_benchmark
2023-02-16 11:00:00,1.214406,369.277815,synthetic_cold_temperate_benchmark
2023-02-16 12:00:00,1.768182,369.277815,synthetic_cold_temperate_benchmark
2023-02-16 13:00:00,2.159760,331.687859,synthetic_cold_temperate_benchmark
2023-02-16 14:00:00,2.362456,260.334346,synthetic_cold_temperate_benchmark
2023-02-16 15:00:00,2.362456,162.480577,synthetic_cold_temperate_benchmark
2023-02-16 16:00:00,2.159760,48.087397,synthetic_cold_temperate_benchmark
2023-02-16 17:00:00,1.768182,0.000000,synthetic_cold_temperate_benchmark
2023-02-16 18:00:00,1.214406,0.000000,synthetic_cold_temperate_benchmark
2023-02-16 19:00:00,0.536172,0.000000,synthetic_cold_temperate_benchmark
2023-02-16 20:00:00,-0.220300,0.000000,synthetic_cold_temperate_benchmark
2023-02-16 21:00:00,-1.003457,0.000000,synthetic_cold_temperate_benchmark
2023-02-16 22:00:00,-1.759928,0.000000,synthetic_cold_temperate_benchmark
2023-02-16 23:00:00,-2.438162,0.000000,synthetic_cold_temperate_benchmark
2023-02-17 00:00:00,-2.898440,0.000000,synthetic_cold_temperate_benchmark
2023-02-17 01:00:00,-3.290018,0.000000,synthetic_cold_temperate_benchmark
2023-02-17 02:00:00,-3.492714,0.000000,synthetic_cold_temperate_benchmark
2023-02-17 03:00:00,-3.492714,0.000000,synthetic_cold_temperate_benchmark
2023-02-17 04:00:00,-3.290018,0.000000,synthetic_cold_temperate_benchmark
2023-02-17 05:00:00,-2.898440,0.000000,synthetic_cold_temperate_benchmark
2023-02-17 06:00:00,-2.344664,0.000000,synthetic_cold_temperate_benchmark
2023-02-17 07:00:00,-1.666430,51.769753,synthetic_cold_temperate_benchmark
2023-02-17 08:00:00,-0.909958,166.446707,synthetic_cold_temperate_benchmark
2023-02-17 09:00:00,-0.126801,264.377134,synthetic_cold_temperate_benchmark
2023-02-17 10:00:00,0.629670,335.708064,synthetic_cold_temperate_benchmark
2023-02-17 11:00:00,1.307904,373.262755,synthetic_cold_temperate_benchmark
2023-02-17 12:00:00,1.861680,373.262755,synthetic_cold_temperate_benchmark
2023-02-17 13:00:00,2.253259,335.708064,synthetic_cold_temperate_benchmark
2023-02-17 14:00:00,2.455955,264.377134,synthetic_cold_temperate_benchmark
2023-02-17 15:00:00,2.455955,166.446707,synthetic_cold_temperate_benchmark
2023-02-17 16:00:00,2.253259,51.769753,synthetic_cold_temperate_benchmark
2023-02-17 17:00:00,1.861680,0.000000,synthetic_cold_temperate_benchmark
2023-02-17 18:00:00,1.307904,0.000000,synthetic_cold_temperate_benchmark
2023-02-17 19:00:00,0.629670,0.000000,synthetic_cold_temperate_benchmark
2023-02-17 20:00:00,-0.126801,0.000000,synthetic_cold_temperate_benchmark
2023-02-17 21:00:00,-0.909958,0.000000,synthetic_cold_temperate_benchmark
2023-02-17 22:00:00,-1.666430,0.000000,synthetic_cold_temperate_benchmark
2023-02-17 23:00:00,-2.344664,0.000000,synthetic_cold_temperate_benchmark
2023-02-18 00:00:00,-2.802121,0.000000,synthetic_cold_temperate_benchmark
2023-02-18 01:00:00,-3.193700,0.000000,synthetic_cold_temperate_benchmark
2023-02-18 02:00:00,-3.396396,0.000000,synthetic_cold_temperate_benchmark
2023-02-18 03:00:00,-3.396396,0.000000,synthetic_cold_temperate_benchmark
2023-02-18 04:00:00,-3.193700,0.000000,synthetic_cold_temperate_benchmark
2023-02-18 05:00:00,-2.802121,0.000000,synthetic_cold_temperate_benchmark
2023-02-18 06:00:00,-2.248345,0.000000,synthetic_cold_temperate_benchmark
2023-02-18 07:00:00,-1.570111,55.518507,synthetic_cold_temperate_benchmark
2023-02-18 08:00:00,-0.813640,170.470020,synthetic_cold_temperate_benchmark
2023-02-18 09:00:00,-0.030482,268.470248,synthetic_cold_temperate_benchmark
2023-02-18 10:00:00,0.725989,339.774194,synthetic_cold_temperate_benchmark
2023-02-18 11:00:00,1.404223,377.291499,synthetic_cold_temperate_benchmark
2023-02-18 12:00:00,1.957999,377.291499,synthetic_cold_temperate_benchmark
2023-02-18 13:00:00,2.349578,339.774194,synthetic_cold_temperate_benchmark
2023-02-18 14:00:00,2.552274,268.470248,synthetic_cold_temperate_benchmark
2023-02-18 15:00:00,2.552274,170.470020,synthetic_cold_temperate_benchmark
2023-02-18 16:00:00,2.349578,55.518507,synthetic_cold_temperate_benchmark
2023-02-18 17:00:00,1.957999,0.000000,synthetic_cold_temperate_benchmark
2023-02-18 18:00:00,1.404223,0.000000,synthetic_cold_temperate_benchmark
2023-02-18 19:00:00,0.725989,0.000000,synthetic_cold_temperate_benchmark
2023-02-18 20:00:00,-0.030482,0.000000,synthetic_cold_temperate_benchmark
2023-02-18 21:00:00,-0.813640,0.000000,synthetic_cold_temperate_benchmark
2023-02-18 22:00:00,-1.570111,0.000000,synthetic_cold_temperate_benchmark
2023-02-18 23:00:00,-2.248345,0.000000,synthetic_cold_temperate_benchmark
2023-02-19 00:00:00,-2.703010,0.000000,synthetic_cold_temperate_benchmark
2023-02-19 01:00:00,-3.094589,0.000000,synthetic_cold_temperate_benchmark
2023-02-19 02:00:00,-3.297285,0.000000,synthetic_cold_temperate_benchmark
2023-02-19 03:00:00,-3.297285,0.000000,synthetic_cold_temperate_benchmark
2023-02-19 04:00:00,-3.094589,0.000000,synthetic_cold_temperate_benchmark
2023-02-19 05:00:00,-2.703010,0.000000,synthetic_cold_temperate_benchmark
2023-02-19 06:00:00,-2.149234,0.000000,synthetic_cold_temperate_benchmark
2023-02-19 07:00:00,-1.471000,59.332636,synthetic_cold_temperate_benchmark
2023-02-19 08:00:00,-0.714529,174.549322,synthetic_cold_temperate_benchmark
2023-02-19 09:00:00,0.068628,272.612452,synthetic_cold_temperate_benchmark
2023-02-19 10:00:00,0.825100,343.885029,synthetic_cold_temperate_benchmark
2023-02-19 11:00:00,1.503334,381.362854,synthetic_cold_temperate_benchmark
2023-02-19 12:00:00,2.057110,381.362854,synthetic_cold_temperate_benchmark
2023-02-19 13:00:00,2.448688,343.885029,synthetic_cold_temperate_benchmark
2023-02-19 14:00:00,2.651384,272.612452,synthetic_cold_temperate_benchmark
2023-02-19 15:00:00,2.651384,174.549322,synthetic_cold_temperate_benchmark
2023-02-19 16:00:00,2.448688,59.332636,synthetic_cold_temperate_benchmark
2023-02-19 17:00:00,2.057110,0.000000,synthetic_cold_temperate_benchmark
2023-02-19 18:00:00,1.503334,0.000000,synthetic_cold_temperate_benchmark
2023-02-19 19:00:00,0.825100,0.000000,synthetic_cold_temperate_benchmark
2023-02-19 20:00:00,0.068628,0.000000,synthetic_cold_temperate_benchmark
2023-02-19 21:00:00,-0.714529,0.000000,synthetic_cold_temperate_benchmark
2023-02-19 22:00:00,-1.471000,0.000000,synthetic_cold_temperate_benchmark
2023-02-19 23:00:00,-2.149234,0.000000,synthetic_cold_temperate_benchmark
2023-02-20 00:00:00,-2.601137,0.000000,synthetic_cold_temperate_benchmark
2023-02-20 01:00:00,-2.992715,0.000000,synthetic_cold_temperate_benchmark
2023-02-20 02:00:00,-3.195411,0.000000,synthetic_cold_temperate_benchmark
2023-02-20 03:00:00,-3.195411,0.000000,synthetic_cold_temperate_benchmark
2023-02-20 04:00:00,-2.992715,0.000000,synthetic_cold_temperate_benchmark
2023-02-20 05:00:00,-2.601137,0.000000,synthetic_cold_temperate_benchmark
2023-02-20 06:00:00,-2.047361,0.000000,synthetic_cold_temperate_benchmark
2023-02-20 07:00:00,-1.369127,63.211059,synthetic_cold_temperate_benchmark
2023-02-20 08:00:00,-0.612655,178.683377,synthetic_cold_temperate_benchmark
2023-02-20 09:00:00,0.170502,276.802483,synthetic_cold_temperate_benchmark
2023-02-20 10:00:00,0.926974,348.039333,synthetic_cold_temperate_benchmark
2023-02-20 11:00:00,1.605208,385.475609,synthetic_cold_temperate_benchmark
2023-02-20 12:00:00,2.158983,385.475609,synthetic_cold_temperate_benchmark
2023-02-20 13:00:00,2.550562,348.039333,synthetic_cold_temperate_benchmark
2023-02-20 14:00:00,2.753258,276.802483,synthetic_cold_temperate_benchmark
2023-02-20 15:00:00,2.753258,178.683377,synthetic_cold_temperate_benchmark
2023-02-20 16:00:00,2.550562,63.211059,synthetic_cold_temperate_benchmark
2023-02-20 17:00:00,2.158983,0.000000,synthetic_cold_temperate_benchmark
2023-02-20 18:00:00,1.605208,0.000000,synthetic_cold_temperate_benchmark
2023-02-20 19:00:00,0.926974,0.000000,synthetic_cold_temperate_benchmark
2023-02-20 20:00:00,0.170502,0.000000,synthetic_cold_temperate_benchmark
2023-02-20 21:00:00,-0.612655,0.000000,synthetic_cold_temperate_benchmark
2023-02-20 22:00:00,-1.369127,0.000000,synthetic_cold_temperate_benchmark
2023-02-20 23:00:00,-2.047361,0.000000,synthetic_cold_temperate_benchmark
2023-02-21 00:00:00,-2.496531,0.000000,synthetic_cold_temperate_benchmark
2023-02-21 01:00:00,-2.888110,0.000000,synthetic_cold_temperate_benchmark
2023-02-21 02:00:00,-3.090806,0.000000,synthetic_cold_temperate_benchmark
2023-02-21 03:00:00,-3.090806,0.000000,synthetic_cold_temperate_benchmark
2023-02-21 04:00:00,-2.888110,0.000000,synthetic_cold_temperate_benchmark
2023-02-21 05:00:00,-2.496531,0.000000,synthetic_cold_temperate_benchmark
2023-02-21 06:00:00,-1.942755,0.000000,synthetic_cold_temperate_benchmark
2023-02-21 07:00:00,-1.264521,67.152634,synthetic_cold_temperate_benchmark
2023-02-21 08:00:00,-0.508050,182.870915,synthetic_cold_temperate_benchmark
2023-02-21 09:00:00,0.275108,281.039058,synthetic_cold_temperate_benchmark
2023-02-21 10:00:00,1.031579,352.235855,synthetic_cold_temperate_benchmark
2023-02-21 11:00:00,1.709813,389.628544,synthetic_cold_temperate_benchmark
2023-02-21 12:00:00,2.263589,389.628544,synthetic_cold_temperate_benchmark
2023-02-21 13:00:00,2.655168,352.235855,synthetic_cold_temperate_benchmark
2023-02-21 14:00:00,2.857864,281.039058,synthetic_cold_temperate_benchmark
2023-02-21 15:00:00,2.857864,182.870915,synthetic_cold_temperate_benchmark
2023-02-21 16:00:00,2.655168,67.152634,synthetic_cold_temperate_benchmark
2023-02-21 17:00:00,2.263589,0.000000,synthetic_cold_temperate_benchmark
2023-02-21 18:00:00,1.709813,0.000000,synthetic_cold_temperate_benchmark
2023-02-21 19:00:00,1.031579,0.000000,synthetic_cold_temperate_benchmark
2023-02-21 20:00:00,0.275108,0.000000,synthetic_cold_temperate_benchmark
2023-02-21 21:00:00,-0.508050,0.000000,synthetic_cold_temperate_benchmark
2023-02-21 22:00:00,-1.264521,0.000000,synthetic_cold_temperate_benchmark
2023-02-21 23:00:00,-1.942755,0.000000,synthetic_cold_temperate_benchmark
2023-02-22 00:00:00,-2.389224,0.000000,synthetic_cold_temperate_benchmark
2023-02-22 01:00:00,-2.780802,0.000000,synthetic_cold_temperate_benchmark
2023-02-22 02:00:00,-2.983498,0.000000,synthetic_cold_temperate_benchmark
2023-02-22 03:00:00,-2.983498,0.000000,synthetic_cold_temperate_benchmark
2023-02-22 04:00:00,-2.780802,0.000000,synthetic_cold_temperate_benchmark
2023-02-22 05:00:00,-2.389224,0.000000,synthetic_cold_temperate_benchmark
2023-02-22 06:00:00,-1.835448,0.000000,synthetic_cold_temperate_benchmark
2023-02-22 07:00:00,-1.157214,71.156164,synthetic_cold_temperate_benchmark
2023-02-22 08:00:00,-0.400742,187.110629,synthetic_cold_temperate_benchmark
2023-02-22 09:00:00,0.382415,285.320869,synthetic_cold_temperate_benchmark
2023-02-22 10:00:00,1.138887,356.473330,synthetic_cold_temperate_benchmark
2023-02-22 11:00:00,1.817121,393.820426,synthetic_cold_temperate_benchmark
2023-02-22 12:00:00,2.370896,393.820426,synthetic_cold_temperate_benchmark
2023-02-22 13:00:00,2.762475,356.473330,synthetic_cold_temperate_benchmark
2023-02-22 14:00:00,2.965171,285.320869,synthetic_cold_temperate_benchmark
2023-02-22 15:00:00,2.965171,187.110629,synthetic_cold_temperate_benchmark
2023-02-22 16:00:00,2.762475,71.156164,synthetic_cold_temperate_benchmark
2023-02-22 17:00:00,2.370896,0.000000,synthetic_cold_temperate_benchmark
2023-02-22 18:00:00,1.817121,0.000000,synthetic_cold_temperate_benchmark
2023-02-22 19:00:00,1.138887,0.000000,synthetic_cold_temperate_benchmark
2023-02-22 20:00:00,0.382415,0.000000,synthetic_cold_temperate_benchmark
2023-02-22 21:00:00,-0.400742,0.000000,synthetic_cold_temperate_benchmark
2023-02-22 22:00:00,-1.157214,0.000000,synthetic_cold_temperate_benchmark
2023-02-22 23:00:00,-1.835448,0.000000,synthetic_cold_temperate_benchmark
2023-02-23 00:00:00,-2.279247,0.000000,synthetic_cold_temperate_benchmark
2023-02-23 01:00:00,-2.670826,0.000000,synthetic_cold_temperate_benchmark
2023-02-23 02:00:00,-2.873522,0.000000,synthetic_cold_temperate_benchmark
2023-02-23 03:00:00,-2.873522,0.000000,synthetic_cold_temperate_benchmark
2023-02-23 04:00:00,-2.670826,0.000000,synthetic_cold_temperate_benchmark
2023-02-23 05:00:00,-2.279247,0.000000,synthetic_cold_temperate_benchmark
2023-02-23 06:00:00,-1.725471,0.000000,synthetic_cold_temperate_benchmark
2023-02-23 07:00:00,-1.047237,75.220398,synthetic_cold_temperate_benchmark
2023-02-23 08:00:00,-0.290766,191.401178,synthetic_cold_temperate_benchmark
2023-02-23 09:00:00,0.492392,289.646587,synthetic_cold_temperate_benchmark
2023-02-23 10:00:00,1.248863,360.750476,synthetic_cold_temperate_benchmark
2023-02-23 11:00:00,1.927097,398.050009,synthetic_cold_temperate_benchmark
2023-02-23 12:00:00,2.480873,398.050009,synthetic_cold_temperate_benchmark
2023-02-23 13:00:00,2.872452,360.750476,synthetic_cold_temperate_benchmark
2023-02-23 14:00:00,3.075148,289.646587,synthetic_cold_temperate_benchmark
2023-02-23 15:00:00,3.075148,191.401178,synthetic_cold_temperate_benchmark
2023-02-23 16:00:00,2.872452,75.220398,synthetic_cold_temperate_benchmark
2023-02-23 17:00:00,2.480873,0.000000,synthetic_cold_temperate_benchmark
2023-02-23 18:00:00,1.927097,0.000000,synthetic_cold_temperate_benchmark
2023-02-23 19:00:00,1.248863,0.000000,synthetic_cold_temperate_benchmark
2023-02-23 20:00:00,0.492392,0.000000,synthetic_cold_temperate_benchmark
2023-02-23 21:00:00,-0.290766,0.000000,synthetic_cold_temperate_benchmark
2023-02-23 22:00:00,-1.047237,0.000000,synthetic_cold_temperate_benchmark
2023-02-23 23:00:00,-1.725471,0.000000,synthetic_cold_temperate_benchmark
2023-02-24 00:00:00,-2.166633,0.000000,synthetic_cold_temperate_benchmark
2023-02-24 01:00:00,-2.558212,0.000000,synthetic_cold_temperate_benchmark
2023-02-24 02:00:00,-2.760908,0.000000,synthetic_cold_temperate_benchmark
2023-02-24 03:00:00,-2.760908,0.000000,synthetic_cold_temperate_benchmark
2023-02-24 04:00:00,-2.558212,0.000000,synthetic_cold_temperate_benchmark
2023-02-24 05:00:00,-2.166633,0.000000,synthetic_cold_temperate_benchmark
2023-02-24 06:00:00,-1.612857,0.000000,synthetic_cold_temperate_benchmark
2023-02-24 07:00:00,-0.934623,79.344032,synthetic_cold_temperate_benchmark
2023-02-24 08:00:00,-0.178152,195.741188,synthetic_cold_temperate_benchmark
2023-02-24 09:00:00,0.605005,294.014863,synthetic_cold_temperate_benchmark
2023-02-24 10:00:00,1.361477,365.065997,synthetic_cold_temperate_benchmark
2023-02-24 11:00:00,2.039711,402.316036,synthetic_cold_temperate_benchmark
2023-02-24 12:00:00,2.593487,402.316036,synthetic_cold_temperate_benchmark
2023-02-24 13:00:00,2.985065,365.065997,synthetic_cold_temperate_benchmark
2023-02-24 14:00:00,3.187761,294.014863,synthetic_cold_temperate_benchmark
2023-02-24 15:00:00,3.187761,195.741188,synthetic_cold_temperate_benchmark
2023-02-24 16:00:00,2.985065,79.344032,synthetic_cold_temperate_benchmark
2023-02-24 17:00:00,2.593487,0.000000,synthetic_cold_temperate_benchmark
2023-02-24 18:00:00,2.039711,0.000000,synthetic_cold_temperate_benchmark
2023-02-24 19:00:00,1.361477,0.000000,synthetic_cold_temperate_benchmark
2023-02-24 20:00:00,0.605005,0.000000,synthetic_cold_temperate_benchmark
2023-02-24 21:00:00,-0.178152,0.000000,synthetic_cold_temperate_benchmark
2023-02-24 22:00:00,-0.934623,0.000000,synthetic_cold_temperate_benchmark
2023-02-24 23:00:00,-1.612857,0.000000,synthetic_cold_temperate_benchmark
2023-02-25 00:00:00,-2.051416,0.000000,synthetic_cold_temperate_benchmark
2023-02-25 01:00:00,-2.442994,0.000000,synthetic_cold_temperate_benchmark
2023-02-25 02:00:00,-2.645690,0.000000,synthetic_cold_temperate_benchmark
2023-02-25 03:00:00,-2.645690,0.000000,synthetic_cold_temperate_benchmark
2023-02-25 04:00:00,-2.442994,0.000000,synthetic_cold_temperate_benchmark
2023-02-25 05:00:00,-2.051416,0.000000,synthetic_cold_temperate_benchmark
2023-02-25 06:00:00,-1.497640,0.000000,synthetic_cold_temperate_benchmark
2023-02-25 07:00:00,-0.819406,83.525710,synthetic_cold_temperate_benchmark
2023-02-25 08:00:00,-0.062934,200.129254,synthetic_cold_temperate_benchmark
2023-02-25 09:00:00,0.720223,298.424329,synthetic_cold_temperate_benchmark
2023-02-25 10:00:00,1.476695,369.418586,synthetic_cold_temperate_benchmark
2023-02-25 11:00:00,2.154929,406.617241,synthetic_cold_temperate_benchmark
2023-02-25 12:00:00,2.708704,406.617241,synthetic_cold_temperate_benchmark
2023-02-25 13:00:00,3.100283,369.418586,synthetic_cold_temperate_benchmark
2023-02-25 14:00:00,3.302979,298.424329,synthetic_cold_temperate_benchmark
2023-02-25 15:00:00,3.302979,200.129254,synthetic_cold_temperate_benchmark
2023-02-25 16:00:00,3.100283,83.525710,synthetic_cold_temperate_benchmark
2023-02-25 17:00:00,2.708704,0.000000,synthetic_cold_temperate_benchmark
2023-02-25 18:00:00,2.154929,0.000000,synthetic_cold_temperate_benchmark
2023-02-25 19:00:00,1.476695,0.000000,synthetic_cold_temperate_benchmark
2023-02-25 20:00:00,0.720223,0.000000,synthetic_cold_temperate_benchmark
2023-02-25 21:00:00,-0.062934,0.000000,synthetic_cold_temperate_benchmark
2023-02-25 22:00:00,-0.819406,0.000000,synthetic_cold_temperate_benchmark
2023-02-25 23:00:00,-1.497640,0.000000,synthetic_cold_temperate_benchmark
2023-02-26 00:00:00,-1.933629,0.000000,synthetic_cold_temperate_benchmark
2023-02-26 01:00:00,-2.325207,0.000000,synthetic_cold_temperate_benchmark
2023-02-26 02:00:00,-2.527903,0.000000,synthetic_cold_temperate_benchmark
2023-02-26 03:00:00,-2.527903,0.000000,synthetic_cold_temperate_benchmark
2023-02-26 04:00:00,-2.325207,0.000000,synthetic_cold_temperate_benchmark
2023-02-26 05:00:00,-1.933629,0.000000,synthetic_cold_temperate_benchmark
2023-02-26 06:00:00,-1.379853,0.000000,synthetic_cold_temperate_benchmark
2023-02-26 07:00:00,-0.701619,87.764029,synthetic_cold_temperate_benchmark
2023-02-26 08:00:00,0.054853,204.563942,synthetic_cold_temperate_benchmark
2023-02-26 09:00:00,0.838010,302.873598,synthetic_cold_temperate_benchmark
2023-02-26 10:00:00,1.594482,373.806921,synthetic_cold_temperate_benchmark
2023-02-26 11:00:00,2.272716,410.952344,synthetic_cold_temperate_benchmark
2023-02-26 12:00:00,2.826491,410.952344,synthetic_cold_temperate_benchmark
2023-02-26 13:00:00,3.218070,373.806921,synthetic_cold_temperate_benchmark
2023-02-26 14:00:00,3.420766,302.873598,synthetic_cold_temperate_benchmark
2023-02-26 15:00:00,3.420766,204.563942,synthetic_cold_temperate_benchmark
2023-02-26 16:00:00,3.218070,87.764029,synthetic_cold_temperate_benchmark
2023-02-26 17:00:00,2.826491,0.000000,synthetic_cold_temperate_benchmark
2023-02-26 18:00:00,2.272716,0.000000,synthetic_cold_temperate_benchmark
2023-02-26 19:00:00,1.594482,0.000000,synthetic_cold_temperate_benchmark
2023-02-26 20:00:00,0.838010,0.000000,synthetic_cold_temperate_benchmark
2023-02-26 21:00:00,0.054853,0.000000,synthetic_cold_temperate_benchmark
2023-02-26 22:00:00,-0.701619,0.000000,synthetic_cold_temperate_benchmark
2023-02-26 23:00:00,-1.379853,0.000000,synthetic_cold_temperate_benchmark
2023-02-27 00:00:00,-1.813307,0.000000,synthetic_cold_temperate_benchmark
2023-02-27 01:00:00,-2.204886,0.000000,synthetic_cold_temperate_benchmark
2023-02-27 02:00:00,-2.407582,0.000000,synthetic_cold_temperate_benchmark
2023-02-27 03:00:00,-2.407582,0.000000,synthetic_cold_temperate_benchmark
2023-02-27 04:00:00,-2.204886,0.000000,synthetic_cold_temperate_benchmark
2023-02-27 05:00:00,-1.813307,0.000000,synthetic_cold_temperate_benchmark
2023-02-27 06:00:00,-1.259531,0.000000,synthetic_cold_temperate_benchmark
2023-02-27 07:00:00,-0.581297,92.057540,synthetic_cold_temperate_benchmark
2023-02-27 08:00:00,0.175174,209.043788,synthetic_cold_temperate_benchmark
2023-02-27 09:00:00,0.958332,307.361263,synthetic_cold_temperate_benchmark
2023-02-27 10:00:00,1.714803,378.229667,synthetic_cold_temperate_benchmark
2023-02-27 11:00:00,2.393037,415.320058,synthetic_cold_temperate_benchmark
2023-02-27 12:00:00,2.946813,415.320058,synthetic_cold_temperate_benchmark
2023-02-27 13:00:00,3.338392,378.229667,synthetic_cold_temperate_benchmark
2023-02-27 14:00:00,3.541088,307.361263,synthetic_cold_temperate_benchmark
2023-02-27 15:00:00,3.541088,209.043788,synthetic_cold_temperate_benchmark
2023-02-27 16:00:00,3.338392,92.057540,synthetic_cold_temperate_benchmark
2023-02-27 17:00:00,2.946813,0.000000,synthetic_cold_temperate_benchmark
2023-02-27 18:00:00,2.393037,0.000000,synthetic_cold_temperate_benchmark
2023-02-27 19:00:00,1.714803,0.000000,synthetic_cold_temperate_benchmark
2023-02-27 20:00:00,0.958332,0.000000,synthetic_cold_temperate_benchmark
2023-02-27 21:00:00,0.175174,0.000000,synthetic_cold_temperate_benchmark
2023-02-27 22:00:00,-0.581297,0.000000,synthetic_cold_temperate_benchmark
2023-02-27 23:00:00,-1.259531,0.000000,synthetic_cold_temperate_benchmark
2023-02-28 00:00:00,-1.690486,0.000000,synthetic_cold_temperate_benchmark
2023-02-28 01:00:00,-2.082065,0.000000,synthetic_cold_temperate_benchmark
2023-02-28 02:00:00,-2.284761,0.000000,synthetic_cold_temperate_benchmark
2023-02-28 03:00:00,-2.284761,0.000000,synthetic_cold_temperate_benchmark
2023-02-28 04:00:00,-2.082065,0.000000,synthetic_cold_temperate_benchmark
2023-02-28 05:00:00,-1.690486,0.000000,synthetic_cold_temperate_benchmark
2023-02-28 06:00:00,-1.136711,0.000000,synthetic_cold_temperate_benchmark
2023-02-28 07:00:00,-0.458477,96.404747,synthetic_cold_temperate_benchmark
2023-02-28 08:00:00,0.297995,213.567301,synthetic_cold_temperate_benchmark
2023-02-28 09:00:00,1.081152,311.885902,synthetic_cold_temperate_benchmark
2023-02-28 10:00:00,1.837624,382.685480,synthetic_cold_temperate_benchmark
2023-02-28 11:00:00,2.515858,419.719085,synthetic_cold_temperate_benchmark
2023-02-28 12:00:00,3.069634,419.719085,synthetic_cold_temperate_benchmark
2023-02-28 13:00:00,3.461212,382.685480,synthetic_cold_temperate_benchmark
2023-02-28 14:00:00,3.663908,311.885902,synthetic_cold_temperate_benchmark
2023-02-28 15:00:00,3.663908,213.567301,synthetic_cold_temperate_benchmark
2023-02-28 16:00:00,3.461212,96.404747,synthetic_cold_temperate_benchmark
2023-02-28 17:00:00,3.069634,0.000000,synthetic_cold_temperate_benchmark
2023-02-28 18:00:00,2.515858,0.000000,synthetic_cold_temperate_benchmark
2023-02-28 19:00:00,1.837624,0.000000,synthetic_cold_temperate_benchmark
2023-02-28 20:00:00,1.081152,0.000000,synthetic_cold_temperate_benchmark
2023-02-28 21:00:00,0.297995,0.000000,synthetic_cold_temperate_benchmark
2023-02-28 22:00:00,-0.458477,0.000000,synthetic_cold_temperate_benchmark
2023-02-28 23:00:00,-1.136711,0.000000,synthetic_cold_temperate_benchmark
2023-03-01 00:00:00,-1.565203,0.000000,synthetic_cold_temperate_benchmark
2023-03-01 01:00:00,-1.956782,0.000000,synthetic_cold_temperate_benchmark
2023-03-01 02:00:00,-2.159478,0.000000,synthetic_cold_temperate_benchmark
2023-03-01 03:00:00,-2.159478,0.000000,synthetic_cold_temperate_benchmark
2023-03-01 04:00:00,-1.956782,0.000000,synthetic_cold_temperate_benchmark
2023-03-01 05:00:00,-1.565203,0.000000,synthetic_cold_temperate_benchmark
2023-03-01 06:00:00,-1.011428,0.000000,synthetic_cold_temperate_benchmark
2023-03-01 07:00:00,-0.333194,100.804114,synthetic_cold_temperate_benchmark
2023-03-01 08:00:00,0.423278,218.132968,synthetic_cold_temperate_benchmark
2023-03-01 09:00:00,1.206435,316.446079,synthetic_cold_temperate_benchmark
2023-03-01 10:00:00,1.962907,387.173001,synthetic_cold_temperate_benchmark
2023-03-01 11:00:00,2.641141,424.148116,synthetic_cold_temperate_benchmark
2023-03-01 12:00:00,3.194917,424.148116,synthetic_cold_temperate_benchmark
2023-03-01 13:00:00,3.586495,387.173001,synthetic_cold_temperate_benchmark
2023-03-01 14:00:00,3.789191,316.446079,synthetic_cold_temperate_benchmark
2023-03-01 15:00:00,3.789191,218.132968,synthetic_cold_temperate_benchmark
2023-03-01 16:00:00,3.586495,100.804114,synthetic_cold_temperate_benchmark
2023-03-01 17:00:00,3.194917,0.000000,synthetic_cold_temperate_benchmark
2023-03-01 18:00:00,2.641141,0.000000,synthetic_cold_temperate_benchmark
2023-03-01 19:00:00,1.962907,0.000000,synthetic_cold_temperate_benchmark
2023-03-01 20:00:00,1.206435,0.000000,synthetic_cold_temperate_benchmark
2023-03-01 21:00:00,0.423278,0.000000,synthetic_cold_temperate_benchmark
2023-03-01 22:00:00,-0.333194,0.000000,synthetic_cold_temperate_benchmark
2023-03-01 23:00:00,-1.011428,0.000000,synthetic_cold_temperate_benchmark
2023-03-02 00:00:00,-1.437495,0.000000,synthetic_cold_temperate_benchmark
2023-03-02 01:00:00,-1.829073,0.000000,synthetic_cold_temperate_benchmark
2023-03-02 02:00:00,-2.031769,0.000000,synthetic_cold_temperate_benchmark
2023-03-02 03:00:00,-2.031769,0.000000,synthetic_cold_temperate_benchmark
2023-03-02 04:00:00,-1.829073,0.000000,synthetic_cold_temperate_benchmark
2023-03-02 05:00:00,-1.437495,0.000000,synthetic_cold_temperate_benchmark
2023-03-02 06:00:00,-0.883719,0.000000,synthetic_cold_temperate_benchmark
2023-03-02 07:00:00,-0.205485,105.254065,synthetic_cold_temperate_benchmark
2023-03-02 08:00:00,0.550987,222.739246,synthetic_cold_temperate_benchmark
2023-03-02 09:00:00,1.334144,321.040339,synthetic_cold_temperate_benchmark
2023-03-02 10:00:00,2.090616,391.690865,synthetic_cold_temperate_benchmark
2023-03-02 11:00:00,2.768849,428.605834,synthetic_cold_temperate_benchmark
2023-03-02 12:00:00,3.322625,428.605834,synthetic_cold_temperate_benchmark
2023-03-02 13:00:00,3.714204,391.690865,synthetic_cold_temperate_benchmark
2023-03-02 14:00:00,3.916900,321.040339,synthetic_cold_temperate_benchmark
2023-03-02 15:00:00,3.916900,222.739246,synthetic_cold_temperate_benchmark
2023-03-02 16:00:00,3.714204,105.254065,synthetic_cold_temperate_benchmark
2023-03-02 17:00:00,3.322625,0.000000,synthetic_cold_temperate_benchmark
2023-03-02 18:00:00,2.768849,0.000000,synthetic_cold_temperate_benchmark
2023-03-02 19:00:00,2.090616,0.000000,synthetic_cold_temperate_benchmark
2023-03-02 20:00:00,1.334144,0.000000,synthetic_cold_temperate_benchmark
2023-03-02 21:00:00,0.550987,0.000000,synthetic_cold_temperate_benchmark
2023-03-02 22:00:00,-0.205485,0.000000,synthetic_cold_temperate_benchmark
2023-03-02 23:00:00,-0.883719,0.000000,synthetic_cold_temperate_benchmark
2023-03-03 00:00:00,-1.307399,0.000000,synthetic_cold_temperate_benchmark
2023-03-03 01:00:00,-1.698977,0.000000,synthetic_cold_temperate_benchmark
2023-03-03 02:00:00,-1.901673,0.000000,synthetic_cold_temperate_benchmark
2023-03-03 03:00:00,-1.901673,0.000000,synthetic_cold_temperate_benchmark
2023-03-03 04:00:00,-1.698977,0.000000,synthetic_cold_temperate_benchmark
2023-03-03 05:00:00,-1.307399,0.000000,synthetic_cold_temperate_benchmark
2023-03-03 06:00:00,-0.753623,0.000000,synthetic_cold_temperate_benchmark
2023-03-03 07:00:00,-0.075389,109.752985,synthetic_cold_temperate_benchmark
2023-03-03 08:00:00,0.681083,227.384575,synthetic_cold_temperate_benchmark
2023-03-03 09:00:00,1.464240,325.667216,synthetic_cold_temperate_benchmark
2023-03-03 10:00:00,2.220712,396.237693,synthetic_cold_temperate_benchmark
2023-03-03 11:00:00,2.898946,433.090916,synthetic_cold_temperate_benchmark
2023-03-03 12:00:00,3.452721,433.090916,synthetic_cold_temperate_benchmark
2023-03-03 13:00:00,3.844300,396.237693,synthetic_cold_temperate_benchmark
2023-03-03 14:00:00,4.046996,325.667216,synthetic_cold_temperate_benchmark
2023-03-03 15:00:00,4.046996,227.384575,synthetic_cold_temperate_benchmark
2023-03-03 16:00:00,3.844300,109.752985,synthetic_cold_temperate_benchmark
2023-03-03 17:00:00,3.452721,0.000000,synthetic_cold_temperate_benchmark
2023-03-03 18:00:00,2.898946,0.000000,synthetic_cold_temperate_benchmark
2023-03-03 19:00:00,2.220712,0.000000,synthetic_cold_temperate_benchmark
2023-03-03 20:00:00,1.464240,0.000000,synthetic_cold_temperate_benchmark
2023-03-03 21:00:00,0.681083,0.000000,synthetic_cold_temperate_benchmark
2023-03-03 22:00:00,-0.075389,0.000000,synthetic_cold_temperate_benchmark
2023-03-03 23:00:00,-0.753623,0.000000,synthetic_cold_temperate_benchmark
2023-03-04 00:00:00,-1.174953,0.000000,synthetic_cold_temperate_benchmark
2023-03-04 01:00:00,-1.566532,0.000000,synthetic_cold_temperate_benchmark
2023-03-04 02:00:00,-1.769228,0.000000,synthetic_cold_temperate_benchmark
2023-03-04 03:00:00,-1.769228,0.000000,synthetic_cold_temperate_benchmark
2023-03-04 04:00:00,-1.566532,0.000000,synthetic_cold_temperate_benchmark
2023-03-04 05:00:00,-1.174953,0.000000,synthetic_cold_temperate_benchmark
2023-03-04 06:00:00,-0.621178,0.000000,synthetic_cold_temperate_benchmark
2023-03-04 07:00:00,0.057056,114.299223,synthetic_cold_temperate_benchmark
2023-03-04 08:00:00,0.813528,232.067371,synthetic_cold_temperate_benchmark
2023-03-04 09:00:00,1.596685,330.325229,synthetic_cold_temperate_benchmark
2023-03-04 10:00:00,2.353157,400.812097,synthetic_cold_temperate_benchmark
2023-03-04 11:00:00,3.031391,437.602026,synthetic_cold_temperate_benchmark
2023-03-04 12:00:00,3.585167,437.602026,synthetic_cold_temperate_benchmark
2023-03-04 13:00:00,3.976745,400.812097,synthetic_cold_temperate_benchmark
2023-03-04 14:00:00,4.179441,330.325229,synthetic_cold_temperate_benchmark
2023-03-04 15:00:00,4.179441,232.067371,synthetic_cold_temperate_benchmark
2023-03-04 16:00:00,3.976745,114.299223,synthetic_cold_temperate_benchmark
2023-03-04 17:00:00,3.585167,0.000000,synthetic_cold_temperate_benchmark
2023-03-04 18:00:00,3.031391,0.000000,synthetic_cold_temperate_benchmark
2023-03-04 19:00:00,2.353157,0.000000,synthetic_cold_temperate_benchmark
2023-03-04 20:00:00,1.596685,0.000000,synthetic_cold_temperate_benchmark
2023-03-04 21:00:00,0.813528,0.000000,synthetic_cold_temperate_benchmark
2023-03-04 22:00:00,0.057056,0.000000,synthetic_cold_temperate_benchmark
2023-03-04 23:00:00,-0.621178,0.000000,synthetic_cold_temperate_benchmark
2023-03-05 00:00:00,-1.040199,0.000000,synthetic_cold_temperate_benchmark
2023-03-05 01:00:00,-1.431777,0.000000,synthetic_cold_temperate_benchmark
2023-03-05 02:00:00,-1.634473,0.000000,synthetic_cold_temperate_benchmark
2023-03-05 03:00:00,-1.634473,0.000000,synthetic_cold_temperate_benchmark
2023-03-05 04:00:00,-1.431777,0.000000,synthetic_cold_temperate_benchmark
2023-03-05 05:00:00,-1.040199,0.000000,synthetic_cold_temperate_benchmark
2023-03-05 06:00:00,-0.486423,0.000000,synthetic_cold_temperate_benchmark
2023-03-05 07:00:00,0.191811,118.891096,synthetic_cold_temperate_benchmark
2023-03-05 08:00:00,0.948283,236.786029,synthetic_cold_temperate_benchmark
2023-03-05 09:00:00,1.731440,335.012886,synthetic_cold_temperate_benchmark
2023-03-05 10:00:00,2.487912,405.412683,synthetic_cold_temperate_benchmark
2023-03-05 11:00:00,3.166146,442.137825,synthetic_cold_temperate_benchmark
2023-03-05 12:00:00,3.719922,442.137825,synthetic_cold_temperate_benchmark
2023-03-05 13:00:00,4.111500,405.412683,synthetic_cold_temperate_benchmark
2023-03-05 14:00:00,4.314196,335.012886,synthetic_cold_temperate_benchmark
2023-03-05 15:00:00,4.314196,236.786029,synthetic_cold_temperate_benchmark
2023-03-05 16:00:00,4.111500,118.891096,synthetic_cold_temperate_benchmark
2023-03-05 17:00:00,3.719922,0.000000,synthetic_cold_temperate_benchmark
2023-03-05 18:00:00,3.166146,0.000000,synthetic_cold_temperate_benchmark
2023-03-05 19:00:00,2.487912,0.000000,synthetic_cold_temperate_benchmark
2023-03-05 20:00:00,1.731440,0.000000,synthetic_cold_temperate_benchmark
2023-03-05 21:00:00,0.948283,0.000000,synthetic_cold_temperate_benchmark
2023-03-05 22:00:00,0.191811,0.000000,synthetic_cold_temperate_benchmark
2023-03-05 23:00:00,-0.486423,0.000000,synthetic_cold_temperate_benchmark
2023-03-06 00:00:00,-0.903174,0.000000,synthetic_cold_temperate_benchmark
2023-03-06 01:00:00,-1.294752,0.000000,synthetic_cold_temperate_benchmark
2023-03-06 02:00:00,-1.497448,0.000000,synthetic_cold_temperate_benchmark
2023-03-06 03:00:00,-1.497448,0.000000,synthetic_cold_temperate_benchmark
2023-03-06 04:00:00,-1.294752,0.000000,synthetic_cold_temperate_benchmark
2023-03-06 05:00:00,-0.903174,0.000000,synthetic_cold_temperate_benchmark
2023-03-06 06:00:00,-0.349398,0.000000,synthetic_cold_temperate_benchmark
2023-03-06 07:00:00,0.328836,123.526887,synthetic_cold_temperate_benchmark
2023-03-06 08:00:00,1.085308,241.538929,synthetic_cold_temperate_benchmark
2023-03-06 09:00:00,1.868465,339.728682,synthetic_cold_temperate_benchmark
2023-03-06 10:00:00,2.624937,410.038044,synthetic_cold_temperate_benchmark
2023-03-06 11:00:00,3.303171,446.696963,synthetic_cold_temperate_benchmark
2023-03-06 12:00:00,3.856946,446.696963,synthetic_cold_temperate_benchmark
2023-03-06 13:00:00,4.248525,410.038044,synthetic_cold_temperate_benchmark
2023-03-06 14:00:00,4.451221,339.728682,synthetic_cold_temperate_benchmark
2023-03-06 15:00:00,4.451221,241.538929,synthetic_cold_temperate_benchmark
2023-03-06 16:00:00,4.248525,123.526887,synthetic_cold_temperate_benchmark
2023-03-06 17:00:00,3.856946,0.000000,synthetic_cold_temperate_benchmark
2023-03-06 18:00:00,3.303171,0.000000,synthetic_cold_temperate_benchmark
2023-03-06 19:00:00,2.624937,0.000000,synthetic_cold_temperate_benchmark
2023-03-06 20:00:00,1.868465,0.000000,synthetic_cold_temperate_benchmark
2023-03-06 21:00:00,1.085308,0.000000,synthetic_cold_temperate_benchmark
2023-03-06 22:00:00,0.328836,0.000000,synthetic_cold_temperate_benchmark
2023-03-06 23:00:00,-0.349398,0.000000,synthetic_cold_temperate_benchmark
2023-03-07 00:00:00,-0.763920,0.000000,synthetic_cold_temperate_benchmark
2023-03-07 01:00:00,-1.155498,0.000000,synthetic_cold_temperate_benchmark
2023-03-07 02:00:00,-1.358194,0.000000,synthetic_cold_temperate_benchmark
2023-03-07 03:00:00,-1.358194,0.000000,synthetic_cold_temperate_benchmark
2023-03-07 04:00:00,-1.155498,0.000000,synthetic_cold_temperate_benchmark
2023-03-07 05:00:00,-0.763920,0.000000,synthetic_cold_temperate_benchmark
2023-03-07 06:00:00,-0.210144,0.000000,synthetic_cold_temperate_benchmark
2023-03-07 07:00:00,0.468090,128.204853,synthetic_cold_temperate_benchmark
2023-03-07 08:00:00,1.224562,246.324431,synthetic_cold_temperate_benchmark
2023-03-07 09:00:00,2.007719,344.471103,synthetic_cold_temperate_benchmark
2023-03-07 10:00:00,2.764191,414.686770,synthetic_cold_temperate_benchmark
2023-03-07 11:00:00,3.442425,451.278084,synthetic_cold_temperate_benchmark
2023-03-07 12:00:00,3.996200,451.278084,synthetic_cold_temperate_benchmark
2023-03-07 13:00:00,4.387779,414.686770,synthetic_cold_temperate_benchmark
2023-03-07 14:00:00,4.590475,344.471103,synthetic_cold_temperate_benchmark
2023-03-07 15:00:00,4.590475,246.324431,synthetic_cold_temperate_benchmark
2023-03-07 16:00:00,4.387779,128.204853,synthetic_cold_temperate_benchmark
2023-03-07 17:00:00,3.996200,0.000000,synthetic_cold_temperate_benchmark
2023-03-07 18:00:00,3.442425,0.000000,synthetic_cold_temperate_benchmark
2023-03-07 19:00:00,2.764191,0.000000,synthetic_cold_temperate_benchmark
2023-03-07 20:00:00,2.007719,0.000000,synthetic_cold_temperate_benchmark
2023-03-07 21:00:00,1.224562,0.000000,synthetic_cold_temperate_benchmark
2023-03-07 22:00:00,0.468090,0.000000,synthetic_cold_temperate_benchmark
2023-03-07 23:00:00,-0.210144,0.000000,synthetic_cold_temperate_benchmark
2023-03-08 00:00:00,-0.622477,0.000000,synthetic_cold_temperate_benchmark
2023-03-08 01:00:00,-1.014056,0.000000,synthetic_cold_temperate_benchmark
2023-03-08 02:00:00,-1.216752,0.000000,synthetic_cold_temperate_benchmark
2023-03-08 03:00:00,-1.216752,0.000000,synthetic_cold_temperate_benchmark
2023-03-08 04:00:00,-1.014056,0.000000,synthetic_cold_temperate_benchmark
2023-03-08 05:00:00,-0.622477,0.000000,synthetic_cold_temperate_benchmark
2023-03-08 06:00:00,-0.068702,4.056540,synthetic_cold_temperate_benchmark
2023-03-08 07:00:00,0.609532,132.923220,synthetic_cold_temperate_benchmark
2023-03-08 08:00:00,1.366004,251.140881,synthetic_cold_temperate_benchmark
2023-03-08 09:00:00,2.149161,349.238624,synthetic_cold_temperate_benchmark
2023-03-08 10:00:00,2.905633,419.357441,synthetic_cold_temperate_benchmark
2023-03-08 11:00:00,3.583867,455.879827,synthetic_cold_temperate_benchmark
2023-03-08 12:00:00,4.137643,455.879827,synthetic_cold_temperate_benchmark
2023-03-08 13:00:00,4.529221,419.357441,synthetic_cold_temperate_benchmark
2023-03-08 14:00:00,4.731917,349.238624,synthetic_cold_temperate_benchmark
2023-03-08 15:00:00,4.731917,251.140881,synthetic_cold_temperate_benchmark
2023-03-08 16:00:00,4.529221,132.923220,synthetic_cold_temperate_benchmark
2023-03-08 17:00:00,4.137643,4.056540,synthetic_cold_temperate_benchmark
2023-03-08 18:00:00,3.583867,0.000000,synthetic_cold_temperate_benchmark
2023-03-08 19:00:00,2.905633,0.000000,synthetic_cold_temperate_benchmark
2023-03-08 20:00:00,2.149161,0.000000,synthetic_cold_temperate_benchmark
2023-03-08 21:00:00,1.366004,0.000000,synthetic_cold_temperate_benchmark
2023-03-08 22:00:00,0.609532,0.000000,synthetic_cold_temperate_benchmark
2023-03-08 23:00:00,-0.068702,0.000000,synthetic_cold_temperate_benchmark
2023-03-09 00:00:00,-0.478889,0.000000,synthetic_cold_temperate_benchmark
2023-03-09 01:00:00,-0.870468,0.000000,synthetic_cold_temperate_benchmark
2023-03-09 02:00:00,-1.073164,0.000000,synthetic_cold_temperate_benchmark
2023-03-09 03:00:00,-1.073164,0.000000,synthetic_cold_temperate_benchmark
2023-03-09 04:00:00,-0.870468,0.000000,synthetic_cold_temperate_benchmark
2023-03-09 05:00:00,-0.478889,0.000000,synthetic_cold_temperate_benchmark
2023-03-09 06:00:00,0.074886,8.475324,synthetic_cold_temperate_benchmark
2023-03-09 07:00:00,0.753120,137.680192,synthetic_cold_temperate_benchmark
2023-03-09 08:00:00,1.509592,255.986610,synthetic_cold_temperate_benchmark
2023-03-09 09:00:00,2.292749,354.029712,synthetic_cold_temperate_benchmark
2023-03-09 10:00:00,3.049221,424.048629,synthetic_cold_temperate_benchmark
2023-03-09 11:00:00,3.727455,460.500824,synthetic_cold_temperate_benchmark
2023-03-09 12:00:00,4.281231,460.500824,synthetic_cold_temperate_benchmark
2023-03-09 13:00:00,4.672809,424.048629,synthetic_cold_temperate_benchmark
2023-03-09 14:00:00,4.875505,354.029712,synthetic_cold_temperate_benchmark
2023-03-09 15:00:00,4.875505,255.986610,synthetic_cold_temperate_benchmark
2023-03-09 16:00:00,4.672809,137.680192,synthetic_cold_temperate_benchmark
2023-03-09 17:00:00,4.281231,8.475324,synthetic_cold_temperate_benchmark
2023-03-09 18:00:00,3.727455,0.000000,synthetic_cold_temperate_benchmark
2023-03-09 19:00:00,3.049221,0.000000,synthetic_cold_temperate_benchmark
2023-03-09 20:00:00,2.292749,0.000000,synthetic_cold_temperate_benchmark
2023-03-09 21:00:00,1.509592,0.000000,synthetic_cold_temperate_benchmark
2023-03-09 22:00:00,0.753120,0.000000,synthetic_cold_temperate_benchmark
2023-03-09 23:00:00,0.074886,0.000000,synthetic_cold_temperate_benchmark
2023-03-10 00:00:00,-0.333198,0.000000,synthetic_cold_temperate_benchmark
2023-03-10 01:00:00,-0.724776,0.000000,synthetic_cold_temperate_benchmark
2023-03-10 02:00:00,-0.927472,0.000000,synthetic_cold_temperate_benchmark
2023-03-10 03:00:00,-0.927472,0.000000,synthetic_cold_temperate_benchmark
2023-03-10 04:00:00,-0.724776,0.000000,synthetic_cold_temperate_benchmark
2023-03-10 05:00:00,-0.333198,0.000000,synthetic_cold_temperate_benchmark
2023-03-10 06:00:00,0.220578,12.944389,synthetic_cold_temperate_benchmark
2023-03-10 07:00:00,0.898812,142.473946,synthetic_cold_temperate_benchmark
2023-03-10 08:00:00,1.655284,260.859936,synthetic_cold_temperate_benchmark
2023-03-10 09:00:00,2.438441,358.842825,synthetic_cold_temperate_benchmark
2023-03-10 10:00:00,3.194913,428.758903,synthetic_cold_temperate_benchmark
2023-03-10 11:00:00,3.873147,465.139700,synthetic_cold_temperate_benchmark
2023-03-10 12:00:00,4.426922,465.139700,synthetic_cold_temperate_benchmark
2023-03-10 13:00:00,4.818501,428.758903,synthetic_cold_temperate_benchmark
2023-03-10 14:00:00,5.021197,358.842825,synthetic_cold_temperate_benchmark
2023-03-10 15:00:00,5.021197,260.859936,synthetic_cold_temperate_benchmark
2023-03-10 16:00:00,4.818501,142.473946,synthetic_cold_temperate_benchmark
2023-03-10 17:00:00,4.426922,12.944389,synthetic_cold_temperate_benchmark
2023-03-10 18:00:00,3.873147,0.000000,synthetic_cold_temperate_benchmark
2023-03-10 19:00:00,3.194913,0.000000,synthetic_cold_temperate_benchmark
2023-03-10 20:00:00,2.438441,0.000000,synthetic_cold_temperate_benchmark
2023-03-10 21:00:00,1.655284,0.000000,synthetic_cold_temperate_benchmark
2023-03-10 22:00:00,0.898812,0.000000,synthetic_cold_temperate_benchmark
2023-03-10 23:00:00,0.220578,0.000000,synthetic_cold_temperate_benchmark
2023-03-11 00:00:00,-0.185445,0.000000,synthetic_cold_temperate_benchmark
2023-03-11 01:00:00,-0.577024,0.000000,synthetic_cold_temperate_benchmark
2023-03-11 02:00:00,-0.779720,0.000000,synthetic_cold_temperate_benchmark
2023-03-11 03:00:00,-0.779720,0.000000,synthetic_cold_temperate_benchmark
2023-03-11 04:00:00,-0.577024,0.000000,synthetic_cold_temperate_benchmark
2023-03-11 05:00:00,-0.185445,0.000000,synthetic_cold_temperate_benchmark
2023-03-11 06:00:00,0.368330,17.461789,synthetic_cold_temperate_benchmark
2023-03-11 07:00:00,1.046564,147.302642,synthetic_cold_temperate_benchmark
2023-03-11 08:00:00,1.803036,265.759167,synthetic_cold_temperate_benchmark
2023-03-11 09:00:00,2.586193,363.676416,synthetic_cold_temperate_benchmark
2023-03-11 10:00:00,3.342665,433.486825,synthetic_cold_temperate_benchmark
2023-03-11 11:00:00,4.020899,469.795077,synthetic_cold_temperate_benchmark
2023-03-11 12:00:00,4.574675,469.795077,synthetic_cold_temperate_benchmark
2023-03-11 13:00:00,4.966253,433.486825,synthetic_cold_temperate_benchmark
2023-03-11 14:00:00,5.168949,363.676416,synthetic_cold_temperate_benchmark
2023-03-11 15:00:00,5.168949,265.759167,synthetic_cold_temperate_benchmark
2023-03-11 16:00:00,4.966253,147.302642,synthetic_cold_temperate_benchmark
2023-03-11 17:00:00,4.574675,17.461789,synthetic_cold_temperate_benchmark
2023-03-11 18:00:00,4.020899,0.000000,synthetic_cold_temperate_benchmark
2023-03-11 19:00:00,3.342665,0.000000,synthetic_cold_temperate_benchmark
2023-03-11 20:00:00,2.586193,0.000000,synthetic_cold_temperate_benchmark
2023-03-11 21:00:00,1.803036,0.000000,synthetic_cold_temperate_benchmark
2023-03-11 22:00:00,1.046564,0.000000,synthetic_cold_temperate_benchmark
2023-03-11 23:00:00,0.368330,0.000000,synthetic_cold_temperate_benchmark
2023-03-12 00:00:00,-0.035677,0.000000,synthetic_cold_temperate_benchmark
2023-03-12 01:00:00,-0.427255,0.000000,synthetic_cold_temperate_benchmark
2023-03-12 02:00:00,-0.629951,0.000000,synthetic_cold_temperate_benchmark
2023-03-12 03:00:00,-0.629951,0.000000,synthetic_cold_temperate_benchmark
2023-03-12 04:00:00,-0.427255,0.000000,synthetic_cold_temperate_benchmark
2023-03-12 05:00:00,-0.035677,0.000000,synthetic_cold_temperate_benchmark
2023-03-12 06:00:00,0.518099,22.025542,synthetic_cold_temperate_benchmark
2023-03-12 07:00:00,1.196333,152.164417,synthetic_cold_temperate_benchmark
2023-03-12 08:00:00,1.952805,270.682597,synthetic_cold_temperate_benchmark
2023-03-12 09:00:00,2.735962,368.528928,synthetic_cold_temperate_benchmark
2023-03-12 10:00:00,3.492434,438.230951,synthetic_cold_temperate_benchmark
2023-03-12 11:00:00,4.170668,474.465570,synthetic_cold_temperate_benchmark
2023-03-12 12:00:00,4.724443,474.465570,synthetic_cold_temperate_benchmark
2023-03-12 13:00:00,5.116022,438.230951,synthetic_cold_temperate_benchmark
2023-03-12 14:00:00,5.318718,368.528928,synthetic_cold_temperate_benchmark
2023-03-12 15:00:00,5.318718,270.682597,synthetic_cold_temperate_benchmark
2023-03-12 16:00:00,5.116022,152.164417,synthetic_cold_temperate_benchmark
2023-03-12 17:00:00,4.724443,22.025542,synthetic_cold_temperate_benchmark
2023-03-12 18:00:00,4.170668,0.000000,synthetic_cold_temperate_benchmark
2023-03-12 19:00:00,3.492434,0.000000,synthetic_cold_temperate_benchmark
2023-03-12 20:00:00,2.735962,0.000000,synthetic_cold_temperate_benchmark
2023-03-12 21:00:00,1.952805,0.000000,synthetic_cold_temperate_benchmark
2023-03-12 22:00:00,1.196333,0.000000,synthetic_cold_temperate_benchmark
2023-03-12 23:00:00,0.518099,0.000000,synthetic_cold_temperate_benchmark
2023-03-13 00:00:00,0.116064,0.000000,synthetic_cold_temperate_benchmark
2023-03-13 01:00:00,-0.275514,0.000000,synthetic_cold_temperate_benchmark
2023-03-13 02:00:00,-0.478210,0.000000,synthetic_cold_temperate_benchmark
2023-03-13 03:00:00,-0.478210,0.000000,synthetic_cold_temperate_benchmark
2023-03-13 04:00:00,-0.275514,0.000000,synthetic_cold_temperate_benchmark
2023-03-13 05:00:00,0.116064,0.000000,synthetic_cold_temperate_benchmark
2023-03-13 06:00:00,0.669840,26.633634,synthetic_cold_temperate_benchmark
2023-03-13 07:00:00,1.348074,157.057393,synthetic_cold_temperate_benchmark
2023-03-13 08:00:00,2.104546,275.628514,synthetic_cold_temperate_benchmark
2023-03-13 09:00:00,2.887703,373.398802,synthetic_cold_temperate_benchmark
2023-03-13 10:00:00,3.644174,442.989834,synthetic_cold_temperate_benchmark
2023-03-13 11:00:00,4.322408,479.149790,synthetic_cold_temperate_benchmark
2023-03-13 12:00:00,4.876184,479.149790,synthetic_cold_temperate_benchmark
2023-03-13 13:00:00,5.267763,442.989834,synthetic_cold_temperate_benchmark
2023-03-13 14:00:00,5.470459,373.398802,synthetic_cold_temperate_benchmark
2023-03-13 15:00:00,5.470459,275.628514,synthetic_cold_temperate_benchmark
2023-03-13 16:00:00,5.267763,157.057393,synthetic_cold_temperate_benchmark
2023-03-13 17:00:00,4.876184,26.633634,synthetic_cold_temperate_benchmark
2023-03-13 18:00:00,4.322408,0.000000,synthetic_cold_temperate_benchmark
2023-03-13 19:00:00,3.644174,0.000000,synthetic_cold_temperate_benchmark
2023-03-13 20:00:00,2.887703,0.000000,synthetic_cold_temperate_benchmark
2023-03-13 21:00:00,2.104546,0.000000,synthetic_cold_temperate_benchmark
2023-03-13 22:00:00,1.348074,0.000000,synthetic_cold_temperate_benchmark
2023-03-13 23:00:00,0.669840,0.000000,synthetic_cold_temperate_benchmark
2023-03-14 00:00:00,0.269732,0.000000,synthetic_cold_temperate_benchmark
2023-03-14 01:00:00,-0.121846,0.000000,synthetic_cold_temperate_benchmark
2023-03-14 02:00:00,-0.324542,0.000000,synthetic_cold_temperate_benchmark
2023-03-14 03:00:00,-0.324542,0.000000,synthetic_cold_temperate_benchmark
2023-03-14 04:00:00,-0.121846,0.000000,synthetic_cold_temperate_benchmark
2023-03-14 05:00:00,0.269732,0.000000,synthetic_cold_temperate_benchmark
2023-03-14 06:00:00,0.823508,31.284021,synthetic_cold_temperate_benchmark
2023-03-14 07:00:00,1.501742,161.979674,synthetic_cold_temperate_benchmark
2023-03-14 08:00:00,2.258214,280.595196,synthetic_cold_temperate_benchmark
2023-03-14 09:00:00,3.041371,378.284471,synthetic_cold_temperate_benchmark
2023-03-14 10:00:00,3.797843,447.762021,synthetic_cold_temperate_benchmark
2023-03-14 11:00:00,4.476077,483.846346,synthetic_cold_temperate_benchmark
2023-03-14 12:00:00,5.029852,483.846346,synthetic_cold_temperate_benchmark
2023-03-14 13:00:00,5.421431,447.762021,synthetic_cold_temperate_benchmark
2023-03-14 14:00:00,5.624127,378.284471,synthetic_cold_temperate_benchmark
2023-03-14 15:00:00,5.624127,280.595196,synthetic_cold_temperate_benchmark
2023-03-14 16:00:00,5.421431,161.979674,synthetic_cold_temperate_benchmark
2023-03-14 17:00:00,5.029852,31.284021,synthetic_cold_temperate_benchmark
2023-03-14 18:00:00,4.476077,0.000000,synthetic_cold_temperate_benchmark
2023-03-14 19:00:00,3.797843,0.000000,synthetic_cold_temperate_benchmark
2023-03-14 20:00:00,3.041371,0.000000,synthetic_cold_temperate_benchmark
2023-03-14 21:00:00,2.258214,0.000000,synthetic_cold_temperate_benchmark
2023-03-14 22:00:00,1.501742,0.000000,synthetic_cold_temperate_benchmark
2023-03-14 23:00:00,0.823508,0.000000,synthetic_cold_temperate_benchmark
2023-03-15 00:00:00,0.425282,0.000000,synthetic_cold_temperate_benchmark
2023-03-15 01:00:00,0.033703,0.000000,synthetic_cold_temperate_benchmark
2023-03-15 02:00:00,-0.168993,0.000000,synthetic_cold_temperate_benchmark
2023-03-15 03:00:00,-0.168993,0.000000,synthetic_cold_temperate_benchmark
2023-03-15 04:00:00,0.033703,0.000000,synthetic_cold_temperate_benchmark
2023-03-15 05:00:00,0.425282,0.000000,synthetic_cold_temperate_benchmark
2023-03-15 06:00:00,0.979058,35.974630,synthetic_cold_temperate_benchmark
2023-03-15 07:00:00,1.657292,166.929352,synthetic_cold_temperate_benchmark
2023-03-15 08:00:00,2.413763,285.580915,synthetic_cold_temperate_benchmark
2023-03-15 09:00:00,3.196921,383.184366,synthetic_cold_temperate_benchmark
2023-03-15 10:00:00,3.953392,452.546058,synthetic_cold_temperate_benchmark
2023-03-15 11:00:00,4.631626,488.553841,synthetic_cold_temperate_benchmark
2023-03-15 12:00:00,5.185402,488.553841,synthetic_cold_temperate_benchmark
2023-03-15 13:00:00,5.576981,452.546058,synthetic_cold_temperate_benchmark
2023-03-15 14:00:00,5.779677,383.184366,synthetic_cold_temperate_benchmark
2023-03-15 15:00:00,5.779677,285.580915,synthetic_cold_temperate_benchmark
2023-03-15 16:00:00,5.576981,166.929352,synthetic_cold_temperate_benchmark
2023-03-15 17:00:00,5.185402,35.974630,synthetic_cold_temperate_benchmark
2023-03-15 18:00:00,4.631626,0.000000,synthetic_cold_temperate_benchmark
2023-03-15 19:00:00,3.953392,0.000000,synthetic_cold_temperate_benchmark
2023-03-15 20:00:00,3.196921,0.000000,synthetic_cold_temperate_benchmark
2023-03-15 21:00:00,2.413763,0.000000,synthetic_cold_temperate_benchmark
2023-03-15 22:00:00,1.657292,0.000000,synthetic_cold_temperate_benchmark
2023-03-15 23:00:00,0.979058,0.000000,synthetic_cold_temperate_benchmark
2023-03-16 00:00:00,0.582667,0.000000,synthetic_cold_temperate_benchmark
2023-03-16 01:00:00,0.191089,0.000000,synthetic_cold_temperate_benchmark
2023-03-16 02:00:00,-0.011607,0.000000,synthetic_cold_temperate_benchmark
2023-03-16 03:00:00,-0.011607,0.000000,synthetic_cold_temperate_benchmark
2023-03-16 04:00:00,0.191089,0.000000,synthetic_cold_temperate_benchmark
2023-03-16 05:00:00,0.582667,0.000000,synthetic_cold_temperate_benchmark
2023-03-16 06:00:00,1.136443,40.703366,synthetic_cold_temperate_benchmark
2023-03-16 07:00:00,1.814677,171.904507,synthetic_cold_temperate_benchmark
2023-03-16 08:00:00,2.571149,290.583936,synthetic_cold_temperate_benchmark
2023-03-16 09:00:00,3.354306,388.096913,synthetic_cold_temperate_benchmark
2023-03-16 10:00:00,4.110778,457.340485,synthetic_cold_temperate_benchmark
2023-03-16 11:00:00,4.789012,493.270876,synthetic_cold_temperate_benchmark
2023-03-16 12:00:00,5.342787,493.270876,synthetic_cold_temperate_benchmark
2023-03-16 13:00:00,5.734366,457.340485,synthetic_cold_temperate_benchmark
2023-03-16 14:00:00,5.937062,388.096913,synthetic_cold_temperate_benchmark
2023-03-16 15:00:00,5.937062,290.583936,synthetic_cold_temperate_benchmark
2023-03-16 16:00:00,5.734366,171.904507,synthetic_cold_temperate_benchmark
2023-03-16 17:00:00,5.342787,40.703366,synthetic_cold_temperate_benchmark
2023-03-16 18:00:00,4.789012,0.000000,synthetic_cold_temperate_benchmark
2023-03-16 19:00:00,4.110778,0.000000,synthetic_cold_temperate_benchmark
2023-03-16 20:00:00,3.354306,0.000000,synthetic_cold_temperate_benchmark
2023-03-16 21:00:00,2.571149,0.000000,synthetic_cold_temperate_benchmark
2023-03-16 22:00:00,1.814677,0.000000,synthetic_cold_temperate_benchmark
2023-03-16 23:00:00,1.136443,0.000000,synthetic_cold_temperate_benchmark
2023-03-17 00:00:00,0.741842,0.000000,synthetic_cold_temperate_benchmark
2023-03-17 01:00:00,0.350263,0.000000,synthetic_cold_temperate_benchmark
2023-03-17 02:00:00,0.147567,0.000000,synthetic_cold_temperate_benchmark
2023-03-17 03:00:00,0.147567,0.000000,synthetic_cold_temperate_benchmark
2023-03-17 04:00:00,0.350263,0.000000,synthetic_cold_temperate_benchmark
2023-03-17 05:00:00,0.741842,0.000000,synthetic_cold_temperate_benchmark
2023-03-17 06:00:00,1.295618,45.468110,synthetic_cold_temperate_benchmark
2023-03-17 07:00:00,1.973852,176.903208,synthetic_cold_temperate_benchmark
2023-03-17 08:00:00,2.730323,295.602522,synthetic_cold_temperate_benchmark
2023-03-17 09:00:00,3.513480,393.020537,synthetic_cold_temperate_benchmark
2023-03-17 10:00:00,4.269952,462.143843,synthetic_cold_temperate_benchmark
2023-03-17 11:00:00,4.948186,497.996049,synthetic_cold_temperate_benchmark
2023-03-17 12:00:00,5.501962,497.996049,synthetic_cold_temperate_benchmark
2023-03-17 13:00:00,5.893540,462.143843,synthetic_cold_temperate_benchmark
2023-03-17 14:00:00,6.096236,393.020537,synthetic_cold_temperate_benchmark
2023-03-17 15:00:00,6.096236,295.602522,synthetic_cold_temperate_benchmark
2023-03-17 16:00:00,5.893540,176.903208,synthetic_cold_temperate_benchmark
2023-03-17 17:00:00,5.501962,45.468110,synthetic_cold_temperate_benchmark
2023-03-17 18:00:00,4.948186,0.000000,synthetic_cold_temperate_benchmark
2023-03-17 19:00:00,4.269952,0.000000,synthetic_cold_temperate_benchmark
2023-03-17 20:00:00,3.513480,0.000000,synthetic_cold_temperate_benchmark
2023-03-17 21:00:00,2.730323,0.000000,synthetic_cold_temperate_benchmark
2023-03-17 22:00:00,1.973852,0.000000,synthetic_cold_temperate_benchmark
2023-03-17 23:00:00,1.295618,0.000000,synthetic_cold_temperate_benchmark
2023-03-18 00:00:00,0.902758,0.000000,synthetic_cold_temperate_benchmark
2023-03-18 01:00:00,0.511179,0.000000,synthetic_cold_temperate_benchmark
2023-03-18 02:00:00,0.308483,0.000000,synthetic_cold_temperate_benchmark
2023-03-18 03:00:00,0.308483,0.000000,synthetic_cold_temperate_benchmark
2023-03-18 04:00:00,0.511179,0.000000,synthetic_cold_temperate_benchmark
2023-03-18 05:00:00,0.902758,0.000000,synthetic_cold_temperate_benchmark
2023-03-18 06:00:00,1.456534,50.266725,synthetic_cold_temperate_benchmark
2023-03-18 07:00:00,2.134768,181.923515,synthetic_cold_temperate_benchmark
2023-03-18 08:00:00,2.891239,300.634929,synthetic_cold_temperate_benchmark
2023-03-18 09:00:00,3.674397,397.953659,synthetic_cold_temperate_benchmark
2023-03-18 10:00:00,4.430868,466.954667,synthetic_cold_temperate_benchmark
2023-03-18 11:00:00,5.109102,502.727955,synthetic_cold_temperate_benchmark
2023-03-18 12:00:00,5.662878,502.727955,synthetic_cold_temperate_benchmark
2023-03-18 13:00:00,6.054457,466.954667,synthetic_cold_temperate_benchmark
2023-03-18 14:00:00,6.257153,397.953659,synthetic_cold_temperate_benchmark
2023-03-18 15:00:00,6.257153,300.634929,synthetic_cold_temperate_benchmark
2023-03-18 16:00:00,6.054457,181.923515,synthetic_cold_temperate_benchmark
2023-03-18 17:00:00,5.662878,50.266725,synthetic_cold_temperate_benchmark
2023-03-18 18:00:00,5.109102,0.000000,synthetic_cold_temperate_benchmark
2023-03-18 19:00:00,4.430868,0.000000,synthetic_cold_temperate_benchmark
2023-03-18 20:00:00,3.674397,0.000000,synthetic_cold_temperate_benchmark
2023-03-18 21:00:00,2.891239,0.000000,synthetic_cold_temperate_benchmark
2023-03-18 22:00:00,2.134768,0.000000,synthetic_cold_temperate_benchmark
2023-03-18 23:00:00,1.456534,0.000000,synthetic_cold_temperate_benchmark
2023-03-19 00:00:00,1.065368,0.000000,synthetic_cold_temperate_benchmark
2023-03-19 01:00:00,0.673790,0.000000,synthetic_cold_temperate_benchmark
2023-03-19 02:00:00,0.471094,0.000000,synthetic_cold_temperate_benchmark
2023-03-19 03:00:00,0.471094,0.000000,synthetic_cold_temperate_benchmark
2023-03-19 04:00:00,0.673790,0.000000,synthetic_cold_temperate_benchmark
2023-03-19 05:00:00,1.065368,0.000000,synthetic_cold_temperate_benchmark
2023-03-19 06:00:00,1.619144,55.097057,synthetic_cold_temperate_benchmark
2023-03-19 07:00:00,2.297378,186.963481,synthetic_cold_temperate_benchmark
2023-03-19 08:00:00,3.053850,305.679412,synthetic_cold_temperate_benchmark
2023-03-19 09:00:00,3.837007,402.894701,synthetic_cold_temperate_benchmark
2023-03-19 10:00:00,4.593479,471.771494,synthetic_cold_temperate_benchmark
2023-03-19 11:00:00,5.271713,507.465189,synthetic_cold_temperate_benchmark
2023-03-19 12:00:00,5.825488,507.465189,synthetic_cold_temperate_benchmark
2023-03-19 13:00:00,6.217067,471.771494,synthetic_cold_temperate_benchmark
2023-03-19 14:00:00,6.419763,402.894701,synthetic_cold_temperate_benchmark
2023-03-19 15:00:00,6.419763,305.679412,synthetic_cold_temperate_benchmark
2023-03-19 16:00:00,6.217067,186.963481,synthetic_cold_temperate_benchmark
2023-03-19 17:00:00,5.825488,55.097057,synthetic_cold_temperate_benchmark
2023-03-19 18:00:00,5.271713,0.000000,synthetic_cold_temperate_benchmark
2023-03-19 19:00:00,4.593479,0.000000,synthetic_cold_temperate_benchmark
2023-03-19 20:00:00,3.837007,0.000000,synthetic_cold_temperate_benchmark
2023-03-19 21:00:00,3.053850,0.000000,synthetic_cold_temperate_benchmark
2023-03-19 22:00:00,2.297378,0.000000,synthetic_cold_temperate_benchmark
2023-03-19 23:00:00,1.619144,0.000000,synthetic_cold_temperate_benchmark
2023-03-20 00:00:00,1.229625,0.000000,synthetic_cold_temperate_benchmark
2023-03-20 01:00:00,0.838046,0.000000,synthetic_cold_temperate_benchmark
2023-03-20 02:00:00,0.635350,0.000000,synthetic_cold_temperate_benchmark
2023-03-20 03:00:00,0.635350,0.000000,synthetic_cold_temperate_benchmark
2023-03-20 04:00:00,0.838046,0.000000,synthetic_cold_temperate_benchmark
2023-03-20 05:00:00,1.229625,0.000000,synthetic_cold_temperate_benchmark
2023-03-20 06:00:00,1.783400,59.956935,synthetic_cold_temperate_benchmark
2023-03-20 07:00:00,2.461634,192.021154,synthetic_cold_temperate_benchmark
2023-03-20 08:00:00,3.218106,310.734226,synthetic_cold_temperate_benchmark
2023-03-20 09:00:00,4.001263,407.842083,synthetic_cold_temperate_benchmark
2023-03-20 10:00:00,4.757735,476.592859,synthetic_cold_temperate_benchmark
2023-03-20 11:00:00,5.435969,512.206341,synthetic_cold_temperate_benchmark
2023-03-20 12:00:00,5.989745,512.206341,synthetic_cold_temperate_benchmark
2023-03-20 13:00:00,6.381323,476.592859,synthetic_cold_temperate_benchmark
2023-03-20 14:00:00,6.584019,407.842083,synthetic_cold_temperate_benchmark
2023-03-20 15:00:00,6.584019,310.734226,synthetic_cold_temperate_benchmark
2023-03-20 16:00:00,6.381323,192.021154,synthetic_cold_temperate_benchmark
2023-03-20 17:00:00,5.989745,59.956935,synthetic_cold_temperate_benchmark
2023-03-20 18:00:00,5.435969,0.000000,synthetic_cold_temperate_benchmark
2023-03-20 19:00:00,4.757735,0.000000,synthetic_cold_temperate_benchmark
2023-03-20 20:00:00,4.001263,0.000000,synthetic_cold_temperate_benchmark
2023-03-20 21:00:00,3.218106,0.000000,synthetic_cold_temperate_benchmark
2023-03-20 22:00:00,2.461634,0.000000,synthetic_cold_temperate_benchmark
2023-03-20 23:00:00,1.783400,0.000000,synthetic_cold_temperate_benchmark
2023-03-21 00:00:00,1.395478,0.000000,synthetic_cold_temperate_benchmark
2023-03-21 01:00:00,1.003900,0.000000,synthetic_cold_temperate_benchmark
2023-03-21 02:00:00,0.801204,0.000000,synthetic_cold_temperate_benchmark
2023-03-21 03:00:00,0.801204,0.000000,synthetic_cold_temperate_benchmark
2023-03-21 04:00:00,1.003900,0.000000,synthetic_cold_temperate_benchmark
2023-03-21 05:00:00,1.395478,0.000000,synthetic_cold_temperate_benchmark
2023-03-21 06:00:00,1.949254,64.844178,synthetic_cold_temperate_benchmark
2023-03-21 07:00:00,2.627488,197.094577,synthetic_cold_temperate_benchmark
2023-03-21 08:00:00,3.383960,315.797622,synthetic_cold_temperate_benchmark
2023-03-21 09:00:00,4.167117,412.794224,synthetic_cold_temperate_benchmark
2023-03-21 10:00:00,4.923589,481.417294,synthetic_cold_temperate_benchmark
2023-03-21 11:00:00,5.601822,516.950005,synthetic_cold_temperate_benchmark
2023-03-21 12:00:00,6.155598,516.950005,synthetic_cold_temperate_benchmark
2023-03-21 13:00:00,6.547177,481.417294,synthetic_cold_temperate_benchmark
2023-03-21 14:00:00,6.749873,412.794224,synthetic_cold_temperate_benchmark
2023-03-21 15:00:00,6.749873,315.797622,synthetic_cold_temperate_benchmark
2023-03-21 16:00:00,6.547177,197.094577,synthetic_cold_temperate_benchmark
2023-03-21 17:00:00,6.155598,64.844178,synthetic_cold_temperate_benchmark
2023-03-21 18:00:00,5.601822,0.000000,synthetic_cold_temperate_benchmark
2023-03-21 19:00:00,4.923589,0.000000,synthetic_cold_temperate_benchmark
2023-03-21 20:00:00,4.167117,0.000000,synthetic_cold_temperate_benchmark
2023-03-21 21:00:00,3.383960,0.000000,synthetic_cold_temperate_benchmark
2023-03-21 22:00:00,2.627488,0.000000,synthetic_cold_temperate_benchmark
2023-03-21 23:00:00,1.949254,0.000000,synthetic_cold_temperate_benchmark
2023-03-22 00:00:00,1.562880,0.000000,synthetic_cold_temperate_benchmark
2023-03-22 01:00:00,1.171301,0.000000,synthetic_cold_temperate_benchmark
2023-03-22 02:00:00,0.968605,0.000000,synthetic_cold_temperate_benchmark
2023-03-22 03:00:00,0.968605,0.000000,synthetic_cold_temperate_benchmark
2023-03-22 04:00:00,1.171301,0.000000,synthetic_cold_temperate_benchmark
2023-03-22 05:00:00,1.562880,0.000000,synthetic_cold_temperate_benchmark
2023-03-22 06:00:00,2.116656,69.756595,synthetic_cold_temperate_benchmark
2023-03-22 07:00:00,2.794890,202.181791,synthetic_cold_temperate_benchmark
2023-03-22 08:00:00,3.551361,320.867853,synthetic_cold_temperate_benchmark
2023-03-22 09:00:00,4.334518,417.749546,synthetic_cold_temperate_benchmark
2023-03-22 10:00:00,5.090990,486.243335,synthetic_cold_temperate_benchmark
2023-03-22 11:00:00,5.769224,521.694770,synthetic_cold_temperate_benchmark
2023-03-22 12:00:00,6.323000,521.694770,synthetic_cold_temperate_benchmark
2023-03-22 13:00:00,6.714578,486.243335,synthetic_cold_temperate_benchmark
2023-03-22 14:00:00,6.917274,417.749546,synthetic_cold_temperate_benchmark
2023-03-22 15:00:00,6.917274,320.867853,synthetic_cold_temperate_benchmark
2023-03-22 16:00:00,6.714578,202.181791,synthetic_cold_temperate_benchmark
2023-03-22 17:00:00,6.323000,69.756595,synthetic_cold_temperate_benchmark
2023-03-22 18:00:00,5.769224,0.000000,synthetic_cold_temperate_benchmark
2023-03-22 19:00:00,5.090990,0.000000,synthetic_cold_temperate_benchmark
2023-03-22 20:00:00,4.334518,0.000000,synthetic_cold_temperate_benchmark
2023-03-22 21:00:00,3.551361,0.000000,synthetic_cold_temperate_benchmark
2023-03-22 22:00:00,2.794890,0.000000,synthetic_cold_temperate_benchmark
2023-03-22 23:00:00,2.116656,0.000000,synthetic_cold_temperate_benchmark
2023-03-23 00:00:00,1.731780,0.000000,synthetic_cold_temperate_benchmark
2023-03-23 01:00:00,1.340201,0.000000,synthetic_cold_temperate_benchmark
2023-03-23 02:00:00,1.137505,0.000000,synthetic_cold_temperate_benchmark
2023-03-23 03:00:00,1.137505,0.000000,synthetic_cold_temperate_benchmark
2023-03-23 04:00:00,1.340201,0.000000,synthetic_cold_temperate_benchmark
2023-03-23 05:00:00,1.731780,0.000000,synthetic_cold_temperate_benchmark
2023-03-23 06:00:00,2.285556,74.691984,synthetic_cold_temperate_benchmark
2023-03-23 07:00:00,2.963790,207.280837,synthetic_cold_temperate_benchmark
2023-03-23 08:00:00,3.720261,325.943175,synthetic_cold_temperate_benchmark
2023-03-23 09:00:00,4.503419,422.706470,synthetic_cold_temperate_benchmark
2023-03-23 10:00:00,5.259890,491.069516,synthetic_cold_temperate_benchmark
2023-03-23 11:00:00,5.938124,526.439226,synthetic_cold_temperate_benchmark
2023-03-23 12:00:00,6.491900,526.439226,synthetic_cold_temperate_benchmark
2023-03-23 13:00:00,6.883479,491.069516,synthetic_cold_temperate_benchmark
2023-03-23 14:00:00,7.086175,422.706470,synthetic_cold_temperate_benchmark
2023-03-23 15:00:00,7.086175,325.943175,synthetic_cold_temperate_benchmark
2023-03-23 16:00:00,6.883479,207.280837,synthetic_cold_temperate_benchmark
2023-03-23 17:00:00,6.491900,74.691984,synthetic_cold_temperate_benchmark
2023-03-23 18:00:00,5.938124,0.000000,synthetic_cold_temperate_benchmark
2023-03-23 19:00:00,5.259890,0.000000,synthetic_cold_temperate_benchmark
2023-03-23 20:00:00,4.503419,0.000000,synthetic_cold_temperate_benchmark
2023-03-23 21:00:00,3.720261,0.000000,synthetic_cold_temperate_benchmark
2023-03-23 22:00:00,2.963790,0.000000,synthetic_cold_temperate_benchmark
2023-03-23 23:00:00,2.285556,0.000000,synthetic_cold_temperate_benchmark
2023-03-24 00:00:00,1.902129,0.000000,synthetic_cold_temperate_benchmark
2023-03-24 01:00:00,1.510550,0.000000,synthetic_cold_temperate_benchmark
2023-03-24 02:00:00,1.307854,0.000000,synthetic_cold_temperate_benchmark
2023-03-24 03:00:00,1.307854,0.000000,synthetic_cold_temperate_benchmark
2023-03-24 04:00:00,1.510550,0.000000,synthetic_cold_temperate_benchmark
2023-03-24 05:00:00,1.902129,0.000000,synthetic_cold_temperate_benchmark
2023-03-24 06:00:00,2.455904,79.648141,synthetic_cold_temperate_benchmark
2023-03-24 07:00:00,3.134138,212.389752,synthetic_cold_temperate_benchmark
2023-03-24 08:00:00,3.890610,331.021843,synthetic_cold_temperate_benchmark
2023-03-24 09:00:00,4.673767,427.663420,synthetic_cold_temperate_benchmark
2023-03-24 10:00:00,5.430239,495.894372,synthetic_cold_temperate_benchmark
2023-03-24 11:00:00,6.108473,531.181964,synthetic_cold_temperate_benchmark
2023-03-24 12:00:00,6.662249,531.181964,synthetic_cold_temperate_benchmark
2023-03-24 13:00:00,7.053827,495.894372,synthetic_cold_temperate_benchmark
2023-03-24 14:00:00,7.256523,427.663420,synthetic_cold_temperate_benchmark
2023-03-24 15:00:00,7.256523,331.021843,synthetic_cold_temperate_benchmark
2023-03-24 16:00:00,7.053827,212.389752,synthetic_cold_temperate_benchmark
2023-03-24 17:00:00,6.662249,79.648141,synthetic_cold_temperate_benchmark
2023-03-24 18:00:00,6.108473,0.000000,synthetic_cold_temperate_benchmark
2023-03-24 19:00:00,5.430239,0.000000,synthetic_cold_temperate_benchmark
2023-03-24 20:00:00,4.673767,0.000000,synthetic_cold_temperate_benchmark
2023-03-24 21:00:00,3.890610,0.000000,synthetic_cold_temperate_benchmark
2023-03-24 22:00:00,3.134138,0.000000,synthetic_cold_temperate_benchmark
2023-03-24 23:00:00,2.455904,0.000000,synthetic_cold_temperate_benchmark
2023-03-25 00:00:00,2.073875,0.000000,synthetic_cold_temperate_benchmark
2023-03-25 01:00:00,1.682297,0.000000,synthetic_cold_temperate_benchmark
2023-03-25 02:00:00,1.479601,0.000000,synthetic_cold_temperate_benchmark
2023-03-25 03:00:00,1.479601,0.000000,synthetic_cold_temperate_benchmark
2023-03-25 04:00:00,1.682297,0.000000,synthetic_cold_temperate_benchmark
2023-03-25 05:00:00,2.073875,0.000000,synthetic_cold_temperate_benchmark
2023-03-25 06:00:00,2.627651,84.622854,synthetic_cold_temperate_benchmark
2023-03-25 07:00:00,3.305885,217.506579,synthetic_cold_temperate_benchmark
2023-03-25 08:00:00,4.062357,336.102115,synthetic_cold_temperate_benchmark
2023-03-25 09:00:00,4.845514,432.618823,synthetic_cold_temperate_benchmark
2023-03-25 10:00:00,5.601986,500.716439,synthetic_cold_temperate_benchmark
2023-03-25 11:00:00,6.280220,535.921575,synthetic_cold_temperate_benchmark
2023-03-25 12:00:00,6.833995,535.921575,synthetic_cold_temperate_benchmark
2023-03-25 13:00:00,7.225574,500.716439,synthetic_cold_temperate_benchmark
2023-03-25 14:00:00,7.428270,432.618823,synthetic_cold_temperate_benchmark
2023-03-25 15:00:00,7.428270,336.102115,synthetic_cold_temperate_benchmark
2023-03-25 16:00:00,7.225574,217.506579,synthetic_cold_temperate_benchmark
2023-03-25 17:00:00,6.833995,84.622854,synthetic_cold_temperate_benchmark
2023-03-25 18:00:00,6.280220,0.000000,synthetic_cold_temperate_benchmark
2023-03-25 19:00:00,5.601986,0.000000,synthetic_cold_temperate_benchmark
2023-03-25 20:00:00,4.845514,0.000000,synthetic_cold_temperate_benchmark
2023-03-25 21:00:00,4.062357,0.000000,synthetic_cold_temperate_benchmark
2023-03-25 22:00:00,3.305885,0.000000,synthetic_cold_temperate_benchmark
2023-03-25 23:00:00,2.627651,0.000000,synthetic_cold_temperate_benchmark
2023-03-26 00:00:00,2.246969,0.000000,synthetic_cold_temperate_benchmark
2023-03-26 01:00:00,1.855390,0.000000,synthetic_cold_temperate_benchmark
2023-03-26 02:00:00,1.652694,0.000000,synthetic_cold_temperate_benchmark
2023-03-26 03:00:00,1.652694,0.000000,synthetic_cold_temperate_benchmark
2023-03-26 04:00:00,1.855390,0.000000,synthetic_cold_temperate_benchmark
2023-03-26 05:00:00,2.246969,0.000000,synthetic_cold_temperate_benchmark
2023-03-26 06:00:00,2.800745,89.613912,synthetic_cold_temperate_benchmark
2023-03-26 07:00:00,3.478979,222.629361,synthetic_cold_temperate_benchmark
2023-03-26 08:00:00,4.235450,341.182256,synthetic_cold_temperate_benchmark
2023-03-26 09:00:00,5.018608,437.571108,synthetic_cold_temperate_benchmark
2023-03-26 10:00:00,5.775079,505.534258,synthetic_cold_temperate_benchmark
2023-03-26 11:00:00,6.453313,540.656651,synthetic_cold_temperate_benchmark
2023-03-26 12:00:00,7.007089,540.656651,synthetic_cold_temperate_benchmark
2023-03-26 13:00:00,7.398668,505.534258,synthetic_cold_temperate_benchmark
2023-03-26 14:00:00,7.601364,437.571108,synthetic_cold_temperate_benchmark
2023-03-26 15:00:00,7.601364,341.182256,synthetic_cold_temperate_benchmark
2023-03-26 16:00:00,7.398668,222.629361,synthetic_cold_temperate_benchmark
2023-03-26 17:00:00,7.007089,89.613912,synthetic_cold_temperate_benchmark
2023-03-26 18:00:00,6.453313,0.000000,synthetic_cold_temperate_benchmark
2023-03-26 19:00:00,5.775079,0.000000,synthetic_cold_temperate_benchmark
2023-03-26 20:00:00,5.018608,0.000000,synthetic_cold_temperate_benchmark
2023-03-26 21:00:00,4.235450,0.000000,synthetic_cold_temperate_benchmark
2023-03-26 22:00:00,3.478979,0.000000,synthetic_cold_temperate_benchmark
2023-03-26 23:00:00,2.800745,0.000000,synthetic_cold_temperate_benchmark
2023-03-27 00:00:00,2.421359,0.000000,synthetic_cold_temperate_benchmark
2023-03-27 01:00:00,2.029780,0.000000,synthetic_cold_temperate_benchmark
2023-03-27 02:00:00,1.827084,0.000000,synthetic_cold_temperate_benchmark
2023-03-27 03:00:00,1.827084,0.000000,synthetic_cold_temperate_benchmark
2023-03-27 04:00:00,2.029780,0.000000,synthetic_cold_temperate_benchmark
2023-03-27 05:00:00,2.421359,0.000000,synthetic_cold_temperate_benchmark
2023-03-27 06:00:00,2.975134,94.619102,synthetic_cold_temperate_benchmark
2023-03-27 07:00:00,3.653368,227.756146,synthetic_cold_temperate_benchmark
2023-03-27 08:00:00,4.409840,346.260533,synthetic_cold_temperate_benchmark
2023-03-27 09:00:00,5.192997,442.518707,synthetic_cold_temperate_benchmark
2023-03-27 10:00:00,5.949469,510.346368,synthetic_cold_temperate_benchmark
2023-03-27 11:00:00,6.627703,545.385787,synthetic_cold_temperate_benchmark
2023-03-27 12:00:00,7.181479,545.385787,synthetic_cold_temperate_benchmark
2023-03-27 13:00:00,7.573057,510.346368,synthetic_cold_temperate_benchmark
2023-03-27 14:00:00,7.775753,442.518707,synthetic_cold_temperate_benchmark
2023-03-27 15:00:00,7.775753,346.260533,synthetic_cold_temperate_benchmark
2023-03-27 16:00:00,7.573057,227.756146,synthetic_cold_temperate_benchmark
2023-03-27 17:00:00,7.181479,94.619102,synthetic_cold_temperate_benchmark
2023-03-27 18:00:00,6.627703,0.000000,synthetic_cold_temperate_benchmark
2023-03-27 19:00:00,5.949469,0.000000,synthetic_cold_temperate_benchmark
2023-03-27 20:00:00,5.192997,0.000000,synthetic_cold_temperate_benchmark
2023-03-27 21:00:00,4.409840,0.000000,synthetic_cold_temperate_benchmark
2023-03-27 22:00:00,3.653368,0.000000,synthetic_cold_temperate_benchmark
2023-03-27 23:00:00,2.975134,0.000000,synthetic_cold_temperate_benchmark
2023-03-28 00:00:00,2.596992,0.000000,synthetic_cold_temperate_benchmark
2023-03-28 01:00:00,2.205414,0.000000,synthetic_cold_temperate_benchmark
2023-03-28 02:00:00,2.002718,0.000000,synthetic_cold_temperate_benchmark
2023-03-28 03:00:00,2.002718,0.000000,synthetic_cold_temperate_benchmark
2023-03-28 04:00:00,2.205414,0.000000,synthetic_cold_temperate_benchmark
2023-03-28 05:00:00,2.596992,0.000000,synthetic_cold_temperate_benchmark
2023-03-28 06:00:00,3.150768,99.636211,synthetic_cold_temperate_benchmark
2023-03-28 07:00:00,3.829002,232.884984,synthetic_cold_temperate_benchmark
2023-03-28 08:00:00,4.585474,351.335217,synthetic_cold_temperate_benchmark
2023-03-28 09:00:00,5.368631,447.460059,synthetic_cold_temperate_benchmark
2023-03-28 10:00:00,6.125103,515.151313,synthetic_cold_temperate_benchmark
2023-03-28 11:00:00,6.803337,550.107577,synthetic_cold_temperate_benchmark
2023-03-28 12:00:00,7.357112,550.107577,synthetic_cold_temperate_benchmark
2023-03-28 13:00:00,7.748691,515.151313,synthetic_cold_temperate_benchmark
2023-03-28 14:00:00,7.951387,447.460059,synthetic_cold_temperate_benchmark
2023-03-28 15:00:00,7.951387,351.335217,synthetic_cold_temperate_benchmark
2023-03-28 16:00:00,7.748691,232.884984,synthetic_cold_temperate_benchmark
2023-03-28 17:00:00,7.357112,99.636211,synthetic_cold_temperate_benchmark
2023-03-28 18:00:00,6.803337,0.000000,synthetic_cold_temperate_benchmark
2023-03-28 19:00:00,6.125103,0.000000,synthetic_cold_temperate_benchmark
2023-03-28 20:00:00,5.368631,0.000000,synthetic_cold_temperate_benchmark
2023-03-28 21:00:00,4.585474,0.000000,synthetic_cold_temperate_benchmark
2023-03-28 22:00:00,3.829002,0.000000,synthetic_cold_temperate_benchmark
2023-03-28 23:00:00,3.150768,0.000000,synthetic_cold_temperate_benchmark
2023-03-29 00:00:00,2.773818,0.000000,synthetic_cold_temperate_benchmark
2023-03-29 01:00:00,2.382239,0.000000,synthetic_cold_temperate_benchmark
2023-03-29 02:00:00,2.179543,0.000000,synthetic_cold_temperate_benchmark
2023-03-29 03:00:00,2.179543,0.000000,synthetic_cold_temperate_benchmark
2023-03-29 04:00:00,2.382239,0.000000,synthetic_cold_temperate_benchmark
2023-03-29 05:00:00,2.773818,0.000000,synthetic_cold_temperate_benchmark
2023-03-29 06:00:00,3.327594,104.663033,synthetic_cold_temperate_benchmark
2023-03-29 07:00:00,4.005828,238.013936,synthetic_cold_temperate_benchmark
2023-03-29 08:00:00,4.762299,356.404588,synthetic_cold_temperate_benchmark
2023-03-29 09:00:00,5.545457,452.393604,synthetic_cold_temperate_benchmark
2023-03-29 10:00:00,6.301928,519.947640,synthetic_cold_temperate_benchmark
2023-03-29 11:00:00,6.980162,554.820620,synthetic_cold_temperate_benchmark
2023-03-29 12:00:00,7.533938,554.820620,synthetic_cold_temperate_benchmark
2023-03-29 13:00:00,7.925517,519.947640,synthetic_cold_temperate_benchmark
2023-03-29 14:00:00,8.128213,452.393604,synthetic_cold_temperate_benchmark
2023-03-29 15:00:00,8.128213,356.404588,synthetic_cold_temperate_benchmark
2023-03-29 16:00:00,7.925517,238.013936,synthetic_cold_temperate_benchmark
2023-03-29 17:00:00,7.533938,104.663033,synthetic_cold_temperate_benchmark
2023-03-29 18:00:00,6.980162,0.000000,synthetic_cold_temperate_benchmark
2023-03-29 19:00:00,6.301928,0.000000,synthetic_cold_temperate_benchmark
2023-03-29 20:00:00,5.545457,0.000000,synthetic_cold_temperate_benchmark
2023-03-29 21:00:00,4.762299,0.000000,synthetic_cold_temperate_benchmark
2023-03-29 22:00:00,4.005828,0.000000,synthetic_cold_temperate_benchmark
2023-03-29 23:00:00,3.327594,0.000000,synthetic_cold_temperate_benchmark
2023-03-30 00:00:00,2.951783,0.000000,synthetic_cold_temperate_benchmark
2023-03-30 01:00:00,2.560205,0.000000,synthetic_cold_temperate_benchmark
2023-03-30 02:00:00,2.357509,0.000000,synthetic_cold_temperate_benchmark
2023-03-30 03:00:00,2.357509,0.000000,synthetic_cold_temperate_benchmark
2023-03-30 04:00:00,2.560205,0.000000,synthetic_cold_temperate_benchmark
2023-03-30 05:00:00,2.951783,0.000000,synthetic_cold_temperate_benchmark
2023-03-30 06:00:00,3.505559,109.697364,synthetic_cold_temperate_benchmark
2023-03-30 07:00:00,4.183793,243.141065,synthetic_cold_temperate_benchmark
2023-03-30 08:00:00,4.940265,361.466932,synthetic_cold_temperate_benchmark
2023-03-30 09:00:00,5.723422,457.317790,synthetic_cold_temperate_benchmark
2023-03-30 10:00:00,6.479894,524.733900,synthetic_cold_temperate_benchmark
2023-03-30 11:00:00,7.158128,559.523515,synthetic_cold_temperate_benchmark
2023-03-30 12:00:00,7.711903,559.523515,synthetic_cold_temperate_benchmark
2023-03-30 13:00:00,8.103482,524.733900,synthetic_cold_temperate_benchmark
2023-03-30 14:00:00,8.306178,457.317790,synthetic_cold_temperate_benchmark
2023-03-30 15:00:00,8.306178,361.466932,synthetic_cold_temperate_benchmark
2023-03-30 16:00:00,8.103482,243.141065,synthetic_cold_temperate_benchmark
2023-03-30 17:00:00,7.711903,109.697364,synthetic_cold_temperate_benchmark
2023-03-30 18:00:00,7.158128,0.000000,synthetic_cold_temperate_benchmark
2023-03-30 19:00:00,6.479894,0.000000,synthetic_cold_temperate_benchmark
2023-03-30 20:00:00,5.723422,0.000000,synthetic_cold_temperate_benchmark
2023-03-30 21:00:00,4.940265,0.000000,synthetic_cold_temperate_benchmark
2023-03-30 22:00:00,4.183793,0.000000,synthetic_cold_temperate_benchmark
2023-03-30 23:00:00,3.505559,0.000000,synthetic_cold_temperate_benchmark
2023-03-31 00:00:00,3.130836,0.000000,synthetic_cold_temperate_benchmark
2023-03-31 01:00:00,2.739257,0.000000,synthetic_cold_temperate_benchmark
2023-03-31 02:00:00,2.536561,0.000000,synthetic_cold_temperate_benchmark
2023-03-31 03:00:00,2.536561,0.000000,synthetic_cold_temperate_benchmark
2023-03-31 04:00:00,2.739257,0.000000,synthetic_cold_temperate_benchmark
2023-03-31 05:00:00,3.130836,0.000000,synthetic_cold_temperate_benchmark
2023-03-31 06:00:00,3.684612,114.737006,synthetic_cold_temperate_benchmark
2023-03-31 07:00:00,4.362846,248.264446,synthetic_cold_temperate_benchmark
2023-03-31 08:00:00,5.119317,366.520539,synthetic_cold_temperate_benchmark
2023-03-31 09:00:00,5.902474,462.231068,synthetic_cold_temperate_benchmark
2023-03-31 10:00:00,6.658946,529.508647,synthetic_cold_temperate_benchmark
2023-03-31 11:00:00,7.337180,564.214867,synthetic_cold_temperate_benchmark
2023-03-31 12:00:00,7.890956,564.214867,synthetic_cold_temperate_benchmark
2023-03-31 13:00:00,8.282534,529.508647,synthetic_cold_temperate_benchmark
2023-03-31 14:00:00,8.485230,462.231068,synthetic_cold_temperate_benchmark
2023-03-31 15:00:00,8.485230,366.520539,synthetic_cold_temperate_benchmark
2023-03-31 16:00:00,8.282534,248.264446,synthetic_cold_temperate_benchmark
2023-03-31 17:00:00,7.890956,114.737006,synthetic_cold_temperate_benchmark
2023-03-31 18:00:00,7.337180,0.000000,synthetic_cold_temperate_benchmark
2023-03-31 19:00:00,6.658946,0.000000,synthetic_cold_temperate_benchmark
2023-03-31 20:00:00,5.902474,0.000000,synthetic_cold_temperate_benchmark
2023-03-31 21:00:00,5.119317,0.000000,synthetic_cold_temperate_benchmark
2023-03-31 22:00:00,4.362846,0.000000,synthetic_cold_temperate_benchmark
2023-03-31 23:00:00,3.684612,0.000000,synthetic_cold_temperate_benchmark
2023-04-01 00:00:00,3.310922,0.000000,synthetic_cold_temperate_benchmark
2023-04-01 01:00:00,2.919344,0.000000,synthetic_cold_temperate_benchmark
2023-04-01 02:00:00,2.716648,0.000000,synthetic_cold_temperate_benchmark
2023-04-01 03:00:00,2.716648,0.000000,synthetic_cold_temperate_benchmark
2023-04-01 04:00:00,2.919344,0.000000,synthetic_cold_temperate_benchmark
2023-04-01 05:00:00,3.310922,0.000000,synthetic_cold_temperate_benchmark
2023-04-01 06:00:00,3.864698,119.779768,synthetic_cold_temperate_benchmark
2023-04-01 07:00:00,4.542932,253.382159,synthetic_cold_temperate_benchmark
2023-04-01 08:00:00,5.299404,371.563712,synthetic_cold_temperate_benchmark
2023-04-01 09:00:00,6.082561,467.131899,synthetic_cold_temperate_benchmark
2023-04-01 10:00:00,6.839032,534.270440,synthetic_cold_temperate_benchmark
2023-04-01 11:00:00,7.517266,568.893284,synthetic_cold_temperate_benchmark
2023-04-01 12:00:00,8.071042,568.893284,synthetic_cold_temperate_benchmark
2023-04-01 13:00:00,8.462621,534.270440,synthetic_cold_temperate_benchmark
2023-04-01 14:00:00,8.665317,467.131899,synthetic_cold_temperate_benchmark
2023-04-01 15:00:00,8.665317,371.563712,synthetic_cold_temperate_benchmark
2023-04-01 16:00:00,8.462621,253.382159,synthetic_cold_temperate_benchmark
2023-04-01 17:00:00,8.071042,119.779768,synthetic_cold_temperate_benchmark
2023-04-01 18:00:00,7.517266,0.000000,synthetic_cold_temperate_benchmark
2023-04-01 19:00:00,6.839032,0.000000,synthetic_cold_temperate_benchmark
2023-04-01 20:00:00,6.082561,0.000000,synthetic_cold_temperate_benchmark
2023-04-01 21:00:00,5.299404,0.000000,synthetic_cold_temperate_benchmark
2023-04-01 22:00:00,4.542932,0.000000,synthetic_cold_temperate_benchmark
2023-04-01 23:00:00,3.864698,0.000000,synthetic_cold_temperate_benchmark
2023-04-02 00:00:00,3.491989,0.000000,synthetic_cold_temperate_benchmark
2023-04-02 01:00:00,3.100410,0.000000,synthetic_cold_temperate_benchmark
2023-04-02 02:00:00,2.897714,0.000000,synthetic_cold_temperate_benchmark
2023-04-02 03:00:00,2.897714,0.000000,synthetic_cold_temperate_benchmark
2023-04-02 04:00:00,3.100410,0.000000,synthetic_cold_temperate_benchmark
2023-04-02 05:00:00,3.491989,0.000000,synthetic_cold_temperate_benchmark
2023-04-02 06:00:00,4.045765,124.823472,synthetic_cold_temperate_benchmark
2023-04-02 07:00:00,4.723999,258.492297,synthetic_cold_temperate_benchmark
2023-04-02 08:00:00,5.480470,376.594760,synthetic_cold_temperate_benchmark
2023-04-02 09:00:00,6.263628,472.018748,synthetic_cold_temperate_benchmark
2023-04-02 10:00:00,7.020099,539.017844,synthetic_cold_temperate_benchmark
2023-04-02 11:00:00,7.698333,573.557375,synthetic_cold_temperate_benchmark
2023-04-02 12:00:00,8.252109,573.557375,synthetic_cold_temperate_benchmark
2023-04-02 13:00:00,8.643688,539.017844,synthetic_cold_temperate_benchmark
2023-04-02 14:00:00,8.846384,472.018748,synthetic_cold_temperate_benchmark
2023-04-02 15:00:00,8.846384,376.594760,synthetic_cold_temperate_benchmark
2023-04-02 16:00:00,8.643688,258.492297,synthetic_cold_temperate_benchmark
2023-04-02 17:00:00,8.252109,124.823472,synthetic_cold_temperate_benchmark
2023-04-02 18:00:00,7.698333,0.000000,synthetic_cold_temperate_benchmark
2023-04-02 19:00:00,7.020099,0.000000,synthetic_cold_temperate_benchmark
2023-04-02 20:00:00,6.263628,0.000000,synthetic_cold_temperate_benchmark
2023-04-02 21:00:00,5.480470,0.000000,synthetic_cold_temperate_benchmark
2023-04-02 22:00:00,4.723999,0.000000,synthetic_cold_temperate_benchmark
2023-04-02 23:00:00,4.045765,0.000000,synthetic_cold_temperate_benchmark
2023-04-03 00:00:00,3.673983,0.000000,synthetic_cold_temperate_benchmark
2023-04-03 01:00:00,3.282404,0.000000,synthetic_cold_temperate_benchmark
2023-04-03 02:00:00,3.079708,0.000000,synthetic_cold_temperate_benchmark
2023-04-03 03:00:00,3.079708,0.000000,synthetic_cold_temperate_benchmark
2023-04-03 04:00:00,3.282404,0.000000,synthetic_cold_temperate_benchmark
2023-04-03 05:00:00,3.673983,0.000000,synthetic_cold_temperate_benchmark
2023-04-03 06:00:00,4.227758,129.865945,synthetic_cold_temperate_benchmark
2023-04-03 07:00:00,4.905992,263.592963,synthetic_cold_temperate_benchmark
2023-04-03 08:00:00,5.662464,381.612000,synthetic_cold_temperate_benchmark
2023-04-03 09:00:00,6.445621,476.890086,synthetic_cold_temperate_benchmark
2023-04-03 10:00:00,7.202093,543.749428,synthetic_cold_temperate_benchmark
2023-04-03 11:00:00,7.880327,578.205757,synthetic_cold_temperate_benchmark
2023-04-03 12:00:00,8.434103,578.205757,synthetic_cold_temperate_benchmark
2023-04-03 13:00:00,8.825681,543.749428,synthetic_cold_temperate_benchmark
2023-04-03 14:00:00,9.028377,476.890086,synthetic_cold_temperate_benchmark
2023-04-03 15:00:00,9.028377,381.612000,synthetic_cold_temperate_benchmark
2023-04-03 16:00:00,8.825681,263.592963,synthetic_cold_temperate_benchmark
2023-04-03 17:00:00,8.434103,129.865945,synthetic_cold_temperate_benchmark
2023-04-03 18:00:00,7.880327,0.000000,synthetic_cold_temperate_benchmark
2023-04-03 19:00:00,7.202093,0.000000,synthetic_cold_temperate_benchmark
2023-04-03 20:00:00,6.445621,0.000000,synthetic_cold_temperate_benchmark
2023-04-03 21:00:00,5.662464,0.000000,synthetic_cold_temperate_benchmark
2023-04-03 22:00:00,4.905992,0.000000,synthetic_cold_temperate_benchmark
2023-04-03 23:00:00,4.227758,0.000000,synthetic_cold_temperate_benchmark
2023-04-04 00:00:00,3.856849,0.000000,synthetic_cold_temperate_benchmark
2023-04-04 01:00:00,3.465271,0.000000,synthetic_cold_temperate_benchmark
2023-04-04 02:00:00,3.262575,0.000000,synthetic_cold_temperate_benchmark
2023-04-04 03:00:00,3.262575,0.000000,synthetic_cold_temperate_benchmark
2023-04-04 04:00:00,3.465271,0.000000,synthetic_cold_temperate_benchmark
2023-04-04 05:00:00,3.856849,0.000000,synthetic_cold_temperate_benchmark
2023-04-04 06:00:00,4.410625,134.905029,synthetic_cold_temperate_benchmark
2023-04-04 07:00:00,5.088859,268.682271,synthetic_cold_temperate_benchmark
2023-04-04 08:00:00,5.845331,386.613761,synthetic_cold_temperate_benchmark
2023-04-04 09:00:00,6.628488,481.744395,synthetic_cold_temperate_benchmark
2023-04-04 10:00:00,7.384960,548.463768,synthetic_cold_temperate_benchmark
2023-04-04 11:00:00,8.063194,582.837050,synthetic_cold_temperate_benchmark
2023-04-04 12:00:00,8.616969,582.837050,synthetic_cold_temperate_benchmark
2023-04-04 13:00:00,9.008548,548.463768,synthetic_cold_temperate_benchmark
2023-04-04 14:00:00,9.211244,481.744395,synthetic_cold_temperate_benchmark
2023-04-04 15:00:00,9.211244,386.613761,synthetic_cold_temperate_benchmark
2023-04-04 16:00:00,9.008548,268.682271,synthetic_cold_temperate_benchmark
2023-04-04 17:00:00,8.616969,134.905029,synthetic_cold_temperate_benchmark
2023-04-04 18:00:00,8.063194,0.000000,synthetic_cold_temperate_benchmark
2023-04-04 19:00:00,7.384960,0.000000,synthetic_cold_temperate_benchmark
2023-04-04 20:00:00,6.628488,0.000000,synthetic_cold_temperate_benchmark
2023-04-04 21:00:00,5.845331,0.000000,synthetic_cold_temperate_benchmark
2023-04-04 22:00:00,5.088859,0.000000,synthetic_cold_temperate_benchmark
2023-04-04 23:00:00,4.410625,0.000000,synthetic_cold_temperate_benchmark
2023-04-05 00:00:00,4.040535,0.000000,synthetic_cold_temperate_benchmark
2023-04-05 01:00:00,3.648956,0.000000,synthetic_cold_temperate_benchmark
2023-04-05 02:00:00,3.446260,0.000000,synthetic_cold_temperate_benchmark
2023-04-05 03:00:00,3.446260,0.000000,synthetic_cold_temperate_benchmark
2023-04-05 04:00:00,3.648956,0.000000,synthetic_cold_temperate_benchmark
2023-04-05 05:00:00,4.040535,0.000000,synthetic_cold_temperate_benchmark
2023-04-05 06:00:00,4.594310,139.938577,synthetic_cold_temperate_benchmark
2023-04-05 07:00:00,5.272544,273.758347,synthetic_cold_temperate_benchmark
2023-04-05 08:00:00,6.029016,391.598383,synthetic_cold_temperate_benchmark
2023-04-05 09:00:00,6.812173,486.580164,synthetic_cold_temperate_benchmark
2023-04-05 10:00:00,7.568645,553.159444,synthetic_cold_temperate_benchmark
2023-04-05 11:00:00,8.246879,587.449879,synthetic_cold_temperate_benchmark
2023-04-05 12:00:00,8.800655,587.449879,synthetic_cold_temperate_benchmark
2023-04-05 13:00:00,9.192233,553.159444,synthetic_cold_temperate_benchmark
2023-04-05 14:00:00,9.394929,486.580164,synthetic_cold_temperate_benchmark
2023-04-05 15:00:00,9.394929,391.598383,synthetic_cold_temperate_benchmark
2023-04-05 16:00:00,9.192233,273.758347,synthetic_cold_temperate_benchmark
2023-04-05 17:00:00,8.800655,139.938577,synthetic_cold_temperate_benchmark
2023-04-05 18:00:00,8.246879,0.000000,synthetic_cold_temperate_benchmark
2023-04-05 19:00:00,7.568645,0.000000,synthetic_cold_temperate_benchmark
2023-04-05 20:00:00,6.812173,0.000000,synthetic_cold_temperate_benchmark
2023-04-05 21:00:00,6.029016,0.000000,synthetic_cold_temperate_benchmark
2023-04-05 22:00:00,5.272544,0.000000,synthetic_cold_temperate_benchmark
2023-04-05 23:00:00,4.594310,0.000000,synthetic_cold_temperate_benchmark
2023-04-06 00:00:00,4.224984,0.000000,synthetic_cold_temperate_benchmark
2023-04-06 01:00:00,3.833406,0.000000,synthetic_cold_temperate_benchmark
2023-04-06 02:00:00,3.630710,0.000000,synthetic_cold_temperate_benchmark
2023-04-06 03:00:00,3.630710,0.000000,synthetic_cold_temperate_benchmark
2023-04-06 04:00:00,3.833406,0.000000,synthetic_cold_temperate_benchmark
2023-04-06 05:00:00,4.224984,2.733638,synthetic_cold_temperate_benchmark
2023-04-06 06:00:00,4.778760,144.964458,synthetic_cold_temperate_benchmark
2023-04-06 07:00:00,5.456994,278.819330,synthetic_cold_temperate_benchmark
2023-04-06 08:00:00,6.213466,396.564213,synthetic_cold_temperate_benchmark
2023-04-06 09:00:00,6.996623,491.395888,synthetic_cold_temperate_benchmark
2023-04-06 10:00:00,7.753095,557.835045,synthetic_cold_temperate_benchmark
2023-04-06 11:00:00,8.431329,592.042876,synthetic_cold_temperate_benchmark
2023-04-06 12:00:00,8.985104,592.042876,synthetic_cold_temperate_benchmark
2023-04-06 13:00:00,9.376683,557.835045,synthetic_cold_temperate_benchmark
2023-04-06 14:00:00,9.579379,491.395888,synthetic_cold_temperate_benchmark
2023-04-06 15:00:00,9.579379,396.564213,synthetic_cold_temperate_benchmark
2023-04-06 16:00:00,9.376683,278.819330,synthetic_cold_temperate_benchmark
2023-04-06 17:00:00,8.985104,144.964458,synthetic_cold_temperate_benchmark
2023-04-06 18:00:00,8.431329,2.733638,synthetic_cold_temperate_benchmark
2023-04-06 19:00:00,7.753095,0.000000,synthetic_cold_temperate_benchmark
2023-04-06 20:00:00,6.996623,0.000000,synthetic_cold_temperate_benchmark
2023-04-06 21:00:00,6.213466,0.000000,synthetic_cold_temperate_benchmark
2023-04-06 22:00:00,5.456994,0.000000,synthetic_cold_temperate_benchmark
2023-04-06 23:00:00,4.778760,0.000000,synthetic_cold_temperate_benchmark
2023-04-07 00:00:00,4.410144,0.000000,synthetic_cold_temperate_benchmark
2023-04-07 01:00:00,4.018565,0.000000,synthetic_cold_temperate_benchmark
2023-04-07 02:00:00,3.815869,0.000000,synthetic_cold_temperate_benchmark
2023-04-07 03:00:00,3.815869,0.000000,synthetic_cold_temperate_benchmark
2023-04-07 04:00:00,4.018565,0.000000,synthetic_cold_temperate_benchmark
2023-04-07 05:00:00,4.410144,7.519058,synthetic_cold_temperate_benchmark
2023-04-07 06:00:00,4.963920,149.980553,synthetic_cold_temperate_benchmark
2023-04-07 07:00:00,5.642154,283.863374,synthetic_cold_temperate_benchmark
2023-04-07 08:00:00,6.398625,401.509613,synthetic_cold_temperate_benchmark
2023-04-07 09:00:00,7.181782,496.190073,synthetic_cold_temperate_benchmark
2023-04-07 10:00:00,7.938254,562.489166,synthetic_cold_temperate_benchmark
2023-04-07 11:00:00,8.616488,596.614678,synthetic_cold_temperate_benchmark
2023-04-07 12:00:00,9.170264,596.614678,synthetic_cold_temperate_benchmark
2023-04-07 13:00:00,9.561842,562.489166,synthetic_cold_temperate_benchmark
2023-04-07 14:00:00,9.764538,496.190073,synthetic_cold_temperate_benchmark
2023-04-07 15:00:00,9.764538,401.509613,synthetic_cold_temperate_benchmark
2023-04-07 16:00:00,9.561842,283.863374,synthetic_cold_temperate_benchmark
2023-04-07 17:00:00,9.170264,149.980553,synthetic_cold_temperate_benchmark
2023-04-07 18:00:00,8.616488,7.519058,synthetic_cold_temperate_benchmark
2023-04-07 19:00:00,7.938254,0.000000,synthetic_cold_temperate_benchmark
2023-04-07 20:00:00,7.181782,0.000000,synthetic_cold_temperate_benchmark
2023-04-07 21:00:00,6.398625,0.000000,synthetic_cold_temperate_benchmark
2023-04-07 22:00:00,5.642154,0.000000,synthetic_cold_temperate_benchmark
2023-04-07 23:00:00,4.963920,0.000000,synthetic_cold_temperate_benchmark
2023-04-08 00:00:00,4.595958,0.000000,synthetic_cold_temperate_benchmark
2023-04-08 01:00:00,4.204380,0.000000,synthetic_cold_temperate_benchmark
2023-04-08 02:00:00,4.001684,0.000000,synthetic_cold_temperate_benchmark
2023-04-08 03:00:00,4.001684,0.000000,synthetic_cold_temperate_benchmark
2023-04-08 04:00:00,4.204380,0.000000,synthetic_cold_temperate_benchmark
2023-04-08 05:00:00,4.595958,12.304192,synthetic_cold_temperate_benchmark
2023-04-08 06:00:00,5.149734,154.984762,synthetic_cold_temperate_benchmark
2023-04-08 07:00:00,5.827968,288.888646,synthetic_cold_temperate_benchmark
2023-04-08 08:00:00,6.584440,406.432957,synthetic_cold_temperate_benchmark
2023-04-08 09:00:00,7.367597,500.961236,synthetic_cold_temperate_benchmark
2023-04-08 10:00:00,8.124068,567.120410,synthetic_cold_temperate_benchmark
2023-04-08 11:00:00,8.802302,601.163929,synthetic_cold_temperate_benchmark
2023-04-08 12:00:00,9.356078,601.163929,synthetic_cold_temperate_benchmark
2023-04-08 13:00:00,9.747657,567.120410,synthetic_cold_temperate_benchmark
2023-04-08 14:00:00,9.950353,500.961236,synthetic_cold_temperate_benchmark
2023-04-08 15:00:00,9.950353,406.432957,synthetic_cold_temperate_benchmark
2023-04-08 16:00:00,9.747657,288.888646,synthetic_cold_temperate_benchmark
2023-04-08 17:00:00,9.356078,154.984762,synthetic_cold_temperate_benchmark
2023-04-08 18:00:00,8.802302,12.304192,synthetic_cold_temperate_benchmark
2023-04-08 19:00:00,8.124068,0.000000,synthetic_cold_temperate_benchmark
2023-04-08 20:00:00,7.367597,0.000000,synthetic_cold_temperate_benchmark
2023-04-08 21:00:00,6.584440,0.000000,synthetic_cold_temperate_benchmark
2023-04-08 22:00:00,5.827968,0.000000,synthetic_cold_temperate_benchmark
2023-04-08 23:00:00,5.149734,0.000000,synthetic_cold_temperate_benchmark
2023-04-09 00:00:00,4.782372,0.000000,synthetic_cold_temperate_benchmark
2023-04-09 01:00:00,4.390794,0.000000,synthetic_cold_temperate_benchmark
2023-04-09 02:00:00,4.188098,0.000000,synthetic_cold_temperate_benchmark
2023-04-09 03:00:00,4.188098,0.000000,synthetic_cold_temperate_benchmark
2023-04-09 04:00:00,4.390794,0.000000,synthetic_cold_temperate_benchmark
2023-04-09 05:00:00,4.782372,17.086634,synthetic_cold_temperate_benchmark
2023-04-09 06:00:00,5.336148,159.974999,synthetic_cold_temperate_benchmark
2023-04-09 07:00:00,6.014382,293.893330,synthetic_cold_temperate_benchmark
2023-04-09 08:00:00,6.770854,411.332629,synthetic_cold_temperate_benchmark
2023-04-09 09:00:00,7.554011,505.707902,synthetic_cold_temperate_benchmark
2023-04-09 10:00:00,8.310482,571.727388,synthetic_cold_temperate_benchmark
2023-04-09 11:00:00,8.988716,605.689278,synthetic_cold_temperate_benchmark
2023-04-09 12:00:00,9.542492,605.689278,synthetic_cold_temperate_benchmark
2023-04-09 13:00:00,9.934071,571.727388,synthetic_cold_temperate_benchmark
2023-04-09 14:00:00,10.136767,505.707902,synthetic_cold_temperate_benchmark
2023-04-09 15:00:00,10.136767,411.332629,synthetic_cold_temperate_benchmark
2023-04-09 16:00:00,9.934071,293.893330,synthetic_cold_temperate_benchmark
2023-04-09 17:00:00,9.542492,159.974999,synthetic_cold_temperate_benchmark
2023-04-09 18:00:00,8.988716,17.086634,synthetic_cold_temperate_benchmark
2023-04-09 19:00:00,8.310482,0.000000,synthetic_cold_temperate_benchmark
2023-04-09 20:00:00,7.554011,0.000000,synthetic_cold_temperate_benchmark
2023-04-09 21:00:00,6.770854,0.000000,synthetic_cold_temperate_benchmark
2023-04-09 22:00:00,6.014382,0.000000,synthetic_cold_temperate_benchmark
2023-04-09 23:00:00,5.336148,0.000000,synthetic_cold_temperate_benchmark
2023-04-10 00:00:00,4.969331,0.000000,synthetic_cold_temperate_benchmark
2023-04-10 01:00:00,4.577752,0.000000,synthetic_cold_temperate_benchmark
2023-04-10 02:00:00,4.375056,0.000000,synthetic_cold_temperate_benchmark
2023-04-10 03:00:00,4.375056,0.000000,synthetic_cold_temperate_benchmark
2023-04-10 04:00:00,4.577752,0.000000,synthetic_cold_temperate_benchmark
2023-04-10 05:00:00,4.969331,21.863995,synthetic_cold_temperate_benchmark
2023-04-10 06:00:00,5.523106,164.949197,synthetic_cold_temperate_benchmark
2023-04-10 07:00:00,6.201340,298.875622,synthetic_cold_temperate_benchmark
2023-04-10 08:00:00,6.957812,416.207027,synthetic_cold_temperate_benchmark
2023-04-10 09:00:00,7.740969,510.428604,synthetic_cold_temperate_benchmark
2023-04-10 10:00:00,8.497441,576.308717,synthetic_cold_temperate_benchmark
2023-04-10 11:00:00,9.175675,610.189383,synthetic_cold_temperate_benchmark
2023-04-10 12:00:00,9.729451,610.189383,synthetic_cold_temperate_benchmark
2023-04-10 13:00:00,10.121029,576.308717,synthetic_cold_temperate_benchmark
2023-04-10 14:00:00,10.323725,510.428604,synthetic_cold_temperate_benchmark
2023-04-10 15:00:00,10.323725,416.207027,synthetic_cold_temperate_benchmark
2023-04-10 16:00:00,10.121029,298.875622,synthetic_cold_temperate_benchmark
2023-04-10 17:00:00,9.729451,164.949197,synthetic_cold_temperate_benchmark
2023-04-10 18:00:00,9.175675,21.863995,synthetic_cold_temperate_benchmark
2023-04-10 19:00:00,8.497441,0.000000,synthetic_cold_temperate_benchmark
2023-04-10 20:00:00,7.740969,0.000000,synthetic_cold_temperate_benchmark
2023-04-10 21:00:00,6.957812,0.000000,synthetic_cold_temperate_benchmark
2023-04-10 22:00:00,6.201340,0.000000,synthetic_cold_temperate_benchmark
2023-04-10 23:00:00,5.523106,0.000000,synthetic_cold_temperate_benchmark
2023-04-11 00:00:00,5.156778,0.000000,synthetic_cold_temperate_benchmark
2023-04-11 01:00:00,4.765200,0.000000,synthetic_cold_temperate_benchmark
2023-04-11 02:00:00,4.562504,0.000000,synthetic_cold_temperate_benchmark
2023-04-11 03:00:00,4.562504,0.000000,synthetic_cold_temperate_benchmark
2023-04-11 04:00:00,4.765200,0.000000,synthetic_cold_temperate_benchmark
2023-04-11 05:00:00,5.156778,26.633906,synthetic_cold_temperate_benchmark
2023-04-11 06:00:00,5.710554,169.905309,synthetic_cold_temperate_benchmark
2023-04-11 07:00:00,6.388788,303.833738,synthetic_cold_temperate_benchmark
2023-04-11 08:00:00,7.145260,421.054562,synthetic_cold_temperate_benchmark
2023-04-11 09:00:00,7.928417,515.121890,synthetic_cold_temperate_benchmark
2023-04-11 10:00:00,8.684889,580.863026,synthetic_cold_temperate_benchmark
2023-04-11 11:00:00,9.363123,614.662909,synthetic_cold_temperate_benchmark
2023-04-11 12:00:00,9.916898,614.662909,synthetic_cold_temperate_benchmark
2023-04-11 13:00:00,10.308477,580.863026,synthetic_cold_temperate_benchmark
2023-04-11 14:00:00,10.511173,515.121890,synthetic_cold_temperate_benchmark
2023-04-11 15:00:00,10.511173,421.054562,synthetic_cold_temperate_benchmark
2023-04-11 16:00:00,10.308477,303.833738,synthetic_cold_temperate_benchmark
2023-04-11 17:00:00,9.916898,169.905309,synthetic_cold_temperate_benchmark
2023-04-11 18:00:00,9.363123,26.633906,synthetic_cold_temperate_benchmark
2023-04-11 19:00:00,8.684889,0.000000,synthetic_cold_temperate_benchmark
2023-04-11 20:00:00,7.928417,0.000000,synthetic_cold_temperate_benchmark
2023-04-11 21:00:00,7.145260,0.000000,synthetic_cold_temperate_benchmark
2023-04-11 22:00:00,6.388788,0.000000,synthetic_cold_temperate_benchmark
2023-04-11 23:00:00,5.710554,0.000000,synthetic_cold_temperate_benchmark
2023-04-12 00:00:00,5.344659,0.000000,synthetic_cold_temperate_benchmark
2023-04-12 01:00:00,4.953081,0.000000,synthetic_cold_temperate_benchmark
2023-04-12 02:00:00,4.750385,0.000000,synthetic_cold_temperate_benchmark
2023-04-12 03:00:00,4.750385,0.000000,synthetic_cold_temperate_benchmark
2023-04-12 04:00:00,4.953081,0.000000,synthetic_cold_temperate_benchmark
2023-04-12 05:00:00,5.344659,31.394016,synthetic_cold_temperate_benchmark
2023-04-12 06:00:00,5.898435,174.841305,synthetic_cold_temperate_benchmark
2023-04-12 07:00:00,6.576669,308.765909,synthetic_cold_temperate_benchmark
2023-04-12 08:00:00,7.333141,425.873660,synthetic_cold_temperate_benchmark
2023-04-12 09:00:00,8.116298,519.786316,synthetic_cold_temperate_benchmark
2023-04-12 10:00:00,8.872770,585.388950,synthetic_cold_temperate_benchmark
2023-04-12 11:00:00,9.551004,619.108530,synthetic_cold_temperate_benchmark
2023-04-12 12:00:00,10.104779,619.108530,synthetic_cold_temperate_benchmark
2023-04-12 13:00:00,10.496358,585.388950,synthetic_cold_temperate_benchmark
2023-04-12 14:00:00,10.699054,519.786316,synthetic_cold_temperate_benchmark
2023-04-12 15:00:00,10.699054,425.873660,synthetic_cold_temperate_benchmark
2023-04-12 16:00:00,10.496358,308.765909,synthetic_cold_temperate_benchmark
2023-04-12 17:00:00,10.104779,174.841305,synthetic_cold_temperate_benchmark
2023-04-12 18:00:00,9.551004,31.394016,synthetic_cold_temperate_benchmark
2023-04-12 19:00:00,8.872770,0.000000,synthetic_cold_temperate_benchmark
2023-04-12 20:00:00,8.116298,0.000000,synthetic_cold_temperate_benchmark
2023-04-12 21:00:00,7.333141,0.000000,synthetic_cold_temperate_benchmark
2023-04-12 22:00:00,6.576669,0.000000,synthetic_cold_temperate_benchmark
2023-04-12 23:00:00,5.898435,0.000000,synthetic_cold_temperate_benchmark
2023-04-13 00:00:00,5.532918,0.000000,synthetic_cold_temperate_benchmark
2023-04-13 01:00:00,5.141340,0.000000,synthetic_cold_temperate_benchmark
2023-04-13 02:00:00,4.938644,0.000000,synthetic_cold_temperate_benchmark
2023-04-13 03:00:00,4.938644,0.000000,synthetic_cold_temperate_benchmark
2023-04-13 04:00:00,5.141340,0.000000,synthetic_cold_temperate_benchmark
2023-04-13 05:00:00,5.532918,36.141998,synthetic_cold_temperate_benchmark
2023-04-13 06:00:00,6.086694,179.755177,synthetic_cold_temperate_benchmark
2023-04-13 07:00:00,6.764928,313.670383,synthetic_cold_temperate_benchmark
2023-04-13 08:00:00,7.521400,430.662760,synthetic_cold_temperate_benchmark
2023-04-13 09:00:00,8.304557,524.420451,synthetic_cold_temperate_benchmark
2023-04-13 10:00:00,9.061029,589.885135,synthetic_cold_temperate_benchmark
2023-04-13 11:00:00,9.739263,623.524927,synthetic_cold_temperate_benchmark
2023-04-13 12:00:00,10.293038,623.524927,synthetic_cold_temperate_benchmark
2023-04-13 13:00:00,10.684617,589.885135,synthetic_cold_temperate_benchmark
2023-04-13 14:00:00,10.887313,524.420451,synthetic_cold_temperate_benchmark
2023-04-13 15:00:00,10.887313,430.662760,synthetic_cold_temperate_benchmark
2023-04-13 16:00:00,10.684617,313.670383,synthetic_cold_temperate_benchmark
2023-04-13 17:00:00,10.293038,179.755177,synthetic_cold_temperate_benchmark
2023-04-13 18:00:00,9.739263,36.141998,synthetic_cold_temperate_benchmark
2023-04-13 19:00:00,9.061029,0.000000,synthetic_cold_temperate_benchmark
2023-04-13 20:00:00,8.304557,0.000000,synthetic_cold_temperate_benchmark
2023-04-13 21:00:00,7.521400,0.000000,synthetic_cold_temperate_benchmark
2023-04-13 22:00:00,6.764928,0.000000,synthetic_cold_temperate_benchmark
2023-04-13 23:00:00,6.086694,0.000000,synthetic_cold_temperate_benchmark
2023-04-14 00:00:00,5.721500,0.000000,synthetic_cold_temperate_benchmark
2023-04-14 01:00:00,5.329921,0.000000,synthetic_cold_temperate_benchmark
2023-04-14 02:00:00,5.127225,0.000000,synthetic_cold_temperate_benchmark
2023-04-14 03:00:00,5.127225,0.000000,synthetic_cold_temperate_benchmark
2023-04-14 04:00:00,5.329921,0.000000,synthetic_cold_temperate_benchmark
2023-04-14 05:00:00,5.721500,40.875548,synthetic_cold_temperate_benchmark
2023-04-14 06:00:00,6.275275,184.644936,synthetic_cold_temperate_benchmark
2023-04-14 07:00:00,6.953509,318.545428,synthetic_cold_temperate_benchmark
2023-04-14 08:00:00,7.709981,435.420315,synthetic_cold_temperate_benchmark
2023-04-14 09:00:00,8.493138,529.022874,synthetic_cold_temperate_benchmark
2023-04-14 10:00:00,9.249610,594.350237,synthetic_cold_temperate_benchmark
2023-04-14 11:00:00,9.927844,627.910790,synthetic_cold_temperate_benchmark
2023-04-14 12:00:00,10.481620,627.910790,synthetic_cold_temperate_benchmark
2023-04-14 13:00:00,10.873198,594.350237,synthetic_cold_temperate_benchmark
2023-04-14 14:00:00,11.075894,529.022874,synthetic_cold_temperate_benchmark
2023-04-14 15:00:00,11.075894,435.420315,synthetic_cold_temperate_benchmark
2023-04-14 16:00:00,10.873198,318.545428,synthetic_cold_temperate_benchmark
2023-04-14 17:00:00,10.481620,184.644936,synthetic_cold_temperate_benchmark
2023-04-14 18:00:00,9.927844,40.875548,synthetic_cold_temperate_benchmark
2023-04-14 19:00:00,9.249610,0.000000,synthetic_cold_temperate_benchmark
2023-04-14 20:00:00,8.493138,0.000000,synthetic_cold_temperate_benchmark
2023-04-14 21:00:00,7.709981,0.000000,synthetic_cold_temperate_benchmark
2023-04-14 22:00:00,6.953509,0.000000,synthetic_cold_temperate_benchmark
2023-04-14 23:00:00,6.275275,0.000000,synthetic_cold_temperate_benchmark
2023-04-15 00:00:00,5.910347,0.000000,synthetic_cold_temperate_benchmark
2023-04-15 01:00:00,5.518768,0.000000,synthetic_cold_temperate_benchmark
2023-04-15 02:00:00,5.316072,0.000000,synthetic_cold_temperate_benchmark
2023-04-15 03:00:00,5.316072,0.000000,synthetic_cold_temperate_benchmark
2023-04-15 04:00:00,5.518768,0.000000,synthetic_cold_temperate_benchmark
2023-04-15 05:00:00,5.910347,45.592382,synthetic_cold_temperate_benchmark
2023-04-15 06:00:00,6.464123,189.508616,synthetic_cold_temperate_benchmark
2023-04-15 07:00:00,7.142357,323.389326,synthetic_cold_temperate_benchmark
2023-04-15 08:00:00,7.898828,440.144795,synthetic_cold_temperate_benchmark
2023-04-15 09:00:00,8.681986,533.592177,synthetic_cold_temperate_benchmark
2023-04-15 10:00:00,9.438457,598.782921,synthetic_cold_temperate_benchmark
2023-04-15 11:00:00,10.116691,632.264818,synthetic_cold_temperate_benchmark
2023-04-15 12:00:00,10.670467,632.264818,synthetic_cold_temperate_benchmark
2023-04-15 13:00:00,11.062046,598.782921,synthetic_cold_temperate_benchmark
2023-04-15 14:00:00,11.264742,533.592177,synthetic_cold_temperate_benchmark
2023-04-15 15:00:00,11.264742,440.144795,synthetic_cold_temperate_benchmark
2023-04-15 16:00:00,11.062046,323.389326,synthetic_cold_temperate_benchmark
2023-04-15 17:00:00,10.670467,189.508616,synthetic_cold_temperate_benchmark
2023-04-15 18:00:00,10.116691,45.592382,synthetic_cold_temperate_benchmark
2023-04-15 19:00:00,9.438457,0.000000,synthetic_cold_temperate_benchmark
2023-04-15 20:00:00,8.681986,0.000000,synthetic_cold_temperate_benchmark
2023-04-15 21:00:00,7.898828,0.000000,synthetic_cold_temperate_benchmark
2023-04-15 22:00:00,7.142357,0.000000,synthetic_cold_temperate_benchmark
2023-04-15 23:00:00,6.464123,0.000000,synthetic_cold_temperate_benchmark
2023-04-16 00:00:00,6.099405,0.000000,synthetic_cold_temperate_benchmark
2023-04-16 01:00:00,5.707826,0.000000,synthetic_cold_temperate_benchmark
2023-04-16 02:00:00,5.505130,0.000000,synthetic_cold_temperate_benchmark
2023-04-16 03:00:00,5.505130,0.000000,synthetic_cold_temperate_benchmark
2023-04-16 04:00:00,5.707826,0.000000,synthetic_cold_temperate_benchmark
2023-04-16 05:00:00,6.099405,50.290245,synthetic_cold_temperate_benchmark
2023-04-16 06:00:00,6.653180,194.344273,synthetic_cold_temperate_benchmark
2023-04-16 07:00:00,7.331414,328.200383,synthetic_cold_temperate_benchmark
2023-04-16 08:00:00,8.087886,444.834682,synthetic_cold_temperate_benchmark
2023-04-16 09:00:00,8.871043,538.126966,synthetic_cold_temperate_benchmark
2023-04-16 10:00:00,9.627515,603.181864,synthetic_cold_temperate_benchmark
2023-04-16 11:00:00,10.305749,636.585721,synthetic_cold_temperate_benchmark
2023-04-16 12:00:00,10.859525,636.585721,synthetic_cold_temperate_benchmark
2023-04-16 13:00:00,11.251103,603.181864,synthetic_cold_temperate_benchmark
2023-04-16 14:00:00,11.453799,538.126966,synthetic_cold_temperate_benchmark
2023-04-16 15:00:00,11.453799,444.834682,synthetic_cold_temperate_benchmark
2023-04-16 16:00:00,11.251103,328.200383,synthetic_cold_temperate_benchmark
2023-04-16 17:00:00,10.859525,194.344273,synthetic_cold_temperate_benchmark
2023-04-16 18:00:00,10.305749,50.290245,synthetic_cold_temperate_benchmark
2023-04-16 19:00:00,9.627515,0.000000,synthetic_cold_temperate_benchmark
2023-04-16 20:00:00,8.871043,0.000000,synthetic_cold_temperate_benchmark
2023-04-16 21:00:00,8.087886,0.000000,synthetic_cold_temperate_benchmark
2023-04-16 22:00:00,7.331414,0.000000,synthetic_cold_temperate_benchmark
2023-04-16 23:00:00,6.653180,0.000000,synthetic_cold_temperate_benchmark
2023-04-17 00:00:00,6.288617,0.000000,synthetic_cold_temperate_benchmark
2023-04-17 01:00:00,5.897038,0.000000,synthetic_cold_temperate_benchmark
2023-04-17 02:00:00,5.694342,0.000000,synthetic_cold_temperate_benchmark
2023-04-17 03:00:00,5.694342,0.000000,synthetic_cold_temperate_benchmark
2023-04-17 04:00:00,5.897038,0.000000,synthetic_cold_temperate_benchmark
2023-04-17 05:00:00,6.288617,54.966906,synthetic_cold_temperate_benchmark
2023-04-17 06:00:00,6.842392,199.149985,synthetic_cold_temperate_benchmark
2023-04-17 07:00:00,7.520626,332.976919,synthetic_cold_temperate_benchmark
2023-04-17 08:00:00,8.277098,449.488478,synthetic_cold_temperate_benchmark
2023-04-17 09:00:00,9.060255,542.625857,synthetic_cold_temperate_benchmark
2023-04-17 10:00:00,9.816727,607.545753,synthetic_cold_temperate_benchmark
2023-04-17 11:00:00,10.494961,640.872218,synthetic_cold_temperate_benchmark
2023-04-17 12:00:00,11.048737,640.872218,synthetic_cold_temperate_benchmark
2023-04-17 13:00:00,11.440315,607.545753,synthetic_cold_temperate_benchmark
2023-04-17 14:00:00,11.643011,542.625857,synthetic_cold_temperate_benchmark
2023-04-17 15:00:00,11.643011,449.488478,synthetic_cold_temperate_benchmark
2023-04-17 16:00:00,11.440315,332.976919,synthetic_cold_temperate_benchmark
2023-04-17 17:00:00,11.048737,199.149985,synthetic_cold_temperate_benchmark
2023-04-17 18:00:00,10.494961,54.966906,synthetic_cold_temperate_benchmark
2023-04-17 19:00:00,9.816727,0.000000,synthetic_cold_temperate_benchmark
2023-04-17 20:00:00,9.060255,0.000000,synthetic_cold_temperate_benchmark
2023-04-17 21:00:00,8.277098,0.000000,synthetic_cold_temperate_benchmark
2023-04-17 22:00:00,7.520626,0.000000,synthetic_cold_temperate_benchmark
2023-04-17 23:00:00,6.842392,0.000000,synthetic_cold_temperate_benchmark
2023-04-18 00:00:00,6.477927,0.000000,synthetic_cold_temperate_benchmark
2023-04-18 01:00:00,6.086348,0.000000,synthetic_cold_temperate_benchmark
2023-04-18 02:00:00,5.883652,0.000000,synthetic_cold_temperate_benchmark
2023-04-18 03:00:00,5.883652,0.000000,synthetic_cold_temperate_benchmark
2023-04-18 04:00:00,6.086348,0.000000,synthetic_cold_temperate_benchmark
2023-04-18 05:00:00,6.477927,59.620159,synthetic_cold_temperate_benchmark
2023-04-18 06:00:00,7.031702,203.923853,synthetic_cold_temperate_benchmark
2023-04-18 07:00:00,7.709936,337.717278,synthetic_cold_temperate_benchmark
2023-04-18 08:00:00,8.466408,454.104696,synthetic_cold_temperate_benchmark
2023-04-18 09:00:00,9.249565,547.087482,synthetic_cold_temperate_benchmark
2023-04-18 10:00:00,10.006037,611.873285,synthetic_cold_temperate_benchmark
2023-04-18 11:00:00,10.684271,645.123036,synthetic_cold_temperate_benchmark
2023-04-18 12:00:00,11.238047,645.123036,synthetic_cold_temperate_benchmark
2023-04-18 13:00:00,11.629625,611.873285,synthetic_cold_temperate_benchmark
2023-04-18 14:00:00,11.832321,547.087482,synthetic_cold_temperate_benchmark
2023-04-18 15:00:00,11.832321,454.104696,synthetic_cold_temperate_benchmark
2023-04-18 16:00:00,11.629625,337.717278,synthetic_cold_temperate_benchmark
2023-04-18 17:00:00,11.238047,203.923853,synthetic_cold_temperate_benchmark
2023-04-18 18:00:00,10.684271,59.620159,synthetic_cold_temperate_benchmark
2023-04-18 19:00:00,10.006037,0.000000,synthetic_cold_temperate_benchmark
2023-04-18 20:00:00,9.249565,0.000000,synthetic_cold_temperate_benchmark
2023-04-18 21:00:00,8.466408,0.000000,synthetic_cold_temperate_benchmark
2023-04-18 22:00:00,7.709936,0.000000,synthetic_cold_temperate_benchmark
2023-04-18 23:00:00,7.031702,0.000000,synthetic_cold_temperate_benchmark
2023-04-19 00:00:00,6.667279,0.000000,synthetic_cold_temperate_benchmark
2023-04-19 01:00:00,6.275700,0.000000,synthetic_cold_temperate_benchmark
2023-04-19 02:00:00,6.073004,0.000000,synthetic_cold_temperate_benchmark
2023-04-19 03:00:00,6.073004,0.000000,synthetic_cold_temperate_benchmark
2023-04-19 04:00:00,6.275700,0.000000,synthetic_cold_temperate_benchmark
2023-04-19 05:00:00,6.667279,64.247827,synthetic_cold_temperate_benchmark
2023-04-19 06:00:00,7.221055,208.664005,synthetic_cold_temperate_benchmark
2023-04-19 07:00:00,7.899289,342.419820,synthetic_cold_temperate_benchmark
2023-04-19 08:00:00,8.655760,458.681870,synthetic_cold_temperate_benchmark
2023-04-19 09:00:00,9.438917,551.510483,synthetic_cold_temperate_benchmark
2023-04-19 10:00:00,10.195389,616.163172,synthetic_cold_temperate_benchmark
2023-04-19 11:00:00,10.873623,649.336917,synthetic_cold_temperate_benchmark
2023-04-19 12:00:00,11.427399,649.336917,synthetic_cold_temperate_benchmark
2023-04-19 13:00:00,11.818978,616.163172,synthetic_cold_temperate_benchmark
2023-04-19 14:00:00,12.021674,551.510483,synthetic_cold_temperate_benchmark
2023-04-19 15:00:00,12.021674,458.681870,synthetic_cold_temperate_benchmark
2023-04-19 16:00:00,11.818978,342.419820,synthetic_cold_temperate_benchmark
2023-04-19 17:00:00,11.427399,208.664005,synthetic_cold_temperate_benchmark
2023-04-19 18:00:00,10.873623,64.247827,synthetic_cold_temperate_benchmark
2023-04-19 19:00:00,10.195389,0.000000,synthetic_cold_temperate_benchmark
2023-04-19 20:00:00,9.438917,0.000000,synthetic_cold_temperate_benchmark
2023-04-19 21:00:00,8.655760,0.000000,synthetic_cold_temperate_benchmark
2023-04-19 22:00:00,7.899289,0.000000,synthetic_cold_temperate_benchmark
2023-04-19 23:00:00,7.221055,0.000000,synthetic_cold_temperate_benchmark
2023-04-20 00:00:00,6.856617,0.000000,synthetic_cold_temperate_benchmark
2023-04-20 01:00:00,6.465038,0.000000,synthetic_cold_temperate_benchmark
2023-04-20 02:00:00,6.262342,0.000000,synthetic_cold_temperate_benchmark
2023-04-20 03:00:00,6.262342,0.000000,synthetic_cold_temperate_benchmark
2023-04-20 04:00:00,6.465038,0.000000,synthetic_cold_temperate_benchmark
2023-04-20 05:00:00,6.856617,68.847760,synthetic_cold_temperate_benchmark
2023-04-20 06:00:00,7.410393,213.368587,synthetic_cold_temperate_benchmark
2023-04-20 07:00:00,8.088627,347.082928,synthetic_cold_temperate_benchmark
2023-04-20 08:00:00,8.845098,463.218548,synthetic_cold_temperate_benchmark
2023-04-20 09:00:00,9.628256,555.893520,synthetic_cold_temperate_benchmark
2023-04-20 10:00:00,10.384727,620.414134,synthetic_cold_temperate_benchmark
2023-04-20 11:00:00,11.062961,653.512611,synthetic_cold_temperate_benchmark
2023-04-20 12:00:00,11.616737,653.512611,synthetic_cold_temperate_benchmark
2023-04-20 13:00:00,12.008316,620.414134,synthetic_cold_temperate_benchmark
2023-04-20 14:00:00,12.211012,555.893520,synthetic_cold_temperate_benchmark
2023-04-20 15:00:00,12.211012,463.218548,synthetic_cold_temperate_benchmark
2023-04-20 16:00:00,12.008316,347.082928,synthetic_cold_temperate_benchmark
2023-04-20 17:00:00,11.616737,213.368587,synthetic_cold_temperate_benchmark
2023-04-20 18:00:00,11.062961,68.847760,synthetic_cold_temperate_benchmark
2023-04-20 19:00:00,10.384727,0.000000,synthetic_cold_temperate_benchmark
2023-04-20 20:00:00,9.628256,0.000000,synthetic_cold_temperate_benchmark
2023-04-20 21:00:00,8.845098,0.000000,synthetic_cold_temperate_benchmark
2023-04-20 22:00:00,8.088627,0.000000,synthetic_cold_temperate_benchmark
2023-04-20 23:00:00,7.410393,0.000000,synthetic_cold_temperate_benchmark
2023-04-21 00:00:00,7.045885,0.000000,synthetic_cold_temperate_benchmark
2023-04-21 01:00:00,6.654306,0.000000,synthetic_cold_temperate_benchmark
2023-04-21 02:00:00,6.451611,0.000000,synthetic_cold_temperate_benchmark
2023-04-21 03:00:00,6.451611,0.000000,synthetic_cold_temperate_benchmark
2023-04-21 04:00:00,6.654306,0.000000,synthetic_cold_temperate_benchmark
2023-04-21 05:00:00,7.045885,73.417836,synthetic_cold_temperate_benchmark
2023-04-21 06:00:00,7.599661,218.035776,synthetic_cold_temperate_benchmark
2023-04-21 07:00:00,8.277895,351.705005,synthetic_cold_temperate_benchmark
2023-04-21 08:00:00,9.034367,467.713294,synthetic_cold_temperate_benchmark
2023-04-21 09:00:00,9.817524,560.235265,synthetic_cold_temperate_benchmark
2023-04-21 10:00:00,10.573995,624.624906,synthetic_cold_temperate_benchmark
2023-04-21 11:00:00,11.252229,657.648880,synthetic_cold_temperate_benchmark
2023-04-21 12:00:00,11.806005,657.648880,synthetic_cold_temperate_benchmark
2023-04-21 13:00:00,12.197584,624.624906,synthetic_cold_temperate_benchmark
2023-04-21 14:00:00,12.400280,560.235265,synthetic_cold_temperate_benchmark
2023-04-21 15:00:00,12.400280,467.713294,synthetic_cold_temperate_benchmark
2023-04-21 16:00:00,12.197584,351.705005,synthetic_cold_temperate_benchmark
2023-04-21 17:00:00,11.806005,218.035776,synthetic_cold_temperate_benchmark
2023-04-21 18:00:00,11.252229,73.417836,synthetic_cold_temperate_benchmark
2023-04-21 19:00:00,10.573995,0.000000,synthetic_cold_temperate_benchmark
2023-04-21 20:00:00,9.817524,0.000000,synthetic_cold_temperate_benchmark
2023-04-21 21:00:00,9.034367,0.000000,synthetic_cold_temperate_benchmark
2023-04-21 22:00:00,8.277895,0.000000,synthetic_cold_temperate_benchmark
2023-04-21 23:00:00,7.599661,0.000000,synthetic_cold_temperate_benchmark
2023-04-22 00:00:00,7.235027,0.000000,synthetic_cold_temperate_benchmark
2023-04-22 01:00:00,6.843448,0.000000,synthetic_cold_temperate_benchmark
2023-04-22 02:00:00,6.640752,0.000000,synthetic_cold_temperate_benchmark
2023-04-22 03:00:00,6.640752,0.000000,synthetic_cold_temperate_benchmark
2023-04-22 04:00:00,6.843448,0.000000,synthetic_cold_temperate_benchmark
2023-04-22 05:00:00,7.235027,77.955964,synthetic_cold_temperate_benchmark
2023-04-22 06:00:00,7.788803,222.663770,synthetic_cold_temperate_benchmark
2023-04-22 07:00:00,8.467037,356.284473,synthetic_cold_temperate_benchmark
2023-04-22 08:00:00,9.223508,472.164693,synthetic_cold_temperate_benchmark
2023-04-22 09:00:00,10.006665,564.534403,synthetic_cold_temperate_benchmark
2023-04-22 10:00:00,10.763137,628.794236,synthetic_cold_temperate_benchmark
2023-04-22 11:00:00,11.441371,661.744498,synthetic_cold_temperate_benchmark
2023-04-22 12:00:00,11.995147,661.744498,synthetic_cold_temperate_benchmark
2023-04-22 13:00:00,12.386725,628.794236,synthetic_cold_temperate_benchmark
2023-04-22 14:00:00,12.589421,564.534403,synthetic_cold_temperate_benchmark
2023-04-22 15:00:00,12.589421,472.164693,synthetic_cold_temperate_benchmark
2023-04-22 16:00:00,12.386725,356.284473,synthetic_cold_temperate_benchmark
2023-04-22 17:00:00,11.995147,222.663770,synthetic_cold_temperate_benchmark
2023-04-22 18:00:00,11.441371,77.955964,synthetic_cold_temperate_benchmark
2023-04-22 19:00:00,10.763137,0.000000,synthetic_cold_temperate_benchmark
2023-04-22 20:00:00,10.006665,0.000000,synthetic_cold_temperate_benchmark
2023-04-22 21:00:00,9.223508,0.000000,synthetic_cold_temperate_benchmark
2023-04-22 22:00:00,8.467037,0.000000,synthetic_cold_temperate_benchmark
2023-04-22 23:00:00,7.788803,0.000000,synthetic_cold_temperate_benchmark
2023-04-23 00:00:00,7.423986,0.000000,synthetic_cold_temperate_benchmark
2023-04-23 01:00:00,7.032408,0.000000,synthetic_cold_temperate_benchmark
2023-04-23 02:00:00,6.829712,0.000000,synthetic_cold_temperate_benchmark
2023-04-23 03:00:00,6.829712,0.000000,synthetic_cold_temperate_benchmark
2023-04-23 04:00:00,7.032408,0.000000,synthetic_cold_temperate_benchmark
2023-04-23 05:00:00,7.423986,82.460080,synthetic_cold_temperate_benchmark
2023-04-23 06:00:00,7.977762,227.250795,synthetic_cold_temperate_benchmark
2023-04-23 07:00:00,8.655996,360.819779,synthetic_cold_temperate_benchmark
2023-04-23 08:00:00,9.412468,476.571345,synthetic_cold_temperate_benchmark
2023-04-23 09:00:00,10.195625,568.789637,synthetic_cold_temperate_benchmark
2023-04-23 10:00:00,10.952097,632.920882,synthetic_cold_temperate_benchmark
2023-04-23 11:00:00,11.630331,665.798252,synthetic_cold_temperate_benchmark
2023-04-23 12:00:00,12.184106,665.798252,synthetic_cold_temperate_benchmark
2023-04-23 13:00:00,12.575685,632.920882,synthetic_cold_temperate_benchmark
2023-04-23 14:00:00,12.778381,568.789637,synthetic_cold_temperate_benchmark
2023-04-23 15:00:00,12.778381,476.571345,synthetic_cold_temperate_benchmark
2023-04-23 16:00:00,12.575685,360.819779,synthetic_cold_temperate_benchmark
2023-04-23 17:00:00,12.184106,227.250795,synthetic_cold_temperate_benchmark
2023-04-23 18:00:00,11.630331,82.460080,synthetic_cold_temperate_benchmark
2023-04-23 19:00:00,10.952097,0.000000,synthetic_cold_temperate_benchmark
2023-04-23 20:00:00,10.195625,0.000000,synthetic_cold_temperate_benchmark
2023-04-23 21:00:00,9.412468,0.000000,synthetic_cold_temperate_benchmark
2023-04-23 22:00:00,8.655996,0.000000,synthetic_cold_temperate_benchmark
2023-04-23 23:00:00,7.977762,0.000000,synthetic_cold_temperate_benchmark
2023-04-24 00:00:00,7.612708,0.000000,synthetic_cold_temperate_benchmark
2023-04-24 01:00:00,7.221129,0.000000,synthetic_cold_temperate_benchmark
2023-04-24 02:00:00,7.018433,0.000000,synthetic_cold_temperate_benchmark
2023-04-24 03:00:00,7.018433,0.000000,synthetic_cold_temperate_benchmark
2023-04-24 04:00:00,7.221129,0.000000,synthetic_cold_temperate_benchmark
2023-04-24 05:00:00,7.612708,86.928153,synthetic_cold_temperate_benchmark
2023-04-24 06:00:00,8.166483,231.795100,synthetic_cold_temperate_benchmark
2023-04-24 07:00:00,8.844717,365.309387,synthetic_cold_temperate_benchmark
2023-04-24 08:00:00,9.601189,480.931868,synthetic_cold_temperate_benchmark
2023-04-24 09:00:00,10.384346,572.999684,synthetic_cold_temperate_benchmark
2023-04-24 10:00:00,11.140818,637.003618,synthetic_cold_temperate_benchmark
2023-04-24 11:00:00,11.819052,669.808940,synthetic_cold_temperate_benchmark
2023-04-24 12:00:00,12.372828,669.808940,synthetic_cold_temperate_benchmark
2023-04-24 13:00:00,12.764406,637.003618,synthetic_cold_temperate_benchmark
2023-04-24 14:00:00,12.967102,572.999684,synthetic_cold_temperate_benchmark
2023-04-24 15:00:00,12.967102,480.931868,synthetic_cold_temperate_benchmark
2023-04-24 16:00:00,12.764406,365.309387,synthetic_cold_temperate_benchmark
2023-04-24 17:00:00,12.372828,231.795100,synthetic_cold_temperate_benchmark
2023-04-24 18:00:00,11.819052,86.928153,synthetic_cold_temperate_benchmark
2023-04-24 19:00:00,11.140818,0.000000,synthetic_cold_temperate_benchmark
2023-04-24 20:00:00,10.384346,0.000000,synthetic_cold_temperate_benchmark
2023-04-24 21:00:00,9.601189,0.000000,synthetic_cold_temperate_benchmark
2023-04-24 22:00:00,8.844717,0.000000,synthetic_cold_temperate_benchmark
2023-04-24 23:00:00,8.166483,0.000000,synthetic_cold_temperate_benchmark
2023-04-25 00:00:00,7.801135,0.000000,synthetic_cold_temperate_benchmark
2023-04-25 01:00:00,7.409556,0.000000,synthetic_cold_temperate_benchmark
2023-04-25 02:00:00,7.206860,0.000000,synthetic_cold_temperate_benchmark
2023-04-25 03:00:00,7.206860,0.000000,synthetic_cold_temperate_benchmark
2023-04-25 04:00:00,7.409556,0.000000,synthetic_cold_temperate_benchmark
2023-04-25 05:00:00,7.801135,91.358180,synthetic_cold_temperate_benchmark
2023-04-25 06:00:00,8.354911,236.294962,synthetic_cold_temperate_benchmark
2023-04-25 07:00:00,9.033145,369.751787,synthetic_cold_temperate_benchmark
2023-04-25 08:00:00,9.789616,485.244898,synthetic_cold_temperate_benchmark
2023-04-25 09:00:00,10.572773,577.163274,synthetic_cold_temperate_benchmark
2023-04-25 10:00:00,11.329245,641.041230,synthetic_cold_temperate_benchmark
2023-04-25 11:00:00,12.007479,673.775373,synthetic_cold_temperate_benchmark
2023-04-25 12:00:00,12.561255,673.775373,synthetic_cold_temperate_benchmark
2023-04-25 13:00:00,12.952833,641.041230,synthetic_cold_temperate_benchmark
2023-04-25 14:00:00,13.155529,577.163274,synthetic_cold_temperate_benchmark
2023-04-25 15:00:00,13.155529,485.244898,synthetic_cold_temperate_benchmark
2023-04-25 16:00:00,12.952833,369.751787,synthetic_cold_temperate_benchmark
2023-04-25 17:00:00,12.561255,236.294962,synthetic_cold_temperate_benchmark
2023-04-25 18:00:00,12.007479,91.358180,synthetic_cold_temperate_benchmark
2023-04-25 19:00:00,11.329245,0.000000,synthetic_cold_temperate_benchmark
2023-04-25 20:00:00,10.572773,0.000000,synthetic_cold_temperate_benchmark
2023-04-25 21:00:00,9.789616,0.000000,synthetic_cold_temperate_benchmark
2023-04-25 22:00:00,9.033145,0.000000,synthetic_cold_temperate_benchmark
2023-04-25 23:00:00,8.354911,0.000000,synthetic_cold_temperate_benchmark
2023-04-26 00:00:00,7.989212,0.000000,synthetic_cold_temperate_benchmark
2023-04-26 01:00:00,7.597633,0.000000,synthetic_cold_temperate_benchmark
2023-04-26 02:00:00,7.394937,0.000000,synthetic_cold_temperate_benchmark
2023-04-26 03:00:00,7.394937,0.000000,synthetic_cold_temperate_benchmark
2023-04-26 04:00:00,7.597633,0.000000,synthetic_cold_temperate_benchmark
2023-04-26 05:00:00,7.989212,95.748192,synthetic_cold_temperate_benchmark
2023-04-26 06:00:00,8.542988,240.748686,synthetic_cold_temperate_benchmark
2023-04-26 07:00:00,9.221222,374.145488,synthetic_cold_temperate_benchmark
2023-04-26 08:00:00,9.977693,489.509090,synthetic_cold_temperate_benchmark
2023-04-26 09:00:00,10.760850,581.279157,synthetic_cold_temperate_benchmark
2023-04-26 10:00:00,11.517322,645.032521,synthetic_cold_temperate_benchmark
2023-04-26 11:00:00,12.195556,677.696376,synthetic_cold_temperate_benchmark
2023-04-26 12:00:00,12.749332,677.696376,synthetic_cold_temperate_benchmark
2023-04-26 13:00:00,13.140911,645.032521,synthetic_cold_temperate_benchmark
2023-04-26 14:00:00,13.343606,581.279157,synthetic_cold_temperate_benchmark
2023-04-26 15:00:00,13.343606,489.509090,synthetic_cold_temperate_benchmark
2023-04-26 16:00:00,13.140911,374.145488,synthetic_cold_temperate_benchmark
2023-04-26 17:00:00,12.749332,240.748686,synthetic_cold_temperate_benchmark
2023-04-26 18:00:00,12.195556,95.748192,synthetic_cold_temperate_benchmark
2023-04-26 19:00:00,11.517322,0.000000,synthetic_cold_temperate_benchmark
2023-04-26 20:00:00,10.760850,0.000000,synthetic_cold_temperate_benchmark
2023-04-26 21:00:00,9.977693,0.000000,synthetic_cold_temperate_benchmark
2023-04-26 22:00:00,9.221222,0.000000,synthetic_cold_temperate_benchmark
2023-04-26 23:00:00,8.542988,0.000000,synthetic_cold_temperate_benchmark
2023-04-27 00:00:00,8.176883,0.000000,synthetic_cold_temperate_benchmark
2023-04-27 01:00:00,7.785305,0.000000,synthetic_cold_temperate_benchmark
2023-04-27 02:00:00,7.582609,0.000000,synthetic_cold_temperate_benchmark
2023-04-27 03:00:00,7.582609,0.000000,synthetic_cold_temperate_benchmark
2023-04-27 04:00:00,7.785305,0.000000,synthetic_cold_temperate_benchmark
2023-04-27 05:00:00,8.176883,100.096250,synthetic_cold_temperate_benchmark
2023-04-27 06:00:00,8.730659,245.154600,synthetic_cold_temperate_benchmark
2023-04-27 07:00:00,9.408893,378.489022,synthetic_cold_temperate_benchmark
2023-04-27 08:00:00,10.165365,493.723118,synthetic_cold_temperate_benchmark
2023-04-27 09:00:00,10.948522,585.346095,synthetic_cold_temperate_benchmark
2023-04-27 10:00:00,11.704994,648.976305,synthetic_cold_temperate_benchmark
2023-04-27 11:00:00,12.383228,681.570786,synthetic_cold_temperate_benchmark
2023-04-27 12:00:00,12.937003,681.570786,synthetic_cold_temperate_benchmark
2023-04-27 13:00:00,13.328582,648.976305,synthetic_cold_temperate_benchmark
2023-04-27 14:00:00,13.531278,585.346095,synthetic_cold_temperate_benchmark
2023-04-27 15:00:00,13.531278,493.723118,synthetic_cold_temperate_benchmark
2023-04-27 16:00:00,13.328582,378.489022,synthetic_cold_temperate_benchmark
2023-04-27 17:00:00,12.937003,245.154600,synthetic_cold_temperate_benchmark
2023-04-27 18:00:00,12.383228,100.096250,synthetic_cold_temperate_benchmark
2023-04-27 19:00:00,11.704994,0.000000,synthetic_cold_temperate_benchmark
2023-04-27 20:00:00,10.948522,0.000000,synthetic_cold_temperate_benchmark
2023-04-27 21:00:00,10.165365,0.000000,synthetic_cold_temperate_benchmark
2023-04-27 22:00:00,9.408893,0.000000,synthetic_cold_temperate_benchmark
2023-04-27 23:00:00,8.730659,0.000000,synthetic_cold_temperate_benchmark
2023-04-28 00:00:00,8.364093,0.000000,synthetic_cold_temperate_benchmark
2023-04-28 01:00:00,7.972515,0.000000,synthetic_cold_temperate_benchmark
2023-04-28 02:00:00,7.769819,0.000000,synthetic_cold_temperate_benchmark
2023-04-28 03:00:00,7.769819,0.000000,synthetic_cold_temperate_benchmark
2023-04-28 04:00:00,7.972515,0.000000,synthetic_cold_temperate_benchmark
2023-04-28 05:00:00,8.364093,104.400447,synthetic_cold_temperate_benchmark
2023-04-28 06:00:00,8.917869,249.511063,synthetic_cold_temperate_benchmark
2023-04-28 07:00:00,9.596103,382.780946,synthetic_cold_temperate_benchmark
2023-04-28 08:00:00,10.352575,497.885675,synthetic_cold_temperate_benchmark
2023-04-28 09:00:00,11.135732,589.362870,synthetic_cold_temperate_benchmark
2023-04-28 10:00:00,11.892204,652.871412,synthetic_cold_temperate_benchmark
2023-04-28 11:00:00,12.570438,685.397458,synthetic_cold_temperate_benchmark
2023-04-28 12:00:00,13.124213,685.397458,synthetic_cold_temperate_benchmark
2023-04-28 13:00:00,13.515792,652.871412,synthetic_cold_temperate_benchmark
2023-04-28 14:00:00,13.718488,589.362870,synthetic_cold_temperate_benchmark
2023-04-28 15:00:00,13.718488,497.885675,synthetic_cold_temperate_benchmark
2023-04-28 16:00:00,13.515792,382.780946,synthetic_cold_temperate_benchmark
2023-04-28 17:00:00,13.124213,249.511063,synthetic_cold_temperate_benchmark
2023-04-28 18:00:00,12.570438,104.400447,synthetic_cold_temperate_benchmark
2023-04-28 19:00:00,11.892204,0.000000,synthetic_cold_temperate_benchmark
2023-04-28 20:00:00,11.135732,0.000000,synthetic_cold_temperate_benchmark
2023-04-28 21:00:00,10.352575,0.000000,synthetic_cold_temperate_benchmark
2023-04-28 22:00:00,9.596103,0.000000,synthetic_cold_temperate_benchmark
2023-04-28 23:00:00,8.917869,0.000000,synthetic_cold_temperate_benchmark
2023-04-29 00:00:00,8.550786,0.000000,synthetic_cold_temperate_benchmark
2023-04-29 01:00:00,8.159208,0.000000,synthetic_cold_temperate_benchmark
2023-04-29 02:00:00,7.956512,0.000000,synthetic_cold_temperate_benchmark
2023-04-29 03:00:00,7.956512,0.000000,synthetic_cold_temperate_benchmark
2023-04-29 04:00:00,8.159208,0.000000,synthetic_cold_temperate_benchmark
2023-04-29 05:00:00,8.550786,108.658908,synthetic_cold_temperate_benchmark
2023-04-29 06:00:00,9.104562,253.816457,synthetic_cold_temperate_benchmark
2023-04-29 07:00:00,9.782796,387.019836,synthetic_cold_temperate_benchmark
2023-04-29 08:00:00,10.539268,501.995472,synthetic_cold_temperate_benchmark
2023-04-29 09:00:00,11.322425,593.328277,synthetic_cold_temperate_benchmark
2023-04-29 10:00:00,12.078897,656.716688,synthetic_cold_temperate_benchmark
2023-04-29 11:00:00,12.757131,689.175255,synthetic_cold_temperate_benchmark
2023-04-29 12:00:00,13.310906,689.175255,synthetic_cold_temperate_benchmark
2023-04-29 13:00:00,13.702485,656.716688,synthetic_cold_temperate_benchmark
2023-04-29 14:00:00,13.905181,593.328277,synthetic_cold_temperate_benchmark
2023-04-29 15:00:00,13.905181,501.995472,synthetic_cold_temperate_benchmark
2023-04-29 16:00:00,13.702485,387.019836,synthetic_cold_temperate_benchmark
2023-04-29 17:00:00,13.310906,253.816457,synthetic_cold_temperate_benchmark
2023-04-29 18:00:00,12.757131,108.658908,synthetic_cold_temperate_benchmark
2023-04-29 19:00:00,12.078897,0.000000,synthetic_cold_temperate_benchmark
2023-04-29 20:00:00,11.322425,0.000000,synthetic_cold_temperate_benchmark
2023-04-29 21:00:00,10.539268,0.000000,synthetic_cold_temperate_benchmark
2023-04-29 22:00:00,9.782796,0.000000,synthetic_cold_temperate_benchmark
2023-04-29 23:00:00,9.104562,0.000000,synthetic_cold_temperate_benchmark
2023-04-30 00:00:00,8.736907,0.000000,synthetic_cold_temperate_benchmark
2023-04-30 01:00:00,8.345329,0.000000,synthetic_cold_temperate_benchmark
2023-04-30 02:00:00,8.142633,0.000000,synthetic_cold_temperate_benchmark
2023-04-30 03:00:00,8.142633,0.000000,synthetic_cold_temperate_benchmark
2023-04-30 04:00:00,8.345329,0.000000,synthetic_cold_temperate_benchmark
2023-04-30 05:00:00,8.736907,112.869791,synthetic_cold_temperate_benchmark
2023-04-30 06:00:00,9.290683,258.069195,synthetic_cold_temperate_benchmark
2023-04-30 07:00:00,9.968917,391.204293,synthetic_cold_temperate_benchmark
2023-04-30 08:00:00,10.725389,506.051240,synthetic_cold_temperate_benchmark
2023-04-30 09:00:00,11.508546,597.241131,synthetic_cold_temperate_benchmark
2023-04-30 10:00:00,12.265018,660.510991,synthetic_cold_temperate_benchmark
2023-04-30 11:00:00,12.943252,692.903059,synthetic_cold_temperate_benchmark
2023-04-30 12:00:00,13.497027,692.903059,synthetic_cold_temperate_benchmark
2023-04-30 13:00:00,13.888606,660.510991,synthetic_cold_temperate_benchmark
2023-04-30 14:00:00,14.091302,597.241131,synthetic_cold_temperate_benchmark
2023-04-30 15:00:00,14.091302,506.051240,synthetic_cold_temperate_benchmark
2023-04-30 16:00:00,13.888606,391.204293,synthetic_cold_temperate_benchmark
2023-04-30 17:00:00,13.497027,258.069195,synthetic_cold_temperate_benchmark
2023-04-30 18:00:00,12.943252,112.869791,synthetic_cold_temperate_benchmark
2023-04-30 19:00:00,12.265018,0.000000,synthetic_cold_temperate_benchmark
2023-04-30 20:00:00,11.508546,0.000000,synthetic_cold_temperate_benchmark
2023-04-30 21:00:00,10.725389,0.000000,synthetic_cold_temperate_benchmark
2023-04-30 22:00:00,9.968917,0.000000,synthetic_cold_temperate_benchmark
2023-04-30 23:00:00,9.290683,0.000000,synthetic_cold_temperate_benchmark
2023-05-01 00:00:00,8.922401,0.000000,synthetic_cold_temperate_benchmark
2023-05-01 01:00:00,8.530823,0.000000,synthetic_cold_temperate_benchmark
2023-05-01 02:00:00,8.328127,0.000000,synthetic_cold_temperate_benchmark
2023-05-01 03:00:00,8.328127,0.000000,synthetic_cold_temperate_benchmark
2023-05-01 04:00:00,8.530823,0.000000,synthetic_cold_temperate_benchmark
2023-05-01 05:00:00,8.922401,117.031287,synthetic_cold_temperate_benchmark
2023-05-01 06:00:00,9.476177,262.267717,synthetic_cold_temperate_benchmark
2023-05-01 07:00:00,10.154411,395.332942,synthetic_cold_temperate_benchmark
2023-05-01 08:00:00,10.910883,510.051730,synthetic_cold_temperate_benchmark
2023-05-01 09:00:00,11.694040,601.100263,synthetic_cold_temperate_benchmark
2023-05-01 10:00:00,12.450511,664.253199,synthetic_cold_temperate_benchmark
2023-05-01 11:00:00,13.128745,696.579766,synthetic_cold_temperate_benchmark
2023-05-01 12:00:00,13.682521,696.579766,synthetic_cold_temperate_benchmark
2023-05-01 13:00:00,14.074100,664.253199,synthetic_cold_temperate_benchmark
2023-05-01 14:00:00,14.276796,601.100263,synthetic_cold_temperate_benchmark
2023-05-01 15:00:00,14.276796,510.051730,synthetic_cold_temperate_benchmark
2023-05-01 16:00:00,14.074100,395.332942,synthetic_cold_temperate_benchmark
2023-05-01 17:00:00,13.682521,262.267717,synthetic_cold_temperate_benchmark
2023-05-01 18:00:00,13.128745,117.031287,synthetic_cold_temperate_benchmark
2023-05-01 19:00:00,12.450511,0.000000,synthetic_cold_temperate_benchmark
2023-05-01 20:00:00,11.694040,0.000000,synthetic_cold_temperate_benchmark
2023-05-01 21:00:00,10.910883,0.000000,synthetic_cold_temperate_benchmark
2023-05-01 22:00:00,10.154411,0.000000,synthetic_cold_temperate_benchmark
2023-05-01 23:00:00,9.476177,0.000000,synthetic_cold_temperate_benchmark
2023-05-02 00:00:00,9.107213,0.000000,synthetic_cold_temperate_benchmark
2023-05-02 01:00:00,8.715634,0.000000,synthetic_cold_temperate_benchmark
2023-05-02 02:00:00,8.512938,0.000000,synthetic_cold_temperate_benchmark
2023-05-02 03:00:00,8.512938,0.000000,synthetic_cold_temperate_benchmark
2023-05-02 04:00:00,8.715634,0.000000,synthetic_cold_temperate_benchmark
2023-05-02 05:00:00,9.107213,121.141621,synthetic_cold_temperate_benchmark
2023-05-02 06:00:00,9.660988,266.410489,synthetic_cold_temperate_benchmark
2023-05-02 07:00:00,10.339222,399.404430,synthetic_cold_temperate_benchmark
2023-05-02 08:00:00,11.095694,513.995714,synthetic_cold_temperate_benchmark
2023-05-02 09:00:00,11.878851,604.904520,synthetic_cold_temperate_benchmark
2023-05-02 10:00:00,12.635323,667.942203,synthetic_cold_temperate_benchmark
2023-05-02 11:00:00,13.313557,700.204286,synthetic_cold_temperate_benchmark
2023-05-02 12:00:00,13.867333,700.204286,synthetic_cold_temperate_benchmark
2023-05-02 13:00:00,14.258911,667.942203,synthetic_cold_temperate_benchmark
2023-05-02 14:00:00,14.461607,604.904520,synthetic_cold_temperate_benchmark
2023-05-02 15:00:00,14.461607,513.995714,synthetic_cold_temperate_benchmark
2023-05-02 16:00:00,14.258911,399.404430,synthetic_cold_temperate_benchmark
2023-05-02 17:00:00,13.867333,266.410489,synthetic_cold_temperate_benchmark
2023-05-02 18:00:00,13.313557,121.141621,synthetic_cold_temperate_benchmark
2023-05-02 19:00:00,12.635323,0.000000,synthetic_cold_temperate_benchmark
2023-05-02 20:00:00,11.878851,0.000000,synthetic_cold_temperate_benchmark
2023-05-02 21:00:00,11.095694,0.000000,synthetic_cold_temperate_benchmark
2023-05-02 22:00:00,10.339222,0.000000,synthetic_cold_temperate_benchmark
2023-05-02 23:00:00,9.660988,0.000000,synthetic_cold_temperate_benchmark
2023-05-03 00:00:00,9.291287,0.000000,synthetic_cold_temperate_benchmark
2023-05-03 01:00:00,8.899708,0.000000,synthetic_cold_temperate_benchmark
2023-05-03 02:00:00,8.697012,0.000000,synthetic_cold_temperate_benchmark
2023-05-03 03:00:00,8.697012,0.000000,synthetic_cold_temperate_benchmark
2023-05-03 04:00:00,8.899708,0.000000,synthetic_cold_temperate_benchmark
2023-05-03 05:00:00,9.291287,125.199049,synthetic_cold_temperate_benchmark
2023-05-03 06:00:00,9.845063,270.496008,synthetic_cold_temperate_benchmark
2023-05-03 07:00:00,10.523297,403.417428,synthetic_cold_temperate_benchmark
2023-05-03 08:00:00,11.279768,517.881981,synthetic_cold_temperate_benchmark
2023-05-03 09:00:00,12.062926,608.652769,synthetic_cold_temperate_benchmark
2023-05-03 10:00:00,12.819397,671.576911,synthetic_cold_temperate_benchmark
2023-05-03 11:00:00,13.497631,703.775546,synthetic_cold_temperate_benchmark
2023-05-03 12:00:00,14.051407,703.775546,synthetic_cold_temperate_benchmark
2023-05-03 13:00:00,14.442986,671.576911,synthetic_cold_temperate_benchmark
2023-05-03 14:00:00,14.645682,608.652769,synthetic_cold_temperate_benchmark
2023-05-03 15:00:00,14.645682,517.881981,synthetic_cold_temperate_benchmark
2023-05-03 16:00:00,14.442986,403.417428,synthetic_cold_temperate_benchmark
2023-05-03 17:00:00,14.051407,270.496008,synthetic_cold_temperate_benchmark
2023-05-03 18:00:00,13.497631,125.199049,synthetic_cold_temperate_benchmark
2023-05-03 19:00:00,12.819397,0.000000,synthetic_cold_temperate_benchmark
2023-05-03 20:00:00,12.062926,0.000000,synthetic_cold_temperate_benchmark
2023-05-03 21:00:00,11.279768,0.000000,synthetic_cold_temperate_benchmark
2023-05-03 22:00:00,10.523297,0.000000,synthetic_cold_temperate_benchmark
2023-05-03 23:00:00,9.845063,0.000000,synthetic_cold_temperate_benchmark
2023-05-04 00:00:00,9.474570,0.000000,synthetic_cold_temperate_benchmark
2023-05-04 01:00:00,9.082991,0.000000,synthetic_cold_temperate_benchmark
2023-05-04 02:00:00,8.880295,0.000000,synthetic_cold_temperate_benchmark
2023-05-04 03:00:00,8.880295,0.000000,synthetic_cold_temperate_benchmark
2023-05-04 04:00:00,9.082991,0.000000,synthetic_cold_temperate_benchmark
2023-05-04 05:00:00,9.474570,129.201863,synthetic_cold_temperate_benchmark
2023-05-04 06:00:00,10.028345,274.522797,synthetic_cold_temperate_benchmark
2023-05-04 07:00:00,10.706579,407.370630,synthetic_cold_temperate_benchmark
2023-05-04 08:00:00,11.463051,521.709344,synthetic_cold_temperate_benchmark
2023-05-04 09:00:00,12.246208,612.343894,synthetic_cold_temperate_benchmark
2023-05-04 10:00:00,13.002680,675.156247,synthetic_cold_temperate_benchmark
2023-05-04 11:00:00,13.680914,707.292488,synthetic_cold_temperate_benchmark
2023-05-04 12:00:00,14.234690,707.292488,synthetic_cold_temperate_benchmark
2023-05-04 13:00:00,14.626268,675.156247,synthetic_cold_temperate_benchmark
2023-05-04 14:00:00,14.828964,612.343894,synthetic_cold_temperate_benchmark
2023-05-04 15:00:00,14.828964,521.709344,synthetic_cold_temperate_benchmark
2023-05-04 16:00:00,14.626268,407.370630,synthetic_cold_temperate_benchmark
2023-05-04 17:00:00,14.234690,274.522797,synthetic_cold_temperate_benchmark
2023-05-04 18:00:00,13.680914,129.201863,synthetic_cold_temperate_benchmark
2023-05-04 19:00:00,13.002680,0.000000,synthetic_cold_temperate_benchmark
2023-05-04 20:00:00,12.246208,0.000000,synthetic_cold_temperate_benchmark
2023-05-04 21:00:00,11.463051,0.000000,synthetic_cold_temperate_benchmark
2023-05-04 22:00:00,10.706579,0.000000,synthetic_cold_temperate_benchmark
2023-05-04 23:00:00,10.028345,0.000000,synthetic_cold_temperate_benchmark
2023-05-05 00:00:00,9.657007,0.000000,synthetic_cold_temperate_benchmark
2023-05-05 01:00:00,9.265428,0.000000,synthetic_cold_temperate_benchmark
2023-05-05 02:00:00,9.062732,0.000000,synthetic_cold_temperate_benchmark
2023-05-05 03:00:00,9.062732,0.000000,synthetic_cold_temperate_benchmark
2023-05-05 04:00:00,9.265428,0.000000,synthetic_cold_temperate_benchmark
2023-05-05 05:00:00,9.657007,133.148388,synthetic_cold_temperate_benchmark
2023-05-05 06:00:00,10.210782,278.489408,synthetic_cold_temperate_benchmark
2023-05-05 07:00:00,10.889016,411.262756,synthetic_cold_temperate_benchmark
2023-05-05 08:00:00,11.645488,525.476634,synthetic_cold_temperate_benchmark
2023-05-05 09:00:00,12.428645,615.976797,synthetic_cold_temperate_benchmark
2023-05-05 10:00:00,13.185117,678.679153,synthetic_cold_temperate_benchmark
2023-05-05 11:00:00,13.863351,710.754070,synthetic_cold_temperate_benchmark
2023-05-05 12:00:00,14.417127,710.754070,synthetic_cold_temperate_benchmark
2023-05-05 13:00:00,14.808705,678.679153,synthetic_cold_temperate_benchmark
2023-05-05 14:00:00,15.011401,615.976797,synthetic_cold_temperate_benchmark
2023-05-05 15:00:00,15.011401,525.476634,synthetic_cold_temperate_benchmark
2023-05-05 16:00:00,14.808705,411.262756,synthetic_cold_temperate_benchmark
2023-05-05 17:00:00,14.417127,278.489408,synthetic_cold_temperate_benchmark
2023-05-05 18:00:00,13.863351,133.148388,synthetic_cold_temperate_benchmark
2023-05-05 19:00:00,13.185117,0.000000,synthetic_cold_temperate_benchmark
2023-05-05 20:00:00,12.428645,0.000000,synthetic_cold_temperate_benchmark
2023-05-05 21:00:00,11.645488,0.000000,synthetic_cold_temperate_benchmark
2023-05-05 22:00:00,10.889016,0.000000,synthetic_cold_temperate_benchmark
2023-05-05 23:00:00,10.210782,0.000000,synthetic_cold_temperate_benchmark
2023-05-06 00:00:00,9.838544,0.000000,synthetic_cold_temperate_benchmark
2023-05-06 01:00:00,9.446965,0.000000,synthetic_cold_temperate_benchmark
2023-05-06 02:00:00,9.244269,0.000000,synthetic_cold_temperate_benchmark
2023-05-06 03:00:00,9.244269,0.000000,synthetic_cold_temperate_benchmark
2023-05-06 04:00:00,9.446965,0.000000,synthetic_cold_temperate_benchmark
2023-05-06 05:00:00,9.838544,137.036982,synthetic_cold_temperate_benchmark
2023-05-06 06:00:00,10.392319,282.394422,synthetic_cold_temperate_benchmark
2023-05-06 07:00:00,11.070553,415.092548,synthetic_cold_temperate_benchmark
2023-05-06 08:00:00,11.827025,529.182703,synthetic_cold_temperate_benchmark
2023-05-06 09:00:00,12.610182,619.550399,synthetic_cold_temperate_benchmark
2023-05-06 10:00:00,13.366654,682.144587,synthetic_cold_temperate_benchmark
2023-05-06 11:00:00,14.044888,714.159266,synthetic_cold_temperate_benchmark
2023-05-06 12:00:00,14.598664,714.159266,synthetic_cold_temperate_benchmark
2023-05-06 13:00:00,14.990242,682.144587,synthetic_cold_temperate_benchmark
2023-05-06 14:00:00,15.192938,619.550399,synthetic_cold_temperate_benchmark
2023-05-06 15:00:00,15.192938,529.182703,synthetic_cold_temperate_benchmark
2023-05-06 16:00:00,14.990242,415.092548,synthetic_cold_temperate_benchmark
2023-05-06 17:00:00,14.598664,282.394422,synthetic_cold_temperate_benchmark
2023-05-06 18:00:00,14.044888,137.036982,synthetic_cold_temperate_benchmark
2023-05-06 19:00:00,13.366654,0.000000,synthetic_cold_temperate_benchmark
2023-05-06 20:00:00,12.610182,0.000000,synthetic_cold_temperate_benchmark
2023-05-06 21:00:00,11.827025,0.000000,synthetic_cold_temperate_benchmark
2023-05-06 22:00:00,11.070553,0.000000,synthetic_cold_temperate_benchmark
2023-05-06 23:00:00,10.392319,0.000000,synthetic_cold_temperate_benchmark
2023-05-07 00:00:00,10.019127,0.000000,synthetic_cold_temperate_benchmark
2023-05-07 01:00:00,9.627548,0.000000,synthetic_cold_temperate_benchmark
2023-05-07 02:00:00,9.424852,0.000000,synthetic_cold_temperate_benchmark
2023-05-07 03:00:00,9.424852,0.000000,synthetic_cold_temperate_benchmark
2023-05-07 04:00:00,9.627548,0.000000,synthetic_cold_temperate_benchmark
2023-05-07 05:00:00,10.019127,140.866038,synthetic_cold_temperate_benchmark
2023-05-07 06:00:00,10.572903,286.236449,synthetic_cold_temperate_benchmark
2023-05-07 07:00:00,11.251137,418.858774,synthetic_cold_temperate_benchmark
2023-05-07 08:00:00,12.007608,532.826426,synthetic_cold_temperate_benchmark
2023-05-07 09:00:00,12.790766,623.063639,synthetic_cold_temperate_benchmark
2023-05-07 10:00:00,13.547237,685.551526,synthetic_cold_temperate_benchmark
2023-05-07 11:00:00,14.225471,717.507069,synthetic_cold_temperate_benchmark
2023-05-07 12:00:00,14.779247,717.507069,synthetic_cold_temperate_benchmark
2023-05-07 13:00:00,15.170826,685.551526,synthetic_cold_temperate_benchmark
2023-05-07 14:00:00,15.373522,623.063639,synthetic_cold_temperate_benchmark
2023-05-07 15:00:00,15.373522,532.826426,synthetic_cold_temperate_benchmark
2023-05-07 16:00:00,15.170826,418.858774,synthetic_cold_temperate_benchmark
2023-05-07 17:00:00,14.779247,286.236449,synthetic_cold_temperate_benchmark
2023-05-07 18:00:00,14.225471,140.866038,synthetic_cold_temperate_benchmark
2023-05-07 19:00:00,13.547237,0.000000,synthetic_cold_temperate_benchmark
2023-05-07 20:00:00,12.790766,0.000000,synthetic_cold_temperate_benchmark
2023-05-07 21:00:00,12.007608,0.000000,synthetic_cold_temperate_benchmark
2023-05-07 22:00:00,11.251137,0.000000,synthetic_cold_temperate_benchmark
2023-05-07 23:00:00,10.572903,0.000000,synthetic_cold_temperate_benchmark
2023-05-08 00:00:00,10.198703,0.000000,synthetic_cold_temperate_benchmark
2023-05-08 01:00:00,9.807124,0.000000,synthetic_cold_temperate_benchmark
2023-05-08 02:00:00,9.604428,0.000000,synthetic_cold_temperate_benchmark
2023-05-08 03:00:00,9.604428,0.000000,synthetic_cold_temperate_benchmark
2023-05-08 04:00:00,9.807124,0.000000,synthetic_cold_temperate_benchmark
2023-05-08 05:00:00,10.198703,144.633983,synthetic_cold_temperate_benchmark
2023-05-08 06:00:00,10.752479,290.014126,synthetic_cold_temperate_benchmark
2023-05-08 07:00:00,11.430713,422.560226,synthetic_cold_temperate_benchmark
2023-05-08 08:00:00,12.187184,536.406698,synthetic_cold_temperate_benchmark
2023-05-08 09:00:00,12.970342,626.515476,synthetic_cold_temperate_benchmark
2023-05-08 10:00:00,13.726813,688.898961,synthetic_cold_temperate_benchmark
2023-05-08 11:00:00,14.405047,720.796487,synthetic_cold_temperate_benchmark
2023-05-08 12:00:00,14.958823,720.796487,synthetic_cold_temperate_benchmark
2023-05-08 13:00:00,15.350402,688.898961,synthetic_cold_temperate_benchmark
2023-05-08 14:00:00,15.553098,626.515476,synthetic_cold_temperate_benchmark
2023-05-08 15:00:00,15.553098,536.406698,synthetic_cold_temperate_benchmark
2023-05-08 16:00:00,15.350402,422.560226,synthetic_cold_temperate_benchmark
2023-05-08 17:00:00,14.958823,290.014126,synthetic_cold_temperate_benchmark
2023-05-08 18:00:00,14.405047,144.633983,synthetic_cold_temperate_benchmark
2023-05-08 19:00:00,13.726813,0.000000,synthetic_cold_temperate_benchmark
2023-05-08 20:00:00,12.970342,0.000000,synthetic_cold_temperate_benchmark
2023-05-08 21:00:00,12.187184,0.000000,synthetic_cold_temperate_benchmark
2023-05-08 22:00:00,11.430713,0.000000,synthetic_cold_temperate_benchmark
2023-05-08 23:00:00,10.752479,0.000000,synthetic_cold_temperate_benchmark
2023-05-09 00:00:00,10.377218,0.000000,synthetic_cold_temperate_benchmark
2023-05-09 01:00:00,9.985640,0.000000,synthetic_cold_temperate_benchmark
2023-05-09 02:00:00,9.782944,0.000000,synthetic_cold_temperate_benchmark
2023-05-09 03:00:00,9.782944,0.000000,synthetic_cold_temperate_benchmark
2023-05-09 04:00:00,9.985640,0.000000,synthetic_cold_temperate_benchmark
2023-05-09 05:00:00,10.377218,148.339279,synthetic_cold_temperate_benchmark
2023-05-09 06:00:00,10.930994,293.726121,synthetic_cold_temperate_benchmark
2023-05-09 07:00:00,11.609228,426.195718,synthetic_cold_temperate_benchmark
2023-05-09 08:00:00,12.365700,539.922434,synthetic_cold_temperate_benchmark
2023-05-09 09:00:00,13.148857,629.904887,synthetic_cold_temperate_benchmark
2023-05-09 10:00:00,13.905329,692.185905,synthetic_cold_temperate_benchmark
2023-05-09 11:00:00,14.583563,724.026545,synthetic_cold_temperate_benchmark
2023-05-09 12:00:00,15.137338,724.026545,synthetic_cold_temperate_benchmark
2023-05-09 13:00:00,15.528917,692.185905,synthetic_cold_temperate_benchmark
2023-05-09 14:00:00,15.731613,629.904887,synthetic_cold_temperate_benchmark
2023-05-09 15:00:00,15.731613,539.922434,synthetic_cold_temperate_benchmark
2023-05-09 16:00:00,15.528917,426.195718,synthetic_cold_temperate_benchmark
2023-05-09 17:00:00,15.137338,293.726121,synthetic_cold_temperate_benchmark
2023-05-09 18:00:00,14.583563,148.339279,synthetic_cold_temperate_benchmark
2023-05-09 19:00:00,13.905329,0.000000,synthetic_cold_temperate_benchmark
2023-05-09 20:00:00,13.148857,0.000000,synthetic_cold_temperate_benchmark
2023-05-09 21:00:00,12.365700,0.000000,synthetic_cold_temperate_benchmark
2023-05-09 22:00:00,11.609228,0.000000,synthetic_cold_temperate_benchmark
2023-05-09 23:00:00,10.930994,0.000000,synthetic_cold_temperate_benchmark
2023-05-10 00:00:00,10.554621,0.000000,synthetic_cold_temperate_benchmark
2023-05-10 01:00:00,10.163042,0.000000,synthetic_cold_temperate_benchmark
2023-05-10 02:00:00,9.960346,0.000000,synthetic_cold_temperate_benchmark
2023-05-10 03:00:00,9.960346,0.000000,synthetic_cold_temperate_benchmark
2023-05-10 04:00:00,10.163042,0.000000,synthetic_cold_temperate_benchmark
2023-05-10 05:00:00,10.554621,151.980422,synthetic_cold_temperate_benchmark
2023-05-10 06:00:00,11.108396,297.371130,synthetic_cold_temperate_benchmark
2023-05-10 07:00:00,11.786630,429.764094,synthetic_cold_temperate_benchmark
2023-05-10 08:00:00,12.543102,543.372572,synthetic_cold_temperate_benchmark
2023-05-10 09:00:00,13.326259,633.230870,synthetic_cold_temperate_benchmark
2023-05-10 10:00:00,14.082731,695.411388,synthetic_cold_temperate_benchmark
2023-05-10 11:00:00,14.760965,727.196287,synthetic_cold_temperate_benchmark
2023-05-10 12:00:00,15.314741,727.196287,synthetic_cold_temperate_benchmark
2023-05-10 13:00:00,15.706319,695.411388,synthetic_cold_temperate_benchmark
2023-05-10 14:00:00,15.909015,633.230870,synthetic_cold_temperate_benchmark
2023-05-10 15:00:00,15.909015,543.372572,synthetic_cold_temperate_benchmark
2023-05-10 16:00:00,15.706319,429.764094,synthetic_cold_temperate_benchmark
2023-05-10 17:00:00,15.314741,297.371130,synthetic_cold_temperate_benchmark
2023-05-10 18:00:00,14.760965,151.980422,synthetic_cold_temperate_benchmark
2023-05-10 19:00:00,14.082731,0.000000,synthetic_cold_temperate_benchmark
2023-05-10 20:00:00,13.326259,0.000000,synthetic_cold_temperate_benchmark
2023-05-10 21:00:00,12.543102,0.000000,synthetic_cold_temperate_benchmark
2023-05-10 22:00:00,11.786630,0.000000,synthetic_cold_temperate_benchmark
2023-05-10 23:00:00,11.108396,0.000000,synthetic_cold_temperate_benchmark
2023-05-11 00:00:00,10.730857,0.000000,synthetic_cold_temperate_benchmark
2023-05-11 01:00:00,10.339278,0.000000,synthetic_cold_temperate_benchmark
2023-05-11 02:00:00,10.136582,0.000000,synthetic_cold_temperate_benchmark
2023-05-11 03:00:00,10.136582,0.000000,synthetic_cold_temperate_benchmark
2023-05-11 04:00:00,10.339278,3.405401,synthetic_cold_temperate_benchmark
2023-05-11 05:00:00,10.730857,155.555940,synthetic_cold_temperate_benchmark
2023-05-11 06:00:00,11.284633,300.947878,synthetic_cold_temperate_benchmark
2023-05-11 07:00:00,11.962867,433.264218,synthetic_cold_temperate_benchmark
2023-05-11 08:00:00,12.719338,546.756072,synthetic_cold_temperate_benchmark
2023-05-11 09:00:00,13.502495,636.492442,synthetic_cold_temperate_benchmark
2023-05-11 10:00:00,14.258967,698.574457,synthetic_cold_temperate_benchmark
2023-05-11 11:00:00,14.937201,730.304775,synthetic_cold_temperate_benchmark
2023-05-11 12:00:00,15.490977,730.304775,synthetic_cold_temperate_benchmark
2023-05-11 13:00:00,15.882555,698.574457,synthetic_cold_temperate_benchmark
2023-05-11 14:00:00,16.085251,636.492442,synthetic_cold_temperate_benchmark
2023-05-11 15:00:00,16.085251,546.756072,synthetic_cold_temperate_benchmark
2023-05-11 16:00:00,15.882555,433.264218,synthetic_cold_temperate_benchmark
2023-05-11 17:00:00,15.490977,300.947878,synthetic_cold_temperate_benchmark
2023-05-11 18:00:00,14.937201,155.555940,synthetic_cold_temperate_benchmark
2023-05-11 19:00:00,14.258967,3.405401,synthetic_cold_temperate_benchmark
2023-05-11 20:00:00,13.502495,0.000000,synthetic_cold_temperate_benchmark
2023-05-11 21:00:00,12.719338,0.000000,synthetic_cold_temperate_benchmark
2023-05-11 22:00:00,11.962867,0.000000,synthetic_cold_temperate_benchmark
2023-05-11 23:00:00,11.284633,0.000000,synthetic_cold_temperate_benchmark
2023-05-12 00:00:00,10.905875,0.000000,synthetic_cold_temperate_benchmark
2023-05-12 01:00:00,10.514296,0.000000,synthetic_cold_temperate_benchmark
2023-05-12 02:00:00,10.311600,0.000000,synthetic_cold_temperate_benchmark
2023-05-12 03:00:00,10.311600,0.000000,synthetic_cold_temperate_benchmark
2023-05-12 04:00:00,10.514296,6.802936,synthetic_cold_temperate_benchmark
2023-05-12 05:00:00,10.905875,159.064401,synthetic_cold_temperate_benchmark
2023-05-12 06:00:00,11.459651,304.455120,synthetic_cold_temperate_benchmark
2023-05-12 07:00:00,12.137885,436.694981,synthetic_cold_temperate_benchmark
2023-05-12 08:00:00,12.894356,550.071916,synthetic_cold_temperate_benchmark
2023-05-12 09:00:00,13.677514,639.688639,synthetic_cold_temperate_benchmark
2023-05-12 10:00:00,14.433985,701.674179,synthetic_cold_temperate_benchmark
2023-05-12 11:00:00,15.112219,733.351087,synthetic_cold_temperate_benchmark
2023-05-12 12:00:00,15.665995,733.351087,synthetic_cold_temperate_benchmark
2023-05-12 13:00:00,16.057574,701.674179,synthetic_cold_temperate_benchmark
2023-05-12 14:00:00,16.260270,639.688639,synthetic_cold_temperate_benchmark
2023-05-12 15:00:00,16.260270,550.071916,synthetic_cold_temperate_benchmark
2023-05-12 16:00:00,16.057574,436.694981,synthetic_cold_temperate_benchmark
2023-05-12 17:00:00,15.665995,304.455120,synthetic_cold_temperate_benchmark
2023-05-12 18:00:00,15.112219,159.064401,synthetic_cold_temperate_benchmark
2023-05-12 19:00:00,14.433985,6.802936,synthetic_cold_temperate_benchmark
2023-05-12 20:00:00,13.677514,0.000000,synthetic_cold_temperate_benchmark
2023-05-12 21:00:00,12.894356,0.000000,synthetic_cold_temperate_benchmark
2023-05-12 22:00:00,12.137885,0.000000,synthetic_cold_temperate_benchmark
2023-05-12 23:00:00,11.459651,0.000000,synthetic_cold_temperate_benchmark
2023-05-13 00:00:00,11.079623,0.000000,synthetic_cold_temperate_benchmark
2023-05-13 01:00:00,10.688044,0.000000,synthetic_cold_temperate_benchmark
2023-05-13 02:00:00,10.485348,0.000000,synthetic_cold_temperate_benchmark
2023-05-13 03:00:00,10.485348,0.000000,synthetic_cold_temperate_benchmark
2023-05-13 04:00:00,10.688044,10.137794,synthetic_cold_temperate_benchmark
2023-05-13 05:00:00,11.079623,162.504403,synthetic_cold_temperate_benchmark
2023-05-13 06:00:00,11.633399,307.891640,synthetic_cold_temperate_benchmark
2023-05-13 07:00:00,12.311633,440.055299,synthetic_cold_temperate_benchmark
2023-05-13 08:00:00,13.068104,553.319107,synthetic_cold_temperate_benchmark
2023-05-13 09:00:00,13.851262,642.818518,synthetic_cold_temperate_benchmark
2023-05-13 10:00:00,14.607733,704.709640,synthetic_cold_temperate_benchmark
2023-05-13 11:00:00,15.285967,736.334322,synthetic_cold_temperate_benchmark
2023-05-13 12:00:00,15.839743,736.334322,synthetic_cold_temperate_benchmark
2023-05-13 13:00:00,16.231322,704.709640,synthetic_cold_temperate_benchmark
2023-05-13 14:00:00,16.434018,642.818518,synthetic_cold_temperate_benchmark
2023-05-13 15:00:00,16.434018,553.319107,synthetic_cold_temperate_benchmark
2023-05-13 16:00:00,16.231322,440.055299,synthetic_cold_temperate_benchmark
2023-05-13 17:00:00,15.839743,307.891640,synthetic_cold_temperate_benchmark
2023-05-13 18:00:00,15.285967,162.504403,synthetic_cold_temperate_benchmark
2023-05-13 19:00:00,14.607733,10.137794,synthetic_cold_temperate_benchmark
2023-05-13 20:00:00,13.851262,0.000000,synthetic_cold_temperate_benchmark
2023-05-13 21:00:00,13.068104,0.000000,synthetic_cold_temperate_benchmark
2023-05-13 22:00:00,12.311633,0.000000,synthetic_cold_temperate_benchmark
2023-05-13 23:00:00,11.633399,0.000000,synthetic_cold_temperate_benchmark
2023-05-14 00:00:00,11.252050,0.000000,synthetic_cold_temperate_benchmark
2023-05-14 01:00:00,10.860471,0.000000,synthetic_cold_temperate_benchmark
2023-05-14 02:00:00,10.657775,0.000000,synthetic_cold_temperate_benchmark
2023-05-14 03:00:00,10.657775,0.000000,synthetic_cold_temperate_benchmark
2023-05-14 04:00:00,10.860471,13.408375,synthetic_cold_temperate_benchmark
2023-05-14 05:00:00,11.252050,165.874579,synthetic_cold_temperate_benchmark
2023-05-14 06:00:00,11.805825,311.256252,synthetic_cold_temperate_benchmark
2023-05-14 07:00:00,12.484059,443.344114,synthetic_cold_temperate_benchmark
2023-05-14 08:00:00,13.240531,556.496671,synthetic_cold_temperate_benchmark
2023-05-14 09:00:00,14.023688,645.881157,synthetic_cold_temperate_benchmark
2023-05-14 10:00:00,14.780160,707.679944,synthetic_cold_temperate_benchmark
2023-05-14 11:00:00,15.458394,739.253596,synthetic_cold_temperate_benchmark
2023-05-14 12:00:00,16.012170,739.253596,synthetic_cold_temperate_benchmark
2023-05-14 13:00:00,16.403748,707.679944,synthetic_cold_temperate_benchmark
2023-05-14 14:00:00,16.606444,645.881157,synthetic_cold_temperate_benchmark
2023-05-14 15:00:00,16.606444,556.496671,synthetic_cold_temperate_benchmark
2023-05-14 16:00:00,16.403748,443.344114,synthetic_cold_temperate_benchmark
2023-05-14 17:00:00,16.012170,311.256252,synthetic_cold_temperate_benchmark
2023-05-14 18:00:00,15.458394,165.874579,synthetic_cold_temperate_benchmark
2023-05-14 19:00:00,14.780160,13.408375,synthetic_cold_temperate_benchmark
2023-05-14 20:00:00,14.023688,0.000000,synthetic_cold_temperate_benchmark
2023-05-14 21:00:00,13.240531,0.000000,synthetic_cold_temperate_benchmark
2023-05-14 22:00:00,12.484059,0.000000,synthetic_cold_temperate_benchmark
2023-05-14 23:00:00,11.805825,0.000000,synthetic_cold_temperate_benchmark
2023-05-15 00:00:00,11.423104,0.000000,synthetic_cold_temperate_benchmark
2023-05-15 01:00:00,11.031525,0.000000,synthetic_cold_temperate_benchmark
2023-05-15 02:00:00,10.828829,0.000000,synthetic_cold_temperate_benchmark
2023-05-15 03:00:00,10.828829,0.000000,synthetic_cold_temperate_benchmark
2023-05-15 04:00:00,11.031525,16.613120,synthetic_cold_temperate_benchmark
2023-05-15 05:00:00,11.423104,169.173601,synthetic_cold_temperate_benchmark
2023-05-15 06:00:00,11.976879,314.547796,synthetic_cold_temperate_benchmark
2023-05-15 07:00:00,12.655113,446.560392,synthetic_cold_temperate_benchmark
2023-05-15 08:00:00,13.411585,559.603657,synthetic_cold_temperate_benchmark
2023-05-15 09:00:00,14.194742,648.875653,synthetic_cold_temperate_benchmark
2023-05-15 10:00:00,14.951214,710.584217,synthetic_cold_temperate_benchmark
2023-05-15 11:00:00,15.629448,742.108046,synthetic_cold_temperate_benchmark
2023-05-15 12:00:00,16.183224,742.108046,synthetic_cold_temperate_benchmark
2023-05-15 13:00:00,16.574802,710.584217,synthetic_cold_temperate_benchmark
2023-05-15 14:00:00,16.777498,648.875653,synthetic_cold_temperate_benchmark
2023-05-15 15:00:00,16.777498,559.603657,synthetic_cold_temperate_benchmark
2023-05-15 16:00:00,16.574802,446.560392,synthetic_cold_temperate_benchmark
2023-05-15 17:00:00,16.183224,314.547796,synthetic_cold_temperate_benchmark
2023-05-15 18:00:00,15.629448,169.173601,synthetic_cold_temperate_benchmark
2023-05-15 19:00:00,14.951214,16.613120,synthetic_cold_temperate_benchmark
2023-05-15 20:00:00,14.194742,0.000000,synthetic_cold_temperate_benchmark
2023-05-15 21:00:00,13.411585,0.000000,synthetic_cold_temperate_benchmark
2023-05-15 22:00:00,12.655113,0.000000,synthetic_cold_temperate_benchmark
2023-05-15 23:00:00,11.976879,0.000000,synthetic_cold_temperate_benchmark
2023-05-16 00:00:00,11.592734,0.000000,synthetic_cold_temperate_benchmark
2023-05-16 01:00:00,11.201156,0.000000,synthetic_cold_temperate_benchmark
2023-05-16 02:00:00,10.998460,0.000000,synthetic_cold_temperate_benchmark
2023-05-16 03:00:00,10.998460,0.000000,synthetic_cold_temperate_benchmark
2023-05-16 04:00:00,11.201156,19.750514,synthetic_cold_temperate_benchmark
2023-05-16 05:00:00,11.592734,172.400170,synthetic_cold_temperate_benchmark
2023-05-16 06:00:00,12.146510,317.765147,synthetic_cold_temperate_benchmark
2023-05-16 07:00:00,12.824744,449.703126,synthetic_cold_temperate_benchmark
2023-05-16 08:00:00,13.581216,562.639136,synthetic_cold_temperate_benchmark
2023-05-16 09:00:00,14.364373,651.801125,synthetic_cold_temperate_benchmark
2023-05-16 10:00:00,15.120845,713.421602,synthetic_cold_temperate_benchmark
2023-05-16 11:00:00,15.799079,744.896825,synthetic_cold_temperate_benchmark
2023-05-16 12:00:00,16.352854,744.896825,synthetic_cold_temperate_benchmark
2023-05-16 13:00:00,16.744433,713.421602,synthetic_cold_temperate_benchmark
2023-05-16 14:00:00,16.947129,651.801125,synthetic_cold_temperate_benchmark
2023-05-16 15:00:00,16.947129,562.639136,synthetic_cold_temperate_benchmark
2023-05-16 16:00:00,16.744433,449.703126,synthetic_cold_temperate_benchmark
2023-05-16 17:00:00,16.352854,317.765147,synthetic_cold_temperate_benchmark
2023-05-16 18:00:00,15.799079,172.400170,synthetic_cold_temperate_benchmark
2023-05-16 19:00:00,15.120845,19.750514,synthetic_cold_temperate_benchmark
2023-05-16 20:00:00,14.364373,0.000000,synthetic_cold_temperate_benchmark
2023-05-16 21:00:00,13.581216,0.000000,synthetic_cold_temperate_benchmark
2023-05-16 22:00:00,12.824744,0.000000,synthetic_cold_temperate_benchmark
2023-05-16 23:00:00,12.146510,0.000000,synthetic_cold_temperate_benchmark
2023-05-17 00:00:00,11.760891,0.000000,synthetic_cold_temperate_benchmark
2023-05-17 01:00:00,11.369313,0.000000,synthetic_cold_temperate_benchmark
2023-05-17 02:00:00,11.166617,0.000000,synthetic_cold_temperate_benchmark
2023-05-17 03:00:00,11.166617,0.000000,synthetic_cold_temperate_benchmark
2023-05-17 04:00:00,11.369313,22.819081,synthetic_cold_temperate_benchmark
2023-05-17 05:00:00,11.760891,175.553026,synthetic_cold_temperate_benchmark
2023-05-17 06:00:00,12.314667,320.907206,synthetic_cold_temperate_benchmark
2023-05-17 07:00:00,12.992901,452.771332,synthetic_cold_temperate_benchmark
2023-05-17 08:00:00,13.749373,565.602201,synthetic_cold_temperate_benchmark
2023-05-17 09:00:00,14.532530,654.656713,synthetic_cold_temperate_benchmark
2023-05-17 10:00:00,15.289002,716.191263,synthetic_cold_temperate_benchmark
2023-05-17 11:00:00,15.967236,747.619108,synthetic_cold_temperate_benchmark
2023-05-17 12:00:00,16.521011,747.619108,synthetic_cold_temperate_benchmark
2023-05-17 13:00:00,16.912590,716.191263,synthetic_cold_temperate_benchmark
2023-05-17 14:00:00,17.115286,654.656713,synthetic_cold_temperate_benchmark
2023-05-17 15:00:00,17.115286,565.602201,synthetic_cold_temperate_benchmark
2023-05-17 16:00:00,16.912590,452.771332,synthetic_cold_temperate_benchmark
2023-05-17 17:00:00,16.521011,320.907206,synthetic_cold_temperate_benchmark
2023-05-17 18:00:00,15.967236,175.553026,synthetic_cold_temperate_benchmark
2023-05-17 19:00:00,15.289002,22.819081,synthetic_cold_temperate_benchmark
2023-05-17 20:00:00,14.532530,0.000000,synthetic_cold_temperate_benchmark
2023-05-17 21:00:00,13.749373,0.000000,synthetic_cold_temperate_benchmark
2023-05-17 22:00:00,12.992901,0.000000,synthetic_cold_temperate_benchmark
2023-05-17 23:00:00,12.314667,0.000000,synthetic_cold_temperate_benchmark
2023-05-18 00:00:00,11.927525,0.000000,synthetic_cold_temperate_benchmark
2023-05-18 01:00:00,11.535947,0.000000,synthetic_cold_temperate_benchmark
2023-05-18 02:00:00,11.333251,0.000000,synthetic_cold_temperate_benchmark
2023-05-18 03:00:00,11.333251,0.000000,synthetic_cold_temperate_benchmark
2023-05-18 04:00:00,11.535947,25.817385,synthetic_cold_temperate_benchmark
2023-05-18 05:00:00,11.927525,178.630942,synthetic_cold_temperate_benchmark
2023-05-18 06:00:00,12.481301,323.972904,synthetic_cold_temperate_benchmark
2023-05-18 07:00:00,13.159535,455.764055,synthetic_cold_temperate_benchmark
2023-05-18 08:00:00,13.916007,568.491969,synthetic_cold_temperate_benchmark
2023-05-18 09:00:00,14.699164,657.441577,synthetic_cold_temperate_benchmark
2023-05-18 10:00:00,15.455635,718.892385,synthetic_cold_temperate_benchmark
2023-05-18 11:00:00,16.133869,750.274089,synthetic_cold_temperate_benchmark
2023-05-18 12:00:00,16.687645,750.274089,synthetic_cold_temperate_benchmark
2023-05-18 13:00:00,17.079224,718.892385,synthetic_cold_temperate_benchmark
2023-05-18 14:00:00,17.281920,657.441577,synthetic_cold_temperate_benchmark
2023-05-18 15:00:00,17.281920,568.491969,synthetic_cold_temperate_benchmark
2023-05-18 16:00:00,17.079224,455.764055,synthetic_cold_temperate_benchmark
2023-05-18 17:00:00,16.687645,323.972904,synthetic_cold_temperate_benchmark
2023-05-18 18:00:00,16.133869,178.630942,synthetic_cold_temperate_benchmark
2023-05-18 19:00:00,15.455635,25.817385,synthetic_cold_temperate_benchmark
2023-05-18 20:00:00,14.699164,0.000000,synthetic_cold_temperate_benchmark
2023-05-18 21:00:00,13.916007,0.000000,synthetic_cold_temperate_benchmark
2023-05-18 22:00:00,13.159535,0.000000,synthetic_cold_temperate_benchmark
2023-05-18 23:00:00,12.481301,0.000000,synthetic_cold_temperate_benchmark
2023-05-19 00:00:00,12.092586,0.000000,synthetic_cold_temperate_benchmark
2023-05-19 01:00:00,11.701008,0.000000,synthetic_cold_temperate_benchmark
2023-05-19 02:00:00,11.498312,0.000000,synthetic_cold_temperate_benchmark
2023-05-19 03:00:00,11.498312,0.000000,synthetic_cold_temperate_benchmark
2023-05-19 04:00:00,11.701008,28.744035,synthetic_cold_temperate_benchmark
2023-05-19 05:00:00,12.092586,181.632725,synthetic_cold_temperate_benchmark
2023-05-19 06:00:00,12.646362,326.961202,synthetic_cold_temperate_benchmark
2023-05-19 07:00:00,13.324596,458.680364,synthetic_cold_temperate_benchmark
2023-05-19 08:00:00,14.081068,571.307581,synthetic_cold_temperate_benchmark
2023-05-19 09:00:00,14.864225,660.154900,synthetic_cold_temperate_benchmark
2023-05-19 10:00:00,15.620696,721.524171,synthetic_cold_temperate_benchmark
2023-05-19 11:00:00,16.298930,752.860983,synthetic_cold_temperate_benchmark
2023-05-19 12:00:00,16.852706,752.860983,synthetic_cold_temperate_benchmark
2023-05-19 13:00:00,17.244285,721.524171,synthetic_cold_temperate_benchmark
2023-05-19 14:00:00,17.446981,660.154900,synthetic_cold_temperate_benchmark
2023-05-19 15:00:00,17.446981,571.307581,synthetic_cold_temperate_benchmark
2023-05-19 16:00:00,17.244285,458.680364,synthetic_cold_temperate_benchmark
2023-05-19 17:00:00,16.852706,326.961202,synthetic_cold_temperate_benchmark
2023-05-19 18:00:00,16.298930,181.632725,synthetic_cold_temperate_benchmark
2023-05-19 19:00:00,15.620696,28.744035,synthetic_cold_temperate_benchmark
2023-05-19 20:00:00,14.864225,0.000000,synthetic_cold_temperate_benchmark
2023-05-19 21:00:00,14.081068,0.000000,synthetic_cold_temperate_benchmark
2023-05-19 22:00:00,13.324596,0.000000,synthetic_cold_temperate_benchmark
2023-05-19 23:00:00,12.646362,0.000000,synthetic_cold_temperate_benchmark
2023-05-20 00:00:00,12.256026,0.000000,synthetic_cold_temperate_benchmark
2023-05-20 01:00:00,11.864447,0.000000,synthetic_cold_temperate_benchmark
2023-05-20 02:00:00,11.661751,0.000000,synthetic_cold_temperate_benchmark
2023-05-20 03:00:00,11.661751,0.000000,synthetic_cold_temperate_benchmark
2023-05-20 04:00:00,11.864447,31.597676,synthetic_cold_temperate_benchmark
2023-05-20 05:00:00,12.256026,184.557220,synthetic_cold_temperate_benchmark
2023-05-20 06:00:00,12.809801,329.871091,synthetic_cold_temperate_benchmark
2023-05-20 07:00:00,13.488035,461.519353,synthetic_cold_temperate_benchmark
2023-05-20 08:00:00,14.244507,574.048200,synthetic_cold_temperate_benchmark
2023-05-20 09:00:00,15.027664,662.795885,synthetic_cold_temperate_benchmark
2023-05-20 10:00:00,15.784136,724.085848,synthetic_cold_temperate_benchmark
2023-05-20 11:00:00,16.462370,755.379023,synthetic_cold_temperate_benchmark
2023-05-20 12:00:00,17.016146,755.379023,synthetic_cold_temperate_benchmark
2023-05-20 13:00:00,17.407724,724.085848,synthetic_cold_temperate_benchmark
2023-05-20 14:00:00,17.610420,662.795885,synthetic_cold_temperate_benchmark
2023-05-20 15:00:00,17.610420,574.048200,synthetic_cold_temperate_benchmark
2023-05-20 16:00:00,17.407724,461.519353,synthetic_cold_temperate_benchmark
2023-05-20 17:00:00,17.016146,329.871091,synthetic_cold_temperate_benchmark
2023-05-20 18:00:00,16.462370,184.557220,synthetic_cold_temperate_benchmark
2023-05-20 19:00:00,15.784136,31.597676,synthetic_cold_temperate_benchmark
2023-05-20 20:00:00,15.027664,0.000000,synthetic_cold_temperate_benchmark
2023-05-20 21:00:00,14.244507,0.000000,synthetic_cold_temperate_benchmark
2023-05-20 22:00:00,13.488035,0.000000,synthetic_cold_temperate_benchmark
2023-05-20 23:00:00,12.809801,0.000000,synthetic_cold_temperate_benchmark
2023-05-21 00:00:00,12.417795,0.000000,synthetic_cold_temperate_benchmark
2023-05-21 01:00:00,12.026216,0.000000,synthetic_cold_temperate_benchmark
2023-05-21 02:00:00,11.823520,0.000000,synthetic_cold_temperate_benchmark
2023-05-21 03:00:00,11.823520,0.000000,synthetic_cold_temperate_benchmark
2023-05-21 04:00:00,12.026216,34.377000,synthetic_cold_temperate_benchmark
2023-05-21 05:00:00,12.417795,187.403304,synthetic_cold_temperate_benchmark
2023-05-21 06:00:00,12.971571,332.701592,synthetic_cold_temperate_benchmark
2023-05-21 07:00:00,13.649804,464.280145,synthetic_cold_temperate_benchmark
2023-05-21 08:00:00,14.406276,576.713012,synthetic_cold_temperate_benchmark
2023-05-21 09:00:00,15.189433,665.363758,synthetic_cold_temperate_benchmark
2023-05-21 10:00:00,15.945905,726.576661,synthetic_cold_temperate_benchmark
2023-05-21 11:00:00,16.624139,757.827463,synthetic_cold_temperate_benchmark
2023-05-21 12:00:00,17.177915,757.827463,synthetic_cold_temperate_benchmark
2023-05-21 13:00:00,17.569493,726.576661,synthetic_cold_temperate_benchmark
2023-05-21 14:00:00,17.772189,665.363758,synthetic_cold_temperate_benchmark
2023-05-21 15:00:00,17.772189,576.713012,synthetic_cold_temperate_benchmark
2023-05-21 16:00:00,17.569493,464.280145,synthetic_cold_temperate_benchmark
2023-05-21 17:00:00,17.177915,332.701592,synthetic_cold_temperate_benchmark
2023-05-21 18:00:00,16.624139,187.403304,synthetic_cold_temperate_benchmark
2023-05-21 19:00:00,15.945905,34.377000,synthetic_cold_temperate_benchmark
2023-05-21 20:00:00,15.189433,0.000000,synthetic_cold_temperate_benchmark
2023-05-21 21:00:00,14.406276,0.000000,synthetic_cold_temperate_benchmark
2023-05-21 22:00:00,13.649804,0.000000,synthetic_cold_temperate_benchmark
2023-05-21 23:00:00,12.971571,0.000000,synthetic_cold_temperate_benchmark
2023-05-22 00:00:00,12.577846,0.000000,synthetic_cold_temperate_benchmark
2023-05-22 01:00:00,12.186267,0.000000,synthetic_cold_temperate_benchmark
2023-05-22 02:00:00,11.983571,0.000000,synthetic_cold_temperate_benchmark
2023-05-22 03:00:00,11.983571,0.000000,synthetic_cold_temperate_benchmark
2023-05-22 04:00:00,12.186267,37.080734,synthetic_cold_temperate_benchmark
2023-05-22 05:00:00,12.577846,190.169890,synthetic_cold_temperate_benchmark
2023-05-22 06:00:00,13.131622,335.451755,synthetic_cold_temperate_benchmark
2023-05-22 07:00:00,13.809856,466.961886,synthetic_cold_temperate_benchmark
2023-05-22 08:00:00,14.566327,579.301227,synthetic_cold_temperate_benchmark
2023-05-22 09:00:00,15.349485,667.857766,synthetic_cold_temperate_benchmark
2023-05-22 10:00:00,16.105956,728.995878,synthetic_cold_temperate_benchmark
2023-05-22 11:00:00,16.784190,760.205580,synthetic_cold_temperate_benchmark
2023-05-22 12:00:00,17.337966,760.205580,synthetic_cold_temperate_benchmark
2023-05-22 13:00:00,17.729545,728.995878,synthetic_cold_temperate_benchmark
2023-05-22 14:00:00,17.932241,667.857766,synthetic_cold_temperate_benchmark
2023-05-22 15:00:00,17.932241,579.301227,synthetic_cold_temperate_benchmark
2023-05-22 16:00:00,17.729545,466.961886,synthetic_cold_temperate_benchmark
2023-05-22 17:00:00,17.337966,335.451755,synthetic_cold_temperate_benchmark
2023-05-22 18:00:00,16.784190,190.169890,synthetic_cold_temperate_benchmark
2023-05-22 19:00:00,16.105956,37.080734,synthetic_cold_temperate_benchmark
2023-05-22 20:00:00,15.349485,0.000000,synthetic_cold_temperate_benchmark
2023-05-22 21:00:00,14.566327,0.000000,synthetic_cold_temperate_benchmark
2023-05-22 22:00:00,13.809856,0.000000,synthetic_cold_temperate_benchmark
2023-05-22 23:00:00,13.131622,0.000000,synthetic_cold_temperate_benchmark
2023-05-23 00:00:00,12.736132,0.000000,synthetic_cold_temperate_benchmark
2023-05-23 01:00:00,12.344553,0.000000,synthetic_cold_temperate_benchmark
2023-05-23 02:00:00,12.141857,0.000000,synthetic_cold_temperate_benchmark
2023-05-23 03:00:00,12.141857,0.000000,synthetic_cold_temperate_benchmark
2023-05-23 04:00:00,12.344553,39.707651,synthetic_cold_temperate_benchmark
2023-05-23 05:00:00,12.736132,192.855924,synthetic_cold_temperate_benchmark
2023-05-23 06:00:00,13.289908,338.120660,synthetic_cold_temperate_benchmark
2023-05-23 07:00:00,13.968142,469.563749,synthetic_cold_temperate_benchmark
2023-05-23 08:00:00,14.724613,581.812079,synthetic_cold_temperate_benchmark
2023-05-23 09:00:00,15.507770,670.277179,synthetic_cold_temperate_benchmark
2023-05-23 10:00:00,16.264242,731.342786,synthetic_cold_temperate_benchmark
2023-05-23 11:00:00,16.942476,762.512668,synthetic_cold_temperate_benchmark
2023-05-23 12:00:00,17.496252,762.512668,synthetic_cold_temperate_benchmark
2023-05-23 13:00:00,17.887830,731.342786,synthetic_cold_temperate_benchmark
2023-05-23 14:00:00,18.090526,670.277179,synthetic_cold_temperate_benchmark
2023-05-23 15:00:00,18.090526,581.812079,synthetic_cold_temperate_benchmark
2023-05-23 16:00:00,17.887830,469.563749,synthetic_cold_temperate_benchmark
2023-05-23 17:00:00,17.496252,338.120660,synthetic_cold_temperate_benchmark
2023-05-23 18:00:00,16.942476,192.855924,synthetic_cold_temperate_benchmark
2023-05-23 19:00:00,16.264242,39.707651,synthetic_cold_temperate_benchmark
2023-05-23 20:00:00,15.507770,0.000000,synthetic_cold_temperate_benchmark
2023-05-23 21:00:00,14.724613,0.000000,synthetic_cold_temperate_benchmark
2023-05-23 22:00:00,13.968142,0.000000,synthetic_cold_temperate_benchmark
2023-05-23 23:00:00,13.289908,0.000000,synthetic_cold_temperate_benchmark
2023-05-24 00:00:00,12.892605,0.000000,synthetic_cold_temperate_benchmark
2023-05-24 01:00:00,12.501027,0.000000,synthetic_cold_temperate_benchmark
2023-05-24 02:00:00,12.298331,0.000000,synthetic_cold_temperate_benchmark
2023-05-24 03:00:00,12.298331,0.000000,synthetic_cold_temperate_benchmark
2023-05-24 04:00:00,12.501027,42.256563,synthetic_cold_temperate_benchmark
2023-05-24 05:00:00,12.892605,195.460390,synthetic_cold_temperate_benchmark
2023-05-24 06:00:00,13.446381,340.707418,synthetic_cold_temperate_benchmark
2023-05-24 07:00:00,14.124615,472.084935,synthetic_cold_temperate_benchmark
2023-05-24 08:00:00,14.881087,584.244826,synthetic_cold_temperate_benchmark
2023-05-24 09:00:00,15.664244,672.621289,synthetic_cold_temperate_benchmark
2023-05-24 10:00:00,16.420716,733.616695,synthetic_cold_temperate_benchmark
2023-05-24 11:00:00,17.098950,764.748046,synthetic_cold_temperate_benchmark
2023-05-24 12:00:00,17.652725,764.748046,synthetic_cold_temperate_benchmark
2023-05-24 13:00:00,18.044304,733.616695,synthetic_cold_temperate_benchmark
2023-05-24 14:00:00,18.247000,672.621289,synthetic_cold_temperate_benchmark
2023-05-24 15:00:00,18.247000,584.244826,synthetic_cold_temperate_benchmark
2023-05-24 16:00:00,18.044304,472.084935,synthetic_cold_temperate_benchmark
2023-05-24 17:00:00,17.652725,340.707418,synthetic_cold_temperate_benchmark
2023-05-24 18:00:00,17.098950,195.460390,synthetic_cold_temperate_benchmark
2023-05-24 19:00:00,16.420716,42.256563,synthetic_cold_temperate_benchmark
2023-05-24 20:00:00,15.664244,0.000000,synthetic_cold_temperate_benchmark
2023-05-24 21:00:00,14.881087,0.000000,synthetic_cold_temperate_benchmark
2023-05-24 22:00:00,14.124615,0.000000,synthetic_cold_temperate_benchmark
2023-05-24 23:00:00,13.446381,0.000000,synthetic_cold_temperate_benchmark
2023-05-25 00:00:00,13.047220,0.000000,synthetic_cold_temperate_benchmark
2023-05-25 01:00:00,12.655641,0.000000,synthetic_cold_temperate_benchmark
2023-05-25 02:00:00,12.452945,0.000000,synthetic_cold_temperate_benchmark
2023-05-25 03:00:00,12.452945,0.000000,synthetic_cold_temperate_benchmark
2023-05-25 04:00:00,12.655641,44.726323,synthetic_cold_temperate_benchmark
2023-05-25 05:00:00,13.047220,197.982304,synthetic_cold_temperate_benchmark
2023-05-25 06:00:00,13.600996,343.211169,synthetic_cold_temperate_benchmark
2023-05-25 07:00:00,14.279230,474.524669,synthetic_cold_temperate_benchmark
2023-05-25 08:00:00,15.035701,586.598749,synthetic_cold_temperate_benchmark
2023-05-25 09:00:00,15.818858,674.889409,synthetic_cold_temperate_benchmark
2023-05-25 10:00:00,16.575330,735.816937,synthetic_cold_temperate_benchmark
2023-05-25 11:00:00,17.253564,766.911050,synthetic_cold_temperate_benchmark
2023-05-25 12:00:00,17.807340,766.911050,synthetic_cold_temperate_benchmark
2023-05-25 13:00:00,18.198919,735.816937,synthetic_cold_temperate_benchmark
2023-05-25 14:00:00,18.401614,674.889409,synthetic_cold_temperate_benchmark
2023-05-25 15:00:00,18.401614,586.598749,synthetic_cold_temperate_benchmark
2023-05-25 16:00:00,18.198919,474.524669,synthetic_cold_temperate_benchmark
2023-05-25 17:00:00,17.807340,343.211169,synthetic_cold_temperate_benchmark
2023-05-25 18:00:00,17.253564,197.982304,synthetic_cold_temperate_benchmark
2023-05-25 19:00:00,16.575330,44.726323,synthetic_cold_temperate_benchmark
2023-05-25 20:00:00,15.818858,0.000000,synthetic_cold_temperate_benchmark
2023-05-25 21:00:00,15.035701,0.000000,synthetic_cold_temperate_benchmark
2023-05-25 22:00:00,14.279230,0.000000,synthetic_cold_temperate_benchmark
2023-05-25 23:00:00,13.600996,0.000000,synthetic_cold_temperate_benchmark
2023-05-26 00:00:00,13.199930,0.000000,synthetic_cold_temperate_benchmark
2023-05-26 01:00:00,12.808351,0.000000,synthetic_cold_temperate_benchmark
2023-05-26 02:00:00,12.605655,0.000000,synthetic_cold_temperate_benchmark
2023-05-26 03:00:00,12.605655,0.000000,synthetic_cold_temperate_benchmark
2023-05-26 04:00:00,12.808351,47.115824,synthetic_cold_temperate_benchmark
2023-05-26 05:00:00,13.199930,200.420719,synthetic_cold_temperate_benchmark
2023-05-26 06:00:00,13.753706,345.631083,synthetic_cold_temperate_benchmark
2023-05-26 07:00:00,14.431940,476.882205,synthetic_cold_temperate_benchmark
2023-05-26 08:00:00,15.188411,588.873155,synthetic_cold_temperate_benchmark
2023-05-26 09:00:00,15.971569,677.080877,synthetic_cold_temperate_benchmark
2023-05-26 10:00:00,16.728040,737.942864,synthetic_cold_temperate_benchmark
2023-05-26 11:00:00,17.406274,769.001042,synthetic_cold_temperate_benchmark
2023-05-26 12:00:00,17.960050,769.001042,synthetic_cold_temperate_benchmark
2023-05-26 13:00:00,18.351629,737.942864,synthetic_cold_temperate_benchmark
2023-05-26 14:00:00,18.554325,677.080877,synthetic_cold_temperate_benchmark
2023-05-26 15:00:00,18.554325,588.873155,synthetic_cold_temperate_benchmark
2023-05-26 16:00:00,18.351629,476.882205,synthetic_cold_temperate_benchmark
2023-05-26 17:00:00,17.960050,345.631083,synthetic_cold_temperate_benchmark
2023-05-26 18:00:00,17.406274,200.420719,synthetic_cold_temperate_benchmark
2023-05-26 19:00:00,16.728040,47.115824,synthetic_cold_temperate_benchmark
2023-05-26 20:00:00,15.971569,0.000000,synthetic_cold_temperate_benchmark
2023-05-26 21:00:00,15.188411,0.000000,synthetic_cold_temperate_benchmark
2023-05-26 22:00:00,14.431940,0.000000,synthetic_cold_temperate_benchmark
2023-05-26 23:00:00,13.753706,0.000000,synthetic_cold_temperate_benchmark
2023-05-27 00:00:00,13.350690,0.000000,synthetic_cold_temperate_benchmark
2023-05-27 01:00:00,12.959112,0.000000,synthetic_cold_temperate_benchmark
2023-05-27 02:00:00,12.756416,0.000000,synthetic_cold_temperate_benchmark
2023-05-27 03:00:00,12.756416,0.000000,synthetic_cold_temperate_benchmark
2023-05-27 04:00:00,12.959112,49.424002,synthetic_cold_temperate_benchmark
2023-05-27 05:00:00,13.350690,202.774720,synthetic_cold_temperate_benchmark
2023-05-27 06:00:00,13.904466,347.966359,synthetic_cold_temperate_benchmark
2023-05-27 07:00:00,14.582700,479.156820,synthetic_cold_temperate_benchmark
2023-05-27 08:00:00,15.339172,591.067372,synthetic_cold_temperate_benchmark
2023-05-27 09:00:00,16.122329,679.195052,synthetic_cold_temperate_benchmark
2023-05-27 10:00:00,16.878801,739.993852,synthetic_cold_temperate_benchmark
2023-05-27 11:00:00,17.557035,771.017402,synthetic_cold_temperate_benchmark
2023-05-27 12:00:00,18.110810,771.017402,synthetic_cold_temperate_benchmark
2023-05-27 13:00:00,18.502389,739.993852,synthetic_cold_temperate_benchmark
2023-05-27 14:00:00,18.705085,679.195052,synthetic_cold_temperate_benchmark
2023-05-27 15:00:00,18.705085,591.067372,synthetic_cold_temperate_benchmark
2023-05-27 16:00:00,18.502389,479.156820,synthetic_cold_temperate_benchmark
2023-05-27 17:00:00,18.110810,347.966359,synthetic_cold_temperate_benchmark
2023-05-27 18:00:00,17.557035,202.774720,synthetic_cold_temperate_benchmark
2023-05-27 19:00:00,16.878801,49.424002,synthetic_cold_temperate_benchmark
2023-05-27 20:00:00,16.122329,0.000000,synthetic_cold_temperate_benchmark
2023-05-27 21:00:00,15.339172,0.000000,synthetic_cold_temperate_benchmark
2023-05-27 22:00:00,14.582700,0.000000,synthetic_cold_temperate_benchmark
2023-05-27 23:00:00,13.904466,0.000000,synthetic_cold_temperate_benchmark
2023-05-28 00:00:00,13.499456,0.000000,synthetic_cold_temperate_benchmark
2023-05-28 01:00:00,13.107878,0.000000,synthetic_cold_temperate_benchmark
2023-05-28 02:00:00,12.905182,0.000000,synthetic_cold_temperate_benchmark
2023-05-28 03:00:00,12.905182,0.000000,synthetic_cold_temperate_benchmark
2023-05-28 04:00:00,13.107878,51.649833,synthetic_cold_temperate_benchmark
2023-05-28 05:00:00,13.499456,205.043429,synthetic_cold_temperate_benchmark
2023-05-28 06:00:00,14.053232,350.216228,synthetic_cold_temperate_benchmark
2023-05-28 07:00:00,14.731466,481.347821,synthetic_cold_temperate_benchmark
2023-05-28 08:00:00,15.487938,593.180755,synthetic_cold_temperate_benchmark
2023-05-28 09:00:00,16.271095,681.231316,synthetic_cold_temperate_benchmark
2023-05-28 10:00:00,17.027567,741.969298,synthetic_cold_temperate_benchmark
2023-05-28 11:00:00,17.705801,772.959534,synthetic_cold_temperate_benchmark
2023-05-28 12:00:00,18.259576,772.959534,synthetic_cold_temperate_benchmark
2023-05-28 13:00:00,18.651155,741.969298,synthetic_cold_temperate_benchmark
2023-05-28 14:00:00,18.853851,681.231316,synthetic_cold_temperate_benchmark
2023-05-28 15:00:00,18.853851,593.180755,synthetic_cold_temperate_benchmark
2023-05-28 16:00:00,18.651155,481.347821,synthetic_cold_temperate_benchmark
2023-05-28 17:00:00,18.259576,350.216228,synthetic_cold_temperate_benchmark
2023-05-28 18:00:00,17.705801,205.043429,synthetic_cold_temperate_benchmark
2023-05-28 19:00:00,17.027567,51.649833,synthetic_cold_temperate_benchmark
2023-05-28 20:00:00,16.271095,0.000000,synthetic_cold_temperate_benchmark
2023-05-28 21:00:00,15.487938,0.000000,synthetic_cold_temperate_benchmark
2023-05-28 22:00:00,14.731466,0.000000,synthetic_cold_temperate_benchmark
2023-05-28 23:00:00,14.053232,0.000000,synthetic_cold_temperate_benchmark
2023-05-29 00:00:00,13.646184,0.000000,synthetic_cold_temperate_benchmark
2023-05-29 01:00:00,13.254605,0.000000,synthetic_cold_temperate_benchmark
2023-05-29 02:00:00,13.051909,0.000000,synthetic_cold_temperate_benchmark
2023-05-29 03:00:00,13.051909,0.000000,synthetic_cold_temperate_benchmark
2023-05-29 04:00:00,13.254605,53.792333,synthetic_cold_temperate_benchmark
2023-05-29 05:00:00,13.646184,207.226003,synthetic_cold_temperate_benchmark
2023-05-29 06:00:00,14.199959,352.379950,synthetic_cold_temperate_benchmark
2023-05-29 07:00:00,14.878193,483.454539,synthetic_cold_temperate_benchmark
2023-05-29 08:00:00,15.634665,595.212682,synthetic_cold_temperate_benchmark
2023-05-29 09:00:00,16.417822,683.189076,synthetic_cold_temperate_benchmark
2023-05-29 10:00:00,17.174294,743.868620,synthetic_cold_temperate_benchmark
2023-05-29 11:00:00,17.852528,774.826862,synthetic_cold_temperate_benchmark
2023-05-29 12:00:00,18.406304,774.826862,synthetic_cold_temperate_benchmark
2023-05-29 13:00:00,18.797882,743.868620,synthetic_cold_temperate_benchmark
2023-05-29 14:00:00,19.000578,683.189076,synthetic_cold_temperate_benchmark
2023-05-29 15:00:00,19.000578,595.212682,synthetic_cold_temperate_benchmark
2023-05-29 16:00:00,18.797882,483.454539,synthetic_cold_temperate_benchmark
2023-05-29 17:00:00,18.406304,352.379950,synthetic_cold_temperate_benchmark
2023-05-29 18:00:00,17.852528,207.226003,synthetic_cold_temperate_benchmark
2023-05-29 19:00:00,17.174294,53.792333,synthetic_cold_temperate_benchmark
2023-05-29 20:00:00,16.417822,0.000000,synthetic_cold_temperate_benchmark
2023-05-29 21:00:00,15.634665,0.000000,synthetic_cold_temperate_benchmark
2023-05-29 22:00:00,14.878193,0.000000,synthetic_cold_temperate_benchmark
2023-05-29 23:00:00,14.199959,0.000000,synthetic_cold_temperate_benchmark
2023-05-30 00:00:00,13.790829,0.000000,synthetic_cold_temperate_benchmark
2023-05-30 01:00:00,13.399250,0.000000,synthetic_cold_temperate_benchmark
2023-05-30 02:00:00,13.196554,0.000000,synthetic_cold_temperate_benchmark
2023-05-30 03:00:00,13.196554,0.000000,synthetic_cold_temperate_benchmark
2023-05-30 04:00:00,13.399250,55.850559,synthetic_cold_temperate_benchmark
2023-05-30 05:00:00,13.790829,209.321632,synthetic_cold_temperate_benchmark
2023-05-30 06:00:00,14.344605,354.456814,synthetic_cold_temperate_benchmark
2023-05-30 07:00:00,15.022839,485.476335,synthetic_cold_temperate_benchmark
2023-05-30 08:00:00,15.779310,597.162557,synthetic_cold_temperate_benchmark
2023-05-30 09:00:00,16.562468,685.067760,synthetic_cold_temperate_benchmark
2023-05-30 10:00:00,17.318939,745.691262,synthetic_cold_temperate_benchmark
2023-05-30 11:00:00,17.997173,776.618834,synthetic_cold_temperate_benchmark
2023-05-30 12:00:00,18.550949,776.618834,synthetic_cold_temperate_benchmark
2023-05-30 13:00:00,18.942528,745.691262,synthetic_cold_temperate_benchmark
2023-05-30 14:00:00,19.145224,685.067760,synthetic_cold_temperate_benchmark
2023-05-30 15:00:00,19.145224,597.162557,synthetic_cold_temperate_benchmark
2023-05-30 16:00:00,18.942528,485.476335,synthetic_cold_temperate_benchmark
2023-05-30 17:00:00,18.550949,354.456814,synthetic_cold_temperate_benchmark
2023-05-30 18:00:00,17.997173,209.321632,synthetic_cold_temperate_benchmark
2023-05-30 19:00:00,17.318939,55.850559,synthetic_cold_temperate_benchmark
2023-05-30 20:00:00,16.562468,0.000000,synthetic_cold_temperate_benchmark
2023-05-30 21:00:00,15.779310,0.000000,synthetic_cold_temperate_benchmark
2023-05-30 22:00:00,15.022839,0.000000,synthetic_cold_temperate_benchmark
2023-05-30 23:00:00,14.344605,0.000000,synthetic_cold_temperate_benchmark
2023-05-31 00:00:00,13.933349,0.000000,synthetic_cold_temperate_benchmark
2023-05-31 01:00:00,13.541771,0.000000,synthetic_cold_temperate_benchmark
2023-05-31 02:00:00,13.339075,0.000000,synthetic_cold_temperate_benchmark
2023-05-31 03:00:00,13.339075,0.000000,synthetic_cold_temperate_benchmark
2023-05-31 04:00:00,13.541771,57.823610,synthetic_cold_temperate_benchmark
2023-05-31 05:00:00,13.933349,211.329542,synthetic_cold_temperate_benchmark
2023-05-31 06:00:00,14.487125,356.446142,synthetic_cold_temperate_benchmark
2023-05-31 07:00:00,15.165359,487.412593,synthetic_cold_temperate_benchmark
2023-05-31 08:00:00,15.921831,599.029807,synthetic_cold_temperate_benchmark
2023-05-31 09:00:00,16.704988,686.866819,synthetic_cold_temperate_benchmark
2023-05-31 10:00:00,17.461460,747.436688,synthetic_cold_temperate_benchmark
2023-05-31 11:00:00,18.139694,778.334919,synthetic_cold_temperate_benchmark
2023-05-31 12:00:00,18.693469,778.334919,synthetic_cold_temperate_benchmark
2023-05-31 13:00:00,19.085048,747.436688,synthetic_cold_temperate_benchmark
2023-05-31 14:00:00,19.287744,686.866819,synthetic_cold_temperate_benchmark
2023-05-31 15:00:00,19.287744,599.029807,synthetic_cold_temperate_benchmark
2023-05-31 16:00:00,19.085048,487.412593,synthetic_cold_temperate_benchmark
2023-05-31 17:00:00,18.693469,356.446142,synthetic_cold_temperate_benchmark
2023-05-31 18:00:00,18.139694,211.329542,synthetic_cold_temperate_benchmark
2023-05-31 19:00:00,17.461460,57.823610,synthetic_cold_temperate_benchmark
2023-05-31 20:00:00,16.704988,0.000000,synthetic_cold_temperate_benchmark
2023-05-31 21:00:00,15.921831,0.000000,synthetic_cold_temperate_benchmark
2023-05-31 22:00:00,15.165359,0.000000,synthetic_cold_temperate_benchmark
2023-05-31 23:00:00,14.487125,0.000000,synthetic_cold_temperate_benchmark
2023-06-01 00:00:00,14.073703,0.000000,synthetic_cold_temperate_benchmark
2023-06-01 01:00:00,13.682124,0.000000,synthetic_cold_temperate_benchmark
2023-06-01 02:00:00,13.479428,0.000000,synthetic_cold_temperate_benchmark
2023-06-01 03:00:00,13.479428,0.000000,synthetic_cold_temperate_benchmark
2023-06-01 04:00:00,13.682124,59.710624,synthetic_cold_temperate_benchmark
2023-06-01 05:00:00,14.073703,213.248991,synthetic_cold_temperate_benchmark
2023-06-01 06:00:00,14.627478,358.347283,synthetic_cold_temperate_benchmark
2023-06-01 07:00:00,15.305712,489.262726,synthetic_cold_temperate_benchmark
2023-06-01 08:00:00,16.062184,600.813885,synthetic_cold_temperate_benchmark
2023-06-01 09:00:00,16.845341,688.585730,synthetic_cold_temperate_benchmark
2023-06-01 10:00:00,17.601813,749.104384,synthetic_cold_temperate_benchmark
2023-06-01 11:00:00,18.280047,779.974610,synthetic_cold_temperate_benchmark
2023-06-01 12:00:00,18.833823,779.974610,synthetic_cold_temperate_benchmark
2023-06-01 13:00:00,19.225401,749.104384,synthetic_cold_temperate_benchmark
2023-06-01 14:00:00,19.428097,688.585730,synthetic_cold_temperate_benchmark
2023-06-01 15:00:00,19.428097,600.813885,synthetic_cold_temperate_benchmark
2023-06-01 16:00:00,19.225401,489.262726,synthetic_cold_temperate_benchmark
2023-06-01 17:00:00,18.833823,358.347283,synthetic_cold_temperate_benchmark
2023-06-01 18:00:00,18.280047,213.248991,synthetic_cold_temperate_benchmark
2023-06-01 19:00:00,17.601813,59.710624,synthetic_cold_temperate_benchmark
2023-06-01 20:00:00,16.845341,0.000000,synthetic_cold_temperate_benchmark
2023-06-01 21:00:00,16.062184,0.000000,synthetic_cold_temperate_benchmark
2023-06-01 22:00:00,15.305712,0.000000,synthetic_cold_temperate_benchmark
2023-06-01 23:00:00,14.627478,0.000000,synthetic_cold_temperate_benchmark
2023-06-02 00:00:00,14.211847,0.000000,synthetic_cold_temperate_benchmark
2023-06-02 01:00:00,13.820269,0.000000,synthetic_cold_temperate_benchmark
2023-06-02 02:00:00,13.617573,0.000000,synthetic_cold_temperate_benchmark
2023-06-02 03:00:00,13.617573,0.000000,synthetic_cold_temperate_benchmark
2023-06-02 04:00:00,13.820269,61.510780,synthetic_cold_temperate_benchmark
2023-06-02 05:00:00,14.211847,215.079276,synthetic_cold_temperate_benchmark
2023-06-02 06:00:00,14.765623,360.159618,synthetic_cold_temperate_benchmark
2023-06-02 07:00:00,15.443857,491.026174,synthetic_cold_temperate_benchmark
2023-06-02 08:00:00,16.200329,602.514267,synthetic_cold_temperate_benchmark
2023-06-02 09:00:00,16.983486,690.223991,synthetic_cold_temperate_benchmark
2023-06-02 10:00:00,17.739958,750.693862,synthetic_cold_temperate_benchmark
2023-06-02 11:00:00,18.418192,781.537421,synthetic_cold_temperate_benchmark
2023-06-02 12:00:00,18.971967,781.537421,synthetic_cold_temperate_benchmark
2023-06-02 13:00:00,19.363546,750.693862,synthetic_cold_temperate_benchmark
2023-06-02 14:00:00,19.566242,690.223991,synthetic_cold_temperate_benchmark
2023-06-02 15:00:00,19.566242,602.514267,synthetic_cold_temperate_benchmark
2023-06-02 16:00:00,19.363546,491.026174,synthetic_cold_temperate_benchmark
2023-06-02 17:00:00,18.971967,360.159618,synthetic_cold_temperate_benchmark
2023-06-02 18:00:00,18.418192,215.079276,synthetic_cold_temperate_benchmark
2023-06-02 19:00:00,17.739958,61.510780,synthetic_cold_temperate_benchmark
2023-06-02 20:00:00,16.983486,0.000000,synthetic_cold_temperate_benchmark
2023-06-02 21:00:00,16.200329,0.000000,synthetic_cold_temperate_benchmark
2023-06-02 22:00:00,15.443857,0.000000,synthetic_cold_temperate_benchmark
2023-06-02 23:00:00,14.765623,0.000000,synthetic_cold_temperate_benchmark
2023-06-03 00:00:00,14.347742,0.000000,synthetic_cold_temperate_benchmark
2023-06-03 01:00:00,13.956164,0.000000,synthetic_cold_temperate_benchmark
2023-06-03 02:00:00,13.753468,0.000000,synthetic_cold_temperate_benchmark
2023-06-03 03:00:00,13.753468,0.000000,synthetic_cold_temperate_benchmark
2023-06-03 04:00:00,13.956164,63.223298,synthetic_cold_temperate_benchmark
2023-06-03 05:00:00,14.347742,216.819726,synthetic_cold_temperate_benchmark
2023-06-03 06:00:00,14.901518,361.882557,synthetic_cold_temperate_benchmark
2023-06-03 07:00:00,15.579752,492.702404,synthetic_cold_temperate_benchmark
2023-06-03 08:00:00,16.336224,604.130456,synthetic_cold_temperate_benchmark
2023-06-03 09:00:00,17.119381,691.781125,synthetic_cold_temperate_benchmark
2023-06-03 10:00:00,17.875853,752.204654,synthetic_cold_temperate_benchmark
2023-06-03 11:00:00,18.554087,783.022890,synthetic_cold_temperate_benchmark
2023-06-03 12:00:00,19.107862,783.022890,synthetic_cold_temperate_benchmark
2023-06-03 13:00:00,19.499441,752.204654,synthetic_cold_temperate_benchmark
2023-06-03 14:00:00,19.702137,691.781125,synthetic_cold_temperate_benchmark
2023-06-03 15:00:00,19.702137,604.130456,synthetic_cold_temperate_benchmark
2023-06-03 16:00:00,19.499441,492.702404,synthetic_cold_temperate_benchmark
2023-06-03 17:00:00,19.107862,361.882557,synthetic_cold_temperate_benchmark
2023-06-03 18:00:00,18.554087,216.819726,synthetic_cold_temperate_benchmark
2023-06-03 19:00:00,17.875853,63.223298,synthetic_cold_temperate_benchmark
2023-06-03 20:00:00,17.119381,0.000000,synthetic_cold_temperate_benchmark
2023-06-03 21:00:00,16.336224,0.000000,synthetic_cold_temperate_benchmark
2023-06-03 22:00:00,15.579752,0.000000,synthetic_cold_temperate_benchmark
2023-06-03 23:00:00,14.901518,0.000000,synthetic_cold_temperate_benchmark
2023-06-04 00:00:00,14.481347,0.000000,synthetic_cold_temperate_benchmark
2023-06-04 01:00:00,14.089769,0.000000,synthetic_cold_temperate_benchmark
2023-06-04 02:00:00,13.887073,0.000000,synthetic_cold_temperate_benchmark
2023-06-04 03:00:00,13.887073,0.000000,synthetic_cold_temperate_benchmark
2023-06-04 04:00:00,14.089769,64.847437,synthetic_cold_temperate_benchmark
2023-06-04 05:00:00,14.481347,218.469703,synthetic_cold_temperate_benchmark
2023-06-04 06:00:00,15.035123,363.515540,synthetic_cold_temperate_benchmark
2023-06-04 07:00:00,15.713357,494.290908,synthetic_cold_temperate_benchmark
2023-06-04 08:00:00,16.469829,605.661979,synthetic_cold_temperate_benchmark
2023-06-04 09:00:00,17.252986,693.256679,synthetic_cold_temperate_benchmark
2023-06-04 10:00:00,18.009458,753.636316,synthetic_cold_temperate_benchmark
2023-06-04 11:00:00,18.687692,784.430577,synthetic_cold_temperate_benchmark
2023-06-04 12:00:00,19.241467,784.430577,synthetic_cold_temperate_benchmark
2023-06-04 13:00:00,19.633046,753.636316,synthetic_cold_temperate_benchmark
2023-06-04 14:00:00,19.835742,693.256679,synthetic_cold_temperate_benchmark
2023-06-04 15:00:00,19.835742,605.661979,synthetic_cold_temperate_benchmark
2023-06-04 16:00:00,19.633046,494.290908,synthetic_cold_temperate_benchmark
2023-06-04 17:00:00,19.241467,363.515540,synthetic_cold_temperate_benchmark
2023-06-04 18:00:00,18.687692,218.469703,synthetic_cold_temperate_benchmark
2023-06-04 19:00:00,18.009458,64.847437,synthetic_cold_temperate_benchmark
2023-06-04 20:00:00,17.252986,0.000000,synthetic_cold_temperate_benchmark
2023-06-04 21:00:00,16.469829,0.000000,synthetic_cold_temperate_benchmark
2023-06-04 22:00:00,15.713357,0.000000,synthetic_cold_temperate_benchmark
2023-06-04 23:00:00,15.035123,0.000000,synthetic_cold_temperate_benchmark
2023-06-05 00:00:00,14.612623,0.000000,synthetic_cold_temperate_benchmark
2023-06-05 01:00:00,14.221044,0.000000,synthetic_cold_temperate_benchmark
2023-06-05 02:00:00,14.018348,0.000000,synthetic_cold_temperate_benchmark
2023-06-05 03:00:00,14.018348,0.000000,synthetic_cold_temperate_benchmark
2023-06-05 04:00:00,14.221044,66.382499,synthetic_cold_temperate_benchmark
2023-06-05 05:00:00,14.612623,220.028608,synthetic_cold_temperate_benchmark
2023-06-05 06:00:00,15.166398,365.058040,synthetic_cold_temperate_benchmark
2023-06-05 07:00:00,15.844632,495.791208,synthetic_cold_temperate_benchmark
2023-06-05 08:00:00,16.601104,607.108389,synthetic_cold_temperate_benchmark
2023-06-05 09:00:00,17.384261,694.650223,synthetic_cold_temperate_benchmark
2023-06-05 10:00:00,18.140733,754.988429,synthetic_cold_temperate_benchmark
2023-06-05 11:00:00,18.818967,785.760066,synthetic_cold_temperate_benchmark
2023-06-05 12:00:00,19.372743,785.760066,synthetic_cold_temperate_benchmark
2023-06-05 13:00:00,19.764321,754.988429,synthetic_cold_temperate_benchmark
2023-06-05 14:00:00,19.967017,694.650223,synthetic_cold_temperate_benchmark
2023-06-05 15:00:00,19.967017,607.108389,synthetic_cold_temperate_benchmark
2023-06-05 16:00:00,19.764321,495.791208,synthetic_cold_temperate_benchmark
2023-06-05 17:00:00,19.372743,365.058040,synthetic_cold_temperate_benchmark
2023-06-05 18:00:00,18.818967,220.028608,synthetic_cold_temperate_benchmark
2023-06-05 19:00:00,18.140733,66.382499,synthetic_cold_temperate_benchmark
2023-06-05 20:00:00,17.384261,0.000000,synthetic_cold_temperate_benchmark
2023-06-05 21:00:00,16.601104,0.000000,synthetic_cold_temperate_benchmark
2023-06-05 22:00:00,15.844632,0.000000,synthetic_cold_temperate_benchmark
2023-06-05 23:00:00,15.166398,0.000000,synthetic_cold_temperate_benchmark
2023-06-06 00:00:00,14.741530,0.000000,synthetic_cold_temperate_benchmark
2023-06-06 01:00:00,14.349951,0.000000,synthetic_cold_temperate_benchmark
2023-06-06 02:00:00,14.147255,0.000000,synthetic_cold_temperate_benchmark
2023-06-06 03:00:00,14.147255,0.000000,synthetic_cold_temperate_benchmark
2023-06-06 04:00:00,14.349951,67.827824,synthetic_cold_temperate_benchmark
2023-06-06 05:00:00,14.741530,221.495872,synthetic_cold_temperate_benchmark
2023-06-06 06:00:00,15.295306,366.509556,synthetic_cold_temperate_benchmark
2023-06-06 07:00:00,15.973540,497.202851,synthetic_cold_temperate_benchmark
2023-06-06 08:00:00,16.730011,608.469262,synthetic_cold_temperate_benchmark
2023-06-06 09:00:00,17.513168,695.961351,synthetic_cold_temperate_benchmark
2023-06-06 10:00:00,18.269640,756.260595,synthetic_cold_temperate_benchmark
2023-06-06 11:00:00,18.947874,787.010962,synthetic_cold_temperate_benchmark
2023-06-06 12:00:00,19.501650,787.010962,synthetic_cold_temperate_benchmark
2023-06-06 13:00:00,19.893228,756.260595,synthetic_cold_temperate_benchmark
2023-06-06 14:00:00,20.095924,695.961351,synthetic_cold_temperate_benchmark
2023-06-06 15:00:00,20.095924,608.469262,synthetic_cold_temperate_benchmark
2023-06-06 16:00:00,19.893228,497.202851,synthetic_cold_temperate_benchmark
2023-06-06 17:00:00,19.501650,366.509556,synthetic_cold_temperate_benchmark
2023-06-06 18:00:00,18.947874,221.495872,synthetic_cold_temperate_benchmark
2023-06-06 19:00:00,18.269640,67.827824,synthetic_cold_temperate_benchmark
2023-06-06 20:00:00,17.513168,0.000000,synthetic_cold_temperate_benchmark
2023-06-06 21:00:00,16.730011,0.000000,synthetic_cold_temperate_benchmark
2023-06-06 22:00:00,15.973540,0.000000,synthetic_cold_temperate_benchmark
2023-06-06 23:00:00,15.295306,0.000000,synthetic_cold_temperate_benchmark
2023-06-07 00:00:00,14.868030,0.000000,synthetic_cold_temperate_benchmark
2023-06-07 01:00:00,14.476452,0.000000,synthetic_cold_temperate_benchmark
2023-06-07 02:00:00,14.273756,0.000000,synthetic_cold_temperate_benchmark
2023-06-07 03:00:00,14.273756,0.000000,synthetic_cold_temperate_benchmark
2023-06-07 04:00:00,14.476452,69.182792,synthetic_cold_temperate_benchmark
2023-06-07 05:00:00,14.868030,222.870963,synthetic_cold_temperate_benchmark
2023-06-07 06:00:00,15.421806,367.869619,synthetic_cold_temperate_benchmark
2023-06-07 07:00:00,16.100040,498.525411,synthetic_cold_temperate_benchmark
2023-06-07 08:00:00,16.856512,609.744202,synthetic_cold_temperate_benchmark
2023-06-07 09:00:00,17.639669,697.189682,synthetic_cold_temperate_benchmark
2023-06-07 10:00:00,18.396141,757.452441,synthetic_cold_temperate_benchmark
2023-06-07 11:00:00,19.074375,788.182896,synthetic_cold_temperate_benchmark
2023-06-07 12:00:00,19.628150,788.182896,synthetic_cold_temperate_benchmark
2023-06-07 13:00:00,20.019729,757.452441,synthetic_cold_temperate_benchmark
2023-06-07 14:00:00,20.222425,697.189682,synthetic_cold_temperate_benchmark
2023-06-07 15:00:00,20.222425,609.744202,synthetic_cold_temperate_benchmark
2023-06-07 16:00:00,20.019729,498.525411,synthetic_cold_temperate_benchmark
2023-06-07 17:00:00,19.628150,367.869619,synthetic_cold_temperate_benchmark
2023-06-07 18:00:00,19.074375,222.870963,synthetic_cold_temperate_benchmark
2023-06-07 19:00:00,18.396141,69.182792,synthetic_cold_temperate_benchmark
2023-06-07 20:00:00,17.639669,0.000000,synthetic_cold_temperate_benchmark
2023-06-07 21:00:00,16.856512,0.000000,synthetic_cold_temperate_benchmark
2023-06-07 22:00:00,16.100040,0.000000,synthetic_cold_temperate_benchmark
2023-06-07 23:00:00,15.421806,0.000000,synthetic_cold_temperate_benchmark
2023-06-08 00:00:00,14.992087,0.000000,synthetic_cold_temperate_benchmark
2023-06-08 01:00:00,14.600508,0.000000,synthetic_cold_temperate_benchmark
2023-06-08 02:00:00,14.397812,0.000000,synthetic_cold_temperate_benchmark
2023-06-08 03:00:00,14.397812,0.000000,synthetic_cold_temperate_benchmark
2023-06-08 04:00:00,14.600508,70.446826,synthetic_cold_temperate_benchmark
2023-06-08 05:00:00,14.992087,224.153382,synthetic_cold_temperate_benchmark
2023-06-08 06:00:00,15.545863,369.137792,synthetic_cold_temperate_benchmark
2023-06-08 07:00:00,16.224097,499.758493,synthetic_cold_temperate_benchmark
2023-06-08 08:00:00,16.980568,610.932836,synthetic_cold_temperate_benchmark
2023-06-08 09:00:00,17.763725,698.334859,synthetic_cold_temperate_benchmark
2023-06-08 10:00:00,18.520197,758.563618,synthetic_cold_temperate_benchmark
2023-06-08 11:00:00,19.198431,789.275521,synthetic_cold_temperate_benchmark
2023-06-08 12:00:00,19.752207,789.275521,synthetic_cold_temperate_benchmark
2023-06-08 13:00:00,20.143785,758.563618,synthetic_cold_temperate_benchmark
2023-06-08 14:00:00,20.346481,698.334859,synthetic_cold_temperate_benchmark
2023-06-08 15:00:00,20.346481,610.932836,synthetic_cold_temperate_benchmark
2023-06-08 16:00:00,20.143785,499.758493,synthetic_cold_temperate_benchmark
2023-06-08 17:00:00,19.752207,369.137792,synthetic_cold_temperate_benchmark
2023-06-08 18:00:00,19.198431,224.153382,synthetic_cold_temperate_benchmark
2023-06-08 19:00:00,18.520197,70.446826,synthetic_cold_temperate_benchmark
2023-06-08 20:00:00,17.763725,0.000000,synthetic_cold_temperate_benchmark
2023-06-08 21:00:00,16.980568,0.000000,synthetic_cold_temperate_benchmark
2023-06-08 22:00:00,16.224097,0.000000,synthetic_cold_temperate_benchmark
2023-06-08 23:00:00,15.545863,0.000000,synthetic_cold_temperate_benchmark
2023-06-09 00:00:00,15.113662,0.000000,synthetic_cold_temperate_benchmark
2023-06-09 01:00:00,14.722084,0.000000,synthetic_cold_temperate_benchmark
2023-06-09 02:00:00,14.519388,0.000000,synthetic_cold_temperate_benchmark
2023-06-09 03:00:00,14.519388,0.000000,synthetic_cold_temperate_benchmark
2023-06-09 04:00:00,14.722084,71.619386,synthetic_cold_temperate_benchmark
2023-06-09 05:00:00,15.113662,225.342667,synthetic_cold_temperate_benchmark
2023-06-09 06:00:00,15.667438,370.313665,synthetic_cold_temperate_benchmark
2023-06-09 07:00:00,16.345672,500.901724,synthetic_cold_temperate_benchmark
2023-06-09 08:00:00,17.102144,612.034817,synthetic_cold_temperate_benchmark
2023-06-09 09:00:00,17.885301,699.396548,synthetic_cold_temperate_benchmark
2023-06-09 10:00:00,18.641773,759.593798,synthetic_cold_temperate_benchmark
2023-06-09 11:00:00,19.320007,790.288513,synthetic_cold_temperate_benchmark
2023-06-09 12:00:00,19.873782,790.288513,synthetic_cold_temperate_benchmark
2023-06-09 13:00:00,20.265361,759.593798,synthetic_cold_temperate_benchmark
2023-06-09 14:00:00,20.468057,699.396548,synthetic_cold_temperate_benchmark
2023-06-09 15:00:00,20.468057,612.034817,synthetic_cold_temperate_benchmark
2023-06-09 16:00:00,20.265361,500.901724,synthetic_cold_temperate_benchmark
2023-06-09 17:00:00,19.873782,370.313665,synthetic_cold_temperate_benchmark
2023-06-09 18:00:00,19.320007,225.342667,synthetic_cold_temperate_benchmark
2023-06-09 19:00:00,18.641773,71.619386,synthetic_cold_temperate_benchmark
2023-06-09 20:00:00,17.885301,0.000000,synthetic_cold_temperate_benchmark
2023-06-09 21:00:00,17.102144,0.000000,synthetic_cold_temperate_benchmark
2023-06-09 22:00:00,16.345672,0.000000,synthetic_cold_temperate_benchmark
2023-06-09 23:00:00,15.667438,0.000000,synthetic_cold_temperate_benchmark
2023-06-10 00:00:00,15.232721,0.000000,synthetic_cold_temperate_benchmark
2023-06-10 01:00:00,14.841143,0.000000,synthetic_cold_temperate_benchmark
2023-06-10 02:00:00,14.638447,0.000000,synthetic_cold_temperate_benchmark
2023-06-10 03:00:00,14.638447,0.000000,synthetic_cold_temperate_benchmark
2023-06-10 04:00:00,14.841143,72.699973,synthetic_cold_temperate_benchmark
2023-06-10 05:00:00,15.232721,226.438388,synthetic_cold_temperate_benchmark
2023-06-10 06:00:00,15.786497,371.396861,synthetic_cold_temperate_benchmark
2023-06-10 07:00:00,16.464731,501.954761,synthetic_cold_temperate_benchmark
2023-06-10 08:00:00,17.221203,613.049824,synthetic_cold_temperate_benchmark
2023-06-10 09:00:00,18.004360,700.374441,synthetic_cold_temperate_benchmark
2023-06-10 10:00:00,18.760831,760.542680,synthetic_cold_temperate_benchmark
2023-06-10 11:00:00,19.439065,791.221573,synthetic_cold_temperate_benchmark
2023-06-10 12:00:00,19.992841,791.221573,synthetic_cold_temperate_benchmark
2023-06-10 13:00:00,20.384420,760.542680,synthetic_cold_temperate_benchmark
2023-06-10 14:00:00,20.587116,700.374441,synthetic_cold_temperate_benchmark
2023-06-10 15:00:00,20.587116,613.049824,synthetic_cold_temperate_benchmark
2023-06-10 16:00:00,20.384420,501.954761,synthetic_cold_temperate_benchmark
2023-06-10 17:00:00,19.992841,371.396861,synthetic_cold_temperate_benchmark
2023-06-10 18:00:00,19.439065,226.438388,synthetic_cold_temperate_benchmark
2023-06-10 19:00:00,18.760831,72.699973,synthetic_cold_temperate_benchmark
2023-06-10 20:00:00,18.004360,0.000000,synthetic_cold_temperate_benchmark
2023-06-10 21:00:00,17.221203,0.000000,synthetic_cold_temperate_benchmark
2023-06-10 22:00:00,16.464731,0.000000,synthetic_cold_temperate_benchmark
2023-06-10 23:00:00,15.786497,0.000000,synthetic_cold_temperate_benchmark
2023-06-11 00:00:00,15.349228,0.000000,synthetic_cold_temperate_benchmark
2023-06-11 01:00:00,14.957649,0.000000,synthetic_cold_temperate_benchmark
2023-06-11 02:00:00,14.754953,0.000000,synthetic_cold_temperate_benchmark
2023-06-11 03:00:00,14.754953,0.000000,synthetic_cold_temperate_benchmark
2023-06-11 04:00:00,14.957649,73.688131,synthetic_cold_temperate_benchmark
2023-06-11 05:00:00,15.349228,227.440150,synthetic_cold_temperate_benchmark
2023-06-11 06:00:00,15.903003,372.387031,synthetic_cold_temperate_benchmark
2023-06-11 07:00:00,16.581237,502.917289,synthetic_cold_temperate_benchmark
2023-06-11 08:00:00,17.337709,613.977562,synthetic_cold_temperate_benchmark
2023-06-11 09:00:00,18.120866,701.268254,synthetic_cold_temperate_benchmark
2023-06-11 10:00:00,18.877338,761.409986,synthetic_cold_temperate_benchmark
2023-06-11 11:00:00,19.555572,792.074424,synthetic_cold_temperate_benchmark
2023-06-11 12:00:00,20.109348,792.074424,synthetic_cold_temperate_benchmark
2023-06-11 13:00:00,20.500926,761.409986,synthetic_cold_temperate_benchmark
2023-06-11 14:00:00,20.703622,701.268254,synthetic_cold_temperate_benchmark
2023-06-11 15:00:00,20.703622,613.977562,synthetic_cold_temperate_benchmark
2023-06-11 16:00:00,20.500926,502.917289,synthetic_cold_temperate_benchmark
2023-06-11 17:00:00,20.109348,372.387031,synthetic_cold_temperate_benchmark
2023-06-11 18:00:00,19.555572,227.440150,synthetic_cold_temperate_benchmark
2023-06-11 19:00:00,18.877338,73.688131,synthetic_cold_temperate_benchmark
2023-06-11 20:00:00,18.120866,0.000000,synthetic_cold_temperate_benchmark
2023-06-11 21:00:00,17.337709,0.000000,synthetic_cold_temperate_benchmark
2023-06-11 22:00:00,16.581237,0.000000,synthetic_cold_temperate_benchmark
2023-06-11 23:00:00,15.903003,0.000000,synthetic_cold_temperate_benchmark
2023-06-12 00:00:00,15.463148,0.000000,synthetic_cold_temperate_benchmark
2023-06-12 01:00:00,15.071569,0.000000,synthetic_cold_temperate_benchmark
2023-06-12 02:00:00,14.868873,0.000000,synthetic_cold_temperate_benchmark
2023-06-12 03:00:00,14.868873,0.000000,synthetic_cold_temperate_benchmark
2023-06-12 04:00:00,15.071569,74.583438,synthetic_cold_temperate_benchmark
2023-06-12 05:00:00,15.463148,228.347592,synthetic_cold_temperate_benchmark
2023-06-12 06:00:00,16.016923,373.283858,synthetic_cold_temperate_benchmark
2023-06-12 07:00:00,16.695157,503.789018,synthetic_cold_temperate_benchmark
2023-06-12 08:00:00,17.451629,614.817760,synthetic_cold_temperate_benchmark
2023-06-12 09:00:00,18.234786,702.077727,synthetic_cold_temperate_benchmark
2023-06-12 10:00:00,18.991258,762.195460,synthetic_cold_temperate_benchmark
2023-06-12 11:00:00,19.669492,792.846815,synthetic_cold_temperate_benchmark
2023-06-12 12:00:00,20.223268,792.846815,synthetic_cold_temperate_benchmark
2023-06-12 13:00:00,20.614846,762.195460,synthetic_cold_temperate_benchmark
2023-06-12 14:00:00,20.817542,702.077727,synthetic_cold_temperate_benchmark
2023-06-12 15:00:00,20.817542,614.817760,synthetic_cold_temperate_benchmark
2023-06-12 16:00:00,20.614846,503.789018,synthetic_cold_temperate_benchmark
2023-06-12 17:00:00,20.223268,373.283858,synthetic_cold_temperate_benchmark
2023-06-12 18:00:00,19.669492,228.347592,synthetic_cold_temperate_benchmark
2023-06-12 19:00:00,18.991258,74.583438,synthetic_cold_temperate_benchmark
2023-06-12 20:00:00,18.234786,0.000000,synthetic_cold_temperate_benchmark
2023-06-12 21:00:00,17.451629,0.000000,synthetic_cold_temperate_benchmark
2023-06-12 22:00:00,16.695157,0.000000,synthetic_cold_temperate_benchmark
2023-06-12 23:00:00,16.016923,0.000000,synthetic_cold_temperate_benchmark
2023-06-13 00:00:00,15.574447,0.000000,synthetic_cold_temperate_benchmark
2023-06-13 01:00:00,15.182868,0.000000,synthetic_cold_temperate_benchmark
2023-06-13 02:00:00,14.980172,0.000000,synthetic_cold_temperate_benchmark
2023-06-13 03:00:00,14.980172,0.000000,synthetic_cold_temperate_benchmark
2023-06-13 04:00:00,15.182868,75.385519,synthetic_cold_temperate_benchmark
2023-06-13 05:00:00,15.574447,229.160390,synthetic_cold_temperate_benchmark
2023-06-13 06:00:00,16.128223,374.087054,synthetic_cold_temperate_benchmark
2023-06-13 07:00:00,16.806457,504.569688,synthetic_cold_temperate_benchmark
2023-06-13 08:00:00,17.562928,615.570174,synthetic_cold_temperate_benchmark
2023-06-13 09:00:00,18.346086,702.802625,synthetic_cold_temperate_benchmark
2023-06-13 10:00:00,19.102557,762.898872,synthetic_cold_temperate_benchmark
2023-06-13 11:00:00,19.780791,793.538516,synthetic_cold_temperate_benchmark
2023-06-13 12:00:00,20.334567,793.538516,synthetic_cold_temperate_benchmark
2023-06-13 13:00:00,20.726146,762.898872,synthetic_cold_temperate_benchmark
2023-06-13 14:00:00,20.928842,702.802625,synthetic_cold_temperate_benchmark
2023-06-13 15:00:00,20.928842,615.570174,synthetic_cold_temperate_benchmark
2023-06-13 16:00:00,20.726146,504.569688,synthetic_cold_temperate_benchmark
2023-06-13 17:00:00,20.334567,374.087054,synthetic_cold_temperate_benchmark
2023-06-13 18:00:00,19.780791,229.160390,synthetic_cold_temperate_benchmark
2023-06-13 19:00:00,19.102557,75.385519,synthetic_cold_temperate_benchmark
2023-06-13 20:00:00,18.346086,0.000000,synthetic_cold_temperate_benchmark
2023-06-13 21:00:00,17.562928,0.000000,synthetic_cold_temperate_benchmark
2023-06-13 22:00:00,16.806457,0.000000,synthetic_cold_temperate_benchmark
2023-06-13 23:00:00,16.128223,0.000000,synthetic_cold_temperate_benchmark
2023-06-14 00:00:00,15.683093,0.000000,synthetic_cold_temperate_benchmark
2023-06-14 01:00:00,15.291514,0.000000,synthetic_cold_temperate_benchmark
2023-06-14 02:00:00,15.088818,0.000000,synthetic_cold_temperate_benchmark
2023-06-14 03:00:00,15.088818,0.000000,synthetic_cold_temperate_benchmark
2023-06-14 04:00:00,15.291514,76.094033,synthetic_cold_temperate_benchmark
2023-06-14 05:00:00,15.683093,229.878250,synthetic_cold_temperate_benchmark
2023-06-14 06:00:00,16.236869,374.796362,synthetic_cold_temperate_benchmark
2023-06-14 07:00:00,16.915103,505.259065,synthetic_cold_temperate_benchmark
2023-06-14 08:00:00,17.671574,616.234584,synthetic_cold_temperate_benchmark
2023-06-14 09:00:00,18.454732,703.442736,synthetic_cold_temperate_benchmark
2023-06-14 10:00:00,19.211203,763.520017,synthetic_cold_temperate_benchmark
2023-06-14 11:00:00,19.889437,794.149324,synthetic_cold_temperate_benchmark
2023-06-14 12:00:00,20.443213,794.149324,synthetic_cold_temperate_benchmark
2023-06-14 13:00:00,20.834792,763.520017,synthetic_cold_temperate_benchmark
2023-06-14 14:00:00,21.037488,703.442736,synthetic_cold_temperate_benchmark
2023-06-14 15:00:00,21.037488,616.234584,synthetic_cold_temperate_benchmark
2023-06-14 16:00:00,20.834792,505.259065,synthetic_cold_temperate_benchmark
2023-06-14 17:00:00,20.443213,374.796362,synthetic_cold_temperate_benchmark
2023-06-14 18:00:00,19.889437,229.878250,synthetic_cold_temperate_benchmark
2023-06-14 19:00:00,19.211203,76.094033,synthetic_cold_temperate_benchmark
2023-06-14 20:00:00,18.454732,0.000000,synthetic_cold_temperate_benchmark
2023-06-14 21:00:00,17.671574,0.000000,synthetic_cold_temperate_benchmark
2023-06-14 22:00:00,16.915103,0.000000,synthetic_cold_temperate_benchmark
2023-06-14 23:00:00,16.236869,0.000000,synthetic_cold_temperate_benchmark
2023-06-15 00:00:00,15.789053,0.000000,synthetic_cold_temperate_benchmark
2023-06-15 01:00:00,15.397475,0.000000,synthetic_cold_temperate_benchmark
2023-06-15 02:00:00,15.194779,0.000000,synthetic_cold_temperate_benchmark
2023-06-15 03:00:00,15.194779,0.000000,synthetic_cold_temperate_benchmark
2023-06-15 04:00:00,15.397475,76.708682,synthetic_cold_temperate_benchmark
2023-06-15 05:00:00,15.789053,230.500916,synthetic_cold_temperate_benchmark
2023-06-15 06:00:00,16.342829,375.411554,synthetic_cold_temperate_benchmark
2023-06-15 07:00:00,17.021063,505.856943,synthetic_cold_temperate_benchmark
2023-06-15 08:00:00,17.777535,616.810798,synthetic_cold_temperate_benchmark
2023-06-15 09:00:00,18.560692,703.997876,synthetic_cold_temperate_benchmark
2023-06-15 10:00:00,19.317164,764.058711,synthetic_cold_temperate_benchmark
2023-06-15 11:00:00,19.995398,794.679056,synthetic_cold_temperate_benchmark
2023-06-15 12:00:00,20.549174,794.679056,synthetic_cold_temperate_benchmark
2023-06-15 13:00:00,20.940752,764.058711,synthetic_cold_temperate_benchmark
2023-06-15 14:00:00,21.143448,703.997876,synthetic_cold_temperate_benchmark
2023-06-15 15:00:00,21.143448,616.810798,synthetic_cold_temperate_benchmark
2023-06-15 16:00:00,20.940752,505.856943,synthetic_cold_temperate_benchmark
2023-06-15 17:00:00,20.549174,375.411554,synthetic_cold_temperate_benchmark
2023-06-15 18:00:00,19.995398,230.500916,synthetic_cold_temperate_benchmark
2023-06-15 19:00:00,19.317164,76.708682,synthetic_cold_temperate_benchmark
2023-06-15 20:00:00,18.560692,0.000000,synthetic_cold_temperate_benchmark
2023-06-15 21:00:00,17.777535,0.000000,synthetic_cold_temperate_benchmark
2023-06-15 22:00:00,17.021063,0.000000,synthetic_cold_temperate_benchmark
2023-06-15 23:00:00,16.342829,0.000000,synthetic_cold_temperate_benchmark
2023-06-16 00:00:00,15.892297,0.000000,synthetic_cold_temperate_benchmark
2023-06-16 01:00:00,15.500718,0.000000,synthetic_cold_temperate_benchmark
2023-06-16 02:00:00,15.298022,0.000000,synthetic_cold_temperate_benchmark
2023-06-16 03:00:00,15.298022,0.000000,synthetic_cold_temperate_benchmark
2023-06-16 04:00:00,15.500718,77.229208,synthetic_cold_temperate_benchmark
2023-06-16 05:00:00,15.892297,231.028164,synthetic_cold_temperate_benchmark
2023-06-16 06:00:00,16.446073,375.932435,synthetic_cold_temperate_benchmark
2023-06-16 07:00:00,17.124307,506.363142,synthetic_cold_temperate_benchmark
2023-06-16 08:00:00,17.880778,617.298647,synthetic_cold_temperate_benchmark
2023-06-16 09:00:00,18.663935,704.467883,synthetic_cold_temperate_benchmark
2023-06-16 10:00:00,19.420407,764.514797,synthetic_cold_temperate_benchmark
2023-06-16 11:00:00,20.098641,795.127556,synthetic_cold_temperate_benchmark
2023-06-16 12:00:00,20.652417,795.127556,synthetic_cold_temperate_benchmark
2023-06-16 13:00:00,21.043996,764.514797,synthetic_cold_temperate_benchmark
2023-06-16 14:00:00,21.246691,704.467883,synthetic_cold_temperate_benchmark
2023-06-16 15:00:00,21.246691,617.298647,synthetic_cold_temperate_benchmark
2023-06-16 16:00:00,21.043996,506.363142,synthetic_cold_temperate_benchmark
2023-06-16 17:00:00,20.652417,375.932435,synthetic_cold_temperate_benchmark
2023-06-16 18:00:00,20.098641,231.028164,synthetic_cold_temperate_benchmark
2023-06-16 19:00:00,19.420407,77.229208,synthetic_cold_temperate_benchmark
2023-06-16 20:00:00,18.663935,0.000000,synthetic_cold_temperate_benchmark
2023-06-16 21:00:00,17.880778,0.000000,synthetic_cold_temperate_benchmark
2023-06-16 22:00:00,17.124307,0.000000,synthetic_cold_temperate_benchmark
2023-06-16 23:00:00,16.446073,0.000000,synthetic_cold_temperate_benchmark
2023-06-17 00:00:00,15.992793,0.000000,synthetic_cold_temperate_benchmark
2023-06-17 01:00:00,15.601214,0.000000,synthetic_cold_temperate_benchmark
2023-06-17 02:00:00,15.398518,0.000000,synthetic_cold_temperate_benchmark
2023-06-17 03:00:00,15.398518,0.000000,synthetic_cold_temperate_benchmark
2023-06-17 04:00:00,15.601214,77.655390,synthetic_cold_temperate_benchmark
2023-06-17 05:00:00,15.992793,231.459806,synthetic_cold_temperate_benchmark
2023-06-17 06:00:00,16.546568,376.358837,synthetic_cold_temperate_benchmark
2023-06-17 07:00:00,17.224802,506.777512,synthetic_cold_temperate_benchmark
2023-06-17 08:00:00,17.981274,617.697990,synthetic_cold_temperate_benchmark
2023-06-17 09:00:00,18.764431,704.852620,synthetic_cold_temperate_benchmark
2023-06-17 10:00:00,19.520903,764.888141,synthetic_cold_temperate_benchmark
2023-06-17 11:00:00,20.199137,795.494692,synthetic_cold_temperate_benchmark
2023-06-17 12:00:00,20.752913,795.494692,synthetic_cold_temperate_benchmark
2023-06-17 13:00:00,21.144491,764.888141,synthetic_cold_temperate_benchmark
2023-06-17 14:00:00,21.347187,704.852620,synthetic_cold_temperate_benchmark
2023-06-17 15:00:00,21.347187,617.697990,synthetic_cold_temperate_benchmark
2023-06-17 16:00:00,21.144491,506.777512,synthetic_cold_temperate_benchmark
2023-06-17 17:00:00,20.752913,376.358837,synthetic_cold_temperate_benchmark
2023-06-17 18:00:00,20.199137,231.459806,synthetic_cold_temperate_benchmark
2023-06-17 19:00:00,19.520903,77.655390,synthetic_cold_temperate_benchmark
2023-06-17 20:00:00,18.764431,0.000000,synthetic_cold_temperate_benchmark
2023-06-17 21:00:00,17.981274,0.000000,synthetic_cold_temperate_benchmark
2023-06-17 22:00:00,17.224802,0.000000,synthetic_cold_temperate_benchmark
2023-06-17 23:00:00,16.546568,0.000000,synthetic_cold_temperate_benchmark
2023-06-18 00:00:00,16.090511,0.000000,synthetic_cold_temperate_benchmark
2023-06-18 01:00:00,15.698933,0.000000,synthetic_cold_temperate_benchmark
2023-06-18 02:00:00,15.496237,0.000000,synthetic_cold_temperate_benchmark
2023-06-18 03:00:00,15.496237,0.000000,synthetic_cold_temperate_benchmark
2023-06-18 04:00:00,15.698933,77.987052,synthetic_cold_temperate_benchmark
2023-06-18 05:00:00,16.090511,231.795688,synthetic_cold_temperate_benchmark
2023-06-18 06:00:00,16.644287,376.690624,synthetic_cold_temperate_benchmark
2023-06-18 07:00:00,17.322521,507.099927,synthetic_cold_temperate_benchmark
2023-06-18 08:00:00,18.078993,618.008710,synthetic_cold_temperate_benchmark
2023-06-18 09:00:00,18.862150,705.151976,synthetic_cold_temperate_benchmark
2023-06-18 10:00:00,19.618621,765.178633,synthetic_cold_temperate_benchmark
2023-06-18 11:00:00,20.296855,795.780355,synthetic_cold_temperate_benchmark
2023-06-18 12:00:00,20.850631,795.780355,synthetic_cold_temperate_benchmark
2023-06-18 13:00:00,21.242210,765.178633,synthetic_cold_temperate_benchmark
2023-06-18 14:00:00,21.444906,705.151976,synthetic_cold_temperate_benchmark
2023-06-18 15:00:00,21.444906,618.008710,synthetic_cold_temperate_benchmark
2023-06-18 16:00:00,21.242210,507.099927,synthetic_cold_temperate_benchmark
2023-06-18 17:00:00,20.850631,376.690624,synthetic_cold_temperate_benchmark
2023-06-18 18:00:00,20.296855,231.795688,synthetic_cold_temperate_benchmark
2023-06-18 19:00:00,19.618621,77.987052,synthetic_cold_temperate_benchmark
2023-06-18 20:00:00,18.862150,0.000000,synthetic_cold_temperate_benchmark
2023-06-18 21:00:00,18.078993,0.000000,synthetic_cold_temperate_benchmark
2023-06-18 22:00:00,17.322521,0.000000,synthetic_cold_temperate_benchmark
2023-06-18 23:00:00,16.644287,0.000000,synthetic_cold_temperate_benchmark
2023-06-19 00:00:00,16.185423,0.000000,synthetic_cold_temperate_benchmark
2023-06-19 01:00:00,15.793845,0.000000,synthetic_cold_temperate_benchmark
2023-06-19 02:00:00,15.591149,0.000000,synthetic_cold_temperate_benchmark
2023-06-19 03:00:00,15.591149,0.000000,synthetic_cold_temperate_benchmark
2023-06-19 04:00:00,15.793845,78.224052,synthetic_cold_temperate_benchmark
2023-06-19 05:00:00,16.185423,232.035689,synthetic_cold_temperate_benchmark
2023-06-19 06:00:00,16.739199,376.927691,synthetic_cold_temperate_benchmark
2023-06-19 07:00:00,17.417433,507.330293,synthetic_cold_temperate_benchmark
2023-06-19 08:00:00,18.173905,618.230718,synthetic_cold_temperate_benchmark
2023-06-19 09:00:00,18.957062,705.365864,synthetic_cold_temperate_benchmark
2023-06-19 10:00:00,19.713534,765.386188,synthetic_cold_temperate_benchmark
2023-06-19 11:00:00,20.391768,795.984461,synthetic_cold_temperate_benchmark
2023-06-19 12:00:00,20.945543,795.984461,synthetic_cold_temperate_benchmark
2023-06-19 13:00:00,21.337122,765.386188,synthetic_cold_temperate_benchmark
2023-06-19 14:00:00,21.539818,705.365864,synthetic_cold_temperate_benchmark
2023-06-19 15:00:00,21.539818,618.230718,synthetic_cold_temperate_benchmark
2023-06-19 16:00:00,21.337122,507.330293,synthetic_cold_temperate_benchmark
2023-06-19 17:00:00,20.945543,376.927691,synthetic_cold_temperate_benchmark
2023-06-19 18:00:00,20.391768,232.035689,synthetic_cold_temperate_benchmark
2023-06-19 19:00:00,19.713534,78.224052,synthetic_cold_temperate_benchmark
2023-06-19 20:00:00,18.957062,0.000000,synthetic_cold_temperate_benchmark
2023-06-19 21:00:00,18.173905,0.000000,synthetic_cold_temperate_benchmark
2023-06-19 22:00:00,17.417433,0.000000,synthetic_cold_temperate_benchmark
2023-06-19 23:00:00,16.739199,0.000000,synthetic_cold_temperate_benchmark
2023-06-20 00:00:00,16.277501,0.000000,synthetic_cold_temperate_benchmark
2023-06-20 01:00:00,15.885922,0.000000,synthetic_cold_temperate_benchmark
2023-06-20 02:00:00,15.683226,0.000000,synthetic_cold_temperate_benchmark
2023-06-20 03:00:00,15.683226,0.000000,synthetic_cold_temperate_benchmark
2023-06-20 04:00:00,15.885922,78.366292,synthetic_cold_temperate_benchmark
2023-06-20 05:00:00,16.277501,232.179724,synthetic_cold_temperate_benchmark
2023-06-20 06:00:00,16.831277,377.069961,synthetic_cold_temperate_benchmark
2023-06-20 07:00:00,17.509511,507.468540,synthetic_cold_temperate_benchmark
2023-06-20 08:00:00,18.265982,618.363948,synthetic_cold_temperate_benchmark
2023-06-20 09:00:00,19.049140,705.494221,synthetic_cold_temperate_benchmark
2023-06-20 10:00:00,19.805611,765.510745,synthetic_cold_temperate_benchmark
2023-06-20 11:00:00,20.483845,796.106948,synthetic_cold_temperate_benchmark
2023-06-20 12:00:00,21.037621,796.106948,synthetic_cold_temperate_benchmark
2023-06-20 13:00:00,21.429200,765.510745,synthetic_cold_temperate_benchmark
2023-06-20 14:00:00,21.631896,705.494221,synthetic_cold_temperate_benchmark
2023-06-20 15:00:00,21.631896,618.363948,synthetic_cold_temperate_benchmark
2023-06-20 16:00:00,21.429200,507.468540,synthetic_cold_temperate_benchmark
2023-06-20 17:00:00,21.037621,377.069961,synthetic_cold_temperate_benchmark
2023-06-20 18:00:00,20.483845,232.179724,synthetic_cold_temperate_benchmark
2023-06-20 19:00:00,19.805611,78.366292,synthetic_cold_temperate_benchmark
2023-06-20 20:00:00,19.049140,0.000000,synthetic_cold_temperate_benchmark
2023-06-20 21:00:00,18.265982,0.000000,synthetic_cold_temperate_benchmark
2023-06-20 22:00:00,17.509511,0.000000,synthetic_cold_temperate_benchmark
2023-06-20 23:00:00,16.831277,0.000000,synthetic_cold_temperate_benchmark
2023-06-21 00:00:00,16.366717,0.000000,synthetic_cold_temperate_benchmark
2023-06-21 01:00:00,15.975138,0.000000,synthetic_cold_temperate_benchmark
2023-06-21 02:00:00,15.772442,0.000000,synthetic_cold_temperate_benchmark
2023-06-21 03:00:00,15.772442,0.000000,synthetic_cold_temperate_benchmark
2023-06-21 04:00:00,15.975138,78.413712,synthetic_cold_temperate_benchmark
2023-06-21 05:00:00,16.366717,232.227742,synthetic_cold_temperate_benchmark
2023-06-21 06:00:00,16.920493,377.117389,synthetic_cold_temperate_benchmark
2023-06-21 07:00:00,17.598727,507.514627,synthetic_cold_temperate_benchmark
2023-06-21 08:00:00,18.355198,618.408363,synthetic_cold_temperate_benchmark
2023-06-21 09:00:00,19.138355,705.537011,synthetic_cold_temperate_benchmark
2023-06-21 10:00:00,19.894827,765.552269,synthetic_cold_temperate_benchmark
2023-06-21 11:00:00,20.573061,796.147781,synthetic_cold_temperate_benchmark
2023-06-21 12:00:00,21.126837,796.147781,synthetic_cold_temperate_benchmark
2023-06-21 13:00:00,21.518415,765.552269,synthetic_cold_temperate_benchmark
2023-06-21 14:00:00,21.721111,705.537011,synthetic_cold_temperate_benchmark
2023-06-21 15:00:00,21.721111,618.408363,synthetic_cold_temperate_benchmark
2023-06-21 16:00:00,21.518415,507.514627,synthetic_cold_temperate_benchmark
2023-06-21 17:00:00,21.126837,377.117389,synthetic_cold_temperate_benchmark
2023-06-21 18:00:00,20.573061,232.227742,synthetic_cold_temperate_benchmark
2023-06-21 19:00:00,19.894827,78.413712,synthetic_cold_temperate_benchmark
2023-06-21 20:00:00,19.138355,0.000000,synthetic_cold_temperate_benchmark
2023-06-21 21:00:00,18.355198,0.000000,synthetic_cold_temperate_benchmark
2023-06-21 22:00:00,17.598727,0.000000,synthetic_cold_temperate_benchmark
2023-06-21 23:00:00,16.920493,0.000000,synthetic_cold_temperate_benchmark
2023-06-22 00:00:00,16.453045,0.000000,synthetic_cold_temperate_benchmark
2023-06-22 01:00:00,16.061466,0.000000,synthetic_cold_temperate_benchmark
2023-06-22 02:00:00,15.858770,0.000000,synthetic_cold_temperate_benchmark
2023-06-22 03:00:00,15.858770,0.000000,synthetic_cold_temperate_benchmark
2023-06-22 04:00:00,16.061466,78.366292,synthetic_cold_temperate_benchmark
2023-06-22 05:00:00,16.453045,232.179724,synthetic_cold_temperate_benchmark
2023-06-22 06:00:00,17.006820,377.069961,synthetic_cold_temperate_benchmark
2023-06-22 07:00:00,17.685054,507.468540,synthetic_cold_temperate_benchmark
2023-06-22 08:00:00,18.441526,618.363948,synthetic_cold_temperate_benchmark
2023-06-22 09:00:00,19.224683,705.494221,synthetic_cold_temperate_benchmark
2023-06-22 10:00:00,19.981155,765.510745,synthetic_cold_temperate_benchmark
2023-06-22 11:00:00,20.659389,796.106948,synthetic_cold_temperate_benchmark
2023-06-22 12:00:00,21.213165,796.106948,synthetic_cold_temperate_benchmark
2023-06-22 13:00:00,21.604743,765.510745,synthetic_cold_temperate_benchmark
2023-06-22 14:00:00,21.807439,705.494221,synthetic_cold_temperate_benchmark
2023-06-22 15:00:00,21.807439,618.363948,synthetic_cold_temperate_benchmark
2023-06-22 16:00:00,21.604743,507.468540,synthetic_cold_temperate_benchmark
2023-06-22 17:00:00,21.213165,377.069961,synthetic_cold_temperate_benchmark
2023-06-22 18:00:00,20.659389,232.179724,synthetic_cold_temperate_benchmark
2023-06-22 19:00:00,19.981155,78.366292,synthetic_cold_temperate_benchmark
2023-06-22 20:00:00,19.224683,0.000000,synthetic_cold_temperate_benchmark
2023-06-22 21:00:00,18.441526,0.000000,synthetic_cold_temperate_benchmark
2023-06-22 22:00:00,17.685054,0.000000,synthetic_cold_temperate_benchmark
2023-06-22 23:00:00,17.006820,0.000000,synthetic_cold_temperate_benchmark
2023-06-23 00:00:00,16.536459,0.000000,synthetic_cold_temperate_benchmark
2023-06-23 01:00:00,16.144880,0.000000,synthetic_cold_temperate_benchmark
2023-06-23 02:00:00,15.942184,0.000000,synthetic_cold_temperate_benchmark
2023-06-23 03:00:00,15.942184,0.000000,synthetic_cold_temperate_benchmark
2023-06-23 04:00:00,16.144880,78.224052,synthetic_cold_temperate_benchmark
2023-06-23 05:00:00,16.536459,232.035689,synthetic_cold_temperate_benchmark
2023-06-23 06:00:00,17.090234,376.927691,synthetic_cold_temperate_benchmark
2023-06-23 07:00:00,17.768468,507.330293,synthetic_cold_temperate_benchmark
2023-06-23 08:00:00,18.524940,618.230718,synthetic_cold_temperate_benchmark
2023-06-23 09:00:00,19.308097,705.365864,synthetic_cold_temperate_benchmark
2023-06-23 10:00:00,20.064569,765.386188,synthetic_cold_temperate_benchmark
2023-06-23 11:00:00,20.742803,795.984461,synthetic_cold_temperate_benchmark
2023-06-23 12:00:00,21.296579,795.984461,synthetic_cold_temperate_benchmark
2023-06-23 13:00:00,21.688157,765.386188,synthetic_cold_temperate_benchmark
2023-06-23 14:00:00,21.890853,705.365864,synthetic_cold_temperate_benchmark
2023-06-23 15:00:00,21.890853,618.230718,synthetic_cold_temperate_benchmark
2023-06-23 16:00:00,21.688157,507.330293,synthetic_cold_temperate_benchmark
2023-06-23 17:00:00,21.296579,376.927691,synthetic_cold_temperate_benchmark
2023-06-23 18:00:00,20.742803,232.035689,synthetic_cold_temperate_benchmark
2023-06-23 19:00:00,20.064569,78.224052,synthetic_cold_temperate_benchmark
2023-06-23 20:00:00,19.308097,0.000000,synthetic_cold_temperate_benchmark
2023-06-23 21:00:00,18.524940,0.000000,synthetic_cold_temperate_benchmark
2023-06-23 22:00:00,17.768468,0.000000,synthetic_cold_temperate_benchmark
2023-06-23 23:00:00,17.090234,0.000000,synthetic_cold_temperate_benchmark
2023-06-24 00:00:00,16.616934,0.000000,synthetic_cold_temperate_benchmark
2023-06-24 01:00:00,16.225355,0.000000,synthetic_cold_temperate_benchmark
2023-06-24 02:00:00,16.022659,0.000000,synthetic_cold_temperate_benchmark
2023-06-24 03:00:00,16.022659,0.000000,synthetic_cold_temperate_benchmark
2023-06-24 04:00:00,16.225355,77.987052,synthetic_cold_temperate_benchmark
2023-06-24 05:00:00,16.616934,231.795688,synthetic_cold_temperate_benchmark
2023-06-24 06:00:00,17.170710,376.690624,synthetic_cold_temperate_benchmark
2023-06-24 07:00:00,17.848944,507.099927,synthetic_cold_temperate_benchmark
2023-06-24 08:00:00,18.605415,618.008710,synthetic_cold_temperate_benchmark
2023-06-24 09:00:00,19.388573,705.151976,synthetic_cold_temperate_benchmark
2023-06-24 10:00:00,20.145044,765.178633,synthetic_cold_temperate_benchmark
2023-06-24 11:00:00,20.823278,795.780355,synthetic_cold_temperate_benchmark
2023-06-24 12:00:00,21.377054,795.780355,synthetic_cold_temperate_benchmark
2023-06-24 13:00:00,21.768633,765.178633,synthetic_cold_temperate_benchmark
2023-06-24 14:00:00,21.971329,705.151976,synthetic_cold_temperate_benchmark
2023-06-24 15:00:00,21.971329,618.008710,synthetic_cold_temperate_benchmark
2023-06-24 16:00:00,21.768633,507.099927,synthetic_cold_temperate_benchmark
2023-06-24 17:00:00,21.377054,376.690624,synthetic_cold_temperate_benchmark
2023-06-24 18:00:00,20.823278,231.795688,synthetic_cold_temperate_benchmark
2023-06-24 19:00:00,20.145044,77.987052,synthetic_cold_temperate_benchmark
2023-06-24 20:00:00,19.388573,0.000000,synthetic_cold_temperate_benchmark
2023-06-24 21:00:00,18.605415,0.000000,synthetic_cold_temperate_benchmark
2023-06-24 22:00:00,17.848944,0.000000,synthetic_cold_temperate_benchmark
2023-06-24 23:00:00,17.170710,0.000000,synthetic_cold_temperate_benchmark
2023-06-25 00:00:00,16.694447,0.000000,synthetic_cold_temperate_benchmark
2023-06-25 01:00:00,16.302869,0.000000,synthetic_cold_temperate_benchmark
2023-06-25 02:00:00,16.100173,0.000000,synthetic_cold_temperate_benchmark
2023-06-25 03:00:00,16.100173,0.000000,synthetic_cold_temperate_benchmark
2023-06-25 04:00:00,16.302869,77.655390,synthetic_cold_temperate_benchmark
2023-06-25 05:00:00,16.694447,231.459806,synthetic_cold_temperate_benchmark
2023-06-25 06:00:00,17.248223,376.358837,synthetic_cold_temperate_benchmark
2023-06-25 07:00:00,17.926457,506.777512,synthetic_cold_temperate_benchmark
2023-06-25 08:00:00,18.682929,617.697990,synthetic_cold_temperate_benchmark
2023-06-25 09:00:00,19.466086,704.852620,synthetic_cold_temperate_benchmark
2023-06-25 10:00:00,20.222557,764.888141,synthetic_cold_temperate_benchmark
2023-06-25 11:00:00,20.900791,795.494692,synthetic_cold_temperate_benchmark
2023-06-25 12:00:00,21.454567,795.494692,synthetic_cold_temperate_benchmark
2023-06-25 13:00:00,21.846146,764.888141,synthetic_cold_temperate_benchmark
2023-06-25 14:00:00,22.048842,704.852620,synthetic_cold_temperate_benchmark
2023-06-25 15:00:00,22.048842,617.697990,synthetic_cold_temperate_benchmark
2023-06-25 16:00:00,21.846146,506.777512,synthetic_cold_temperate_benchmark
2023-06-25 17:00:00,21.454567,376.358837,synthetic_cold_temperate_benchmark
2023-06-25 18:00:00,20.900791,231.459806,synthetic_cold_temperate_benchmark
2023-06-25 19:00:00,20.222557,77.655390,synthetic_cold_temperate_benchmark
2023-06-25 20:00:00,19.466086,0.000000,synthetic_cold_temperate_benchmark
2023-06-25 21:00:00,18.682929,0.000000,synthetic_cold_temperate_benchmark
2023-06-25 22:00:00,17.926457,0.000000,synthetic_cold_temperate_benchmark
2023-06-25 23:00:00,17.248223,0.000000,synthetic_cold_temperate_benchmark
2023-06-26 00:00:00,16.768975,0.000000,synthetic_cold_temperate_benchmark
2023-06-26 01:00:00,16.377396,0.000000,synthetic_cold_temperate_benchmark
2023-06-26 02:00:00,16.174700,0.000000,synthetic_cold_temperate_benchmark
2023-06-26 03:00:00,16.174700,0.000000,synthetic_cold_temperate_benchmark
2023-06-26 04:00:00,16.377396,77.229208,synthetic_cold_temperate_benchmark
2023-06-26 05:00:00,16.768975,231.028164,synthetic_cold_temperate_benchmark
2023-06-26 06:00:00,17.322751,375.932435,synthetic_cold_temperate_benchmark
2023-06-26 07:00:00,18.000985,506.363142,synthetic_cold_temperate_benchmark
2023-06-26 08:00:00,18.757456,617.298647,synthetic_cold_temperate_benchmark
2023-06-26 09:00:00,19.540614,704.467883,synthetic_cold_temperate_benchmark
2023-06-26 10:00:00,20.297085,764.514797,synthetic_cold_temperate_benchmark
2023-06-26 11:00:00,20.975319,795.127556,synthetic_cold_temperate_benchmark
2023-06-26 12:00:00,21.529095,795.127556,synthetic_cold_temperate_benchmark
2023-06-26 13:00:00,21.920674,764.514797,synthetic_cold_temperate_benchmark
2023-06-26 14:00:00,22.123370,704.467883,synthetic_cold_temperate_benchmark
2023-06-26 15:00:00,22.123370,617.298647,synthetic_cold_temperate_benchmark
2023-06-26 16:00:00,21.920674,506.363142,synthetic_cold_temperate_benchmark
2023-06-26 17:00:00,21.529095,375.932435,synthetic_cold_temperate_benchmark
2023-06-26 18:00:00,20.975319,231.028164,synthetic_cold_temperate_benchmark
2023-06-26 19:00:00,20.297085,77.229208,synthetic_cold_temperate_benchmark
2023-06-26 20:00:00,19.540614,0.000000,synthetic_cold_temperate_benchmark
2023-06-26 21:00:00,18.757456,0.000000,synthetic_cold_temperate_benchmark
2023-06-26 22:00:00,18.000985,0.000000,synthetic_cold_temperate_benchmark
2023-06-26 23:00:00,17.322751,0.000000,synthetic_cold_temperate_benchmark
2023-06-27 00:00:00,16.840496,0.000000,synthetic_cold_temperate_benchmark
2023-06-27 01:00:00,16.448917,0.000000,synthetic_cold_temperate_benchmark
2023-06-27 02:00:00,16.246221,0.000000,synthetic_cold_temperate_benchmark
2023-06-27 03:00:00,16.246221,0.000000,synthetic_cold_temperate_benchmark
2023-06-27 04:00:00,16.448917,76.708682,synthetic_cold_temperate_benchmark
2023-06-27 05:00:00,16.840496,230.500916,synthetic_cold_temperate_benchmark
2023-06-27 06:00:00,17.394271,375.411554,synthetic_cold_temperate_benchmark
2023-06-27 07:00:00,18.072505,505.856943,synthetic_cold_temperate_benchmark
2023-06-27 08:00:00,18.828977,616.810798,synthetic_cold_temperate_benchmark
2023-06-27 09:00:00,19.612134,703.997876,synthetic_cold_temperate_benchmark
2023-06-27 10:00:00,20.368606,764.058711,synthetic_cold_temperate_benchmark
2023-06-27 11:00:00,21.046840,794.679056,synthetic_cold_temperate_benchmark
2023-06-27 12:00:00,21.600616,794.679056,synthetic_cold_temperate_benchmark
2023-06-27 13:00:00,21.992194,764.058711,synthetic_cold_temperate_benchmark
2023-06-27 14:00:00,22.194890,703.997876,synthetic_cold_temperate_benchmark
2023-06-27 15:00:00,22.194890,616.810798,synthetic_cold_temperate_benchmark
2023-06-27 16:00:00,21.992194,505.856943,synthetic_cold_temperate_benchmark
2023-06-27 17:00:00,21.600616,375.411554,synthetic_cold_temperate_benchmark
2023-06-27 18:00:00,21.046840,230.500916,synthetic_cold_temperate_benchmark
2023-06-27 19:00:00,20.368606,76.708682,synthetic_cold_temperate_benchmark
2023-06-27 20:00:00,19.612134,0.000000,synthetic_cold_temperate_benchmark
2023-06-27 21:00:00,18.828977,0.000000,synthetic_cold_temperate_benchmark
2023-06-27 22:00:00,18.072505,0.000000,synthetic_cold_temperate_benchmark
2023-06-27 23:00:00,17.394271,0.000000,synthetic_cold_temperate_benchmark
2023-06-28 00:00:00,16.908987,0.000000,synthetic_cold_temperate_benchmark
2023-06-28 01:00:00,16.517409,0.000000,synthetic_cold_temperate_benchmark
2023-06-28 02:00:00,16.314713,0.000000,synthetic_cold_temperate_benchmark
2023-06-28 03:00:00,16.314713,0.000000,synthetic_cold_temperate_benchmark
2023-06-28 04:00:00,16.517409,76.094033,synthetic_cold_temperate_benchmark
2023-06-28 05:00:00,16.908987,229.878250,synthetic_cold_temperate_benchmark
2023-06-28 06:00:00,17.462763,374.796362,synthetic_cold_temperate_benchmark
2023-06-28 07:00:00,18.140997,505.259065,synthetic_cold_temperate_benchmark
2023-06-28 08:00:00,18.897469,616.234584,synthetic_cold_temperate_benchmark
2023-06-28 09:00:00,19.680626,703.442736,synthetic_cold_temperate_benchmark
2023-06-28 10:00:00,20.437098,763.520017,synthetic_cold_temperate_benchmark
2023-06-28 11:00:00,21.115332,794.149324,synthetic_cold_temperate_benchmark
2023-06-28 12:00:00,21.669107,794.149324,synthetic_cold_temperate_benchmark
2023-06-28 13:00:00,22.060686,763.520017,synthetic_cold_temperate_benchmark
2023-06-28 14:00:00,22.263382,703.442736,synthetic_cold_temperate_benchmark
2023-06-28 15:00:00,22.263382,616.234584,synthetic_cold_temperate_benchmark
2023-06-28 16:00:00,22.060686,505.259065,synthetic_cold_temperate_benchmark
2023-06-28 17:00:00,21.669107,374.796362,synthetic_cold_temperate_benchmark
2023-06-28 18:00:00,21.115332,229.878250,synthetic_cold_temperate_benchmark
2023-06-28 19:00:00,20.437098,76.094033,synthetic_cold_temperate_benchmark
2023-06-28 20:00:00,19.680626,0.000000,synthetic_cold_temperate_benchmark
2023-06-28 21:00:00,18.897469,0.000000,synthetic_cold_temperate_benchmark
2023-06-28 22:00:00,18.140997,0.000000,synthetic_cold_temperate_benchmark
2023-06-28 23:00:00,17.462763,0.000000,synthetic_cold_temperate_benchmark
2023-06-29 00:00:00,16.974430,0.000000,synthetic_cold_temperate_benchmark
2023-06-29 01:00:00,16.582852,0.000000,synthetic_cold_temperate_benchmark
2023-06-29 02:00:00,16.380156,0.000000,synthetic_cold_temperate_benchmark
2023-06-29 03:00:00,16.380156,0.000000,synthetic_cold_temperate_benchmark
2023-06-29 04:00:00,16.582852,75.385519,synthetic_cold_temperate_benchmark
2023-06-29 05:00:00,16.974430,229.160390,synthetic_cold_temperate_benchmark
2023-06-29 06:00:00,17.528206,374.087054,synthetic_cold_temperate_benchmark
2023-06-29 07:00:00,18.206440,504.569688,synthetic_cold_temperate_benchmark
2023-06-29 08:00:00,18.962912,615.570174,synthetic_cold_temperate_benchmark
2023-06-29 09:00:00,19.746069,702.802625,synthetic_cold_temperate_benchmark
2023-06-29 10:00:00,20.502541,762.898872,synthetic_cold_temperate_benchmark
2023-06-29 11:00:00,21.180775,793.538516,synthetic_cold_temperate_benchmark
2023-06-29 12:00:00,21.734551,793.538516,synthetic_cold_temperate_benchmark
2023-06-29 13:00:00,22.126129,762.898872,synthetic_cold_temperate_benchmark
2023-06-29 14:00:00,22.328825,702.802625,synthetic_cold_temperate_benchmark
2023-06-29 15:00:00,22.328825,615.570174,synthetic_cold_temperate_benchmark
2023-06-29 16:00:00,22.126129,504.569688,synthetic_cold_temperate_benchmark
2023-06-29 17:00:00,21.734551,374.087054,synthetic_cold_temperate_benchmark
2023-06-29 18:00:00,21.180775,229.160390,synthetic_cold_temperate_benchmark
2023-06-29 19:00:00,20.502541,75.385519,synthetic_cold_temperate_benchmark
2023-06-29 20:00:00,19.746069,0.000000,synthetic_cold_temperate_benchmark
2023-06-29 21:00:00,18.962912,0.000000,synthetic_cold_temperate_benchmark
2023-06-29 22:00:00,18.206440,0.000000,synthetic_cold_temperate_benchmark
2023-06-29 23:00:00,17.528206,0.000000,synthetic_cold_temperate_benchmark
2023-06-30 00:00:00,17.036805,0.000000,synthetic_cold_temperate_benchmark
2023-06-30 01:00:00,16.645227,0.000000,synthetic_cold_temperate_benchmark
2023-06-30 02:00:00,16.442531,0.000000,synthetic_cold_temperate_benchmark
2023-06-30 03:00:00,16.442531,0.000000,synthetic_cold_temperate_benchmark
2023-06-30 04:00:00,16.645227,74.583438,synthetic_cold_temperate_benchmark
2023-06-30 05:00:00,17.036805,228.347592,synthetic_cold_temperate_benchmark
2023-06-30 06:00:00,17.590581,373.283858,synthetic_cold_temperate_benchmark
2023-06-30 07:00:00,18.268815,503.789018,synthetic_cold_temperate_benchmark
2023-06-30 08:00:00,19.025287,614.817760,synthetic_cold_temperate_benchmark
2023-06-30 09:00:00,19.808444,702.077727,synthetic_cold_temperate_benchmark
2023-06-30 10:00:00,20.564916,762.195460,synthetic_cold_temperate_benchmark
2023-06-30 11:00:00,21.243150,792.846815,synthetic_cold_temperate_benchmark
2023-06-30 12:00:00,21.796925,792.846815,synthetic_cold_temperate_benchmark
2023-06-30 13:00:00,22.188504,762.195460,synthetic_cold_temperate_benchmark
2023-06-30 14:00:00,22.391200,702.077727,synthetic_cold_temperate_benchmark
2023-06-30 15:00:00,22.391200,614.817760,synthetic_cold_temperate_benchmark
2023-06-30 16:00:00,22.188504,503.789018,synthetic_cold_temperate_benchmark
2023-06-30 17:00:00,21.796925,373.283858,synthetic_cold_temperate_benchmark
2023-06-30 18:00:00,21.243150,228.347592,synthetic_cold_temperate_benchmark
2023-06-30 19:00:00,20.564916,74.583438,synthetic_cold_temperate_benchmark
2023-06-30 20:00:00,19.808444,0.000000,synthetic_cold_temperate_benchmark
2023-06-30 21:00:00,19.025287,0.000000,synthetic_cold_temperate_benchmark
2023-06-30 22:00:00,18.268815,0.000000,synthetic_cold_temperate_benchmark
2023-06-30 23:00:00,17.590581,0.000000,synthetic_cold_temperate_benchmark
2023-07-01 00:00:00,17.096093,0.000000,synthetic_cold_temperate_benchmark
2023-07-01 01:00:00,16.704515,0.000000,synthetic_cold_temperate_benchmark
2023-07-01 02:00:00,16.501819,0.000000,synthetic_cold_temperate_benchmark
2023-07-01 03:00:00,16.501819,0.000000,synthetic_cold_temperate_benchmark
2023-07-01 04:00:00,16.704515,73.688131,synthetic_cold_temperate_benchmark
2023-07-01 05:00:00,17.096093,227.440150,synthetic_cold_temperate_benchmark
2023-07-01 06:00:00,17.649869,372.387031,synthetic_cold_temperate_benchmark
2023-07-01 07:00:00,18.328103,502.917289,synthetic_cold_temperate_benchmark
2023-07-01 08:00:00,19.084575,613.977562,synthetic_cold_temperate_benchmark
2023-07-01 09:00:00,19.867732,701.268254,synthetic_cold_temperate_benchmark
2023-07-01 10:00:00,20.624204,761.409986,synthetic_cold_temperate_benchmark
2023-07-01 11:00:00,21.302438,792.074424,synthetic_cold_temperate_benchmark
2023-07-01 12:00:00,21.856213,792.074424,synthetic_cold_temperate_benchmark
2023-07-01 13:00:00,22.247792,761.409986,synthetic_cold_temperate_benchmark
2023-07-01 14:00:00,22.450488,701.268254,synthetic_cold_temperate_benchmark
2023-07-01 15:00:00,22.450488,613.977562,synthetic_cold_temperate_benchmark
2023-07-01 16:00:00,22.247792,502.917289,synthetic_cold_temperate_benchmark
2023-07-01 17:00:00,21.856213,372.387031,synthetic_cold_temperate_benchmark
2023-07-01 18:00:00,21.302438,227.440150,synthetic_cold_temperate_benchmark
2023-07-01 19:00:00,20.624204,73.688131,synthetic_cold_temperate_benchmark
2023-07-01 20:00:00,19.867732,0.000000,synthetic_cold_temperate_benchmark
2023-07-01 21:00:00,19.084575,0.000000,synthetic_cold_temperate_benchmark
2023-07-01 22:00:00,18.328103,0.000000,synthetic_cold_temperate_benchmark
2023-07-01 23:00:00,17.649869,0.000000,synthetic_cold_temperate_benchmark
2023-07-02 00:00:00,17.152277,0.000000,synthetic_cold_temperate_benchmark
2023-07-02 01:00:00,16.760698,0.000000,synthetic_cold_temperate_benchmark
2023-07-02 02:00:00,16.558002,0.000000,synthetic_cold_temperate_benchmark
2023-07-02 03:00:00,16.558002,0.000000,synthetic_cold_temperate_benchmark
2023-07-02 04:00:00,16.760698,72.699973,synthetic_cold_temperate_benchmark
2023-07-02 05:00:00,17.152277,226.438388,synthetic_cold_temperate_benchmark
2023-07-02 06:00:00,17.706053,371.396861,synthetic_cold_temperate_benchmark
2023-07-02 07:00:00,18.384287,501.954761,synthetic_cold_temperate_benchmark
2023-07-02 08:00:00,19.140758,613.049824,synthetic_cold_temperate_benchmark
2023-07-02 09:00:00,19.923916,700.374441,synthetic_cold_temperate_benchmark
2023-07-02 10:00:00,20.680387,760.542680,synthetic_cold_temperate_benchmark
2023-07-02 11:00:00,21.358621,791.221573,synthetic_cold_temperate_benchmark
2023-07-02 12:00:00,21.912397,791.221573,synthetic_cold_temperate_benchmark
2023-07-02 13:00:00,22.303976,760.542680,synthetic_cold_temperate_benchmark
2023-07-02 14:00:00,22.506672,700.374441,synthetic_cold_temperate_benchmark
2023-07-02 15:00:00,22.506672,613.049824,synthetic_cold_temperate_benchmark
2023-07-02 16:00:00,22.303976,501.954761,synthetic_cold_temperate_benchmark
2023-07-02 17:00:00,21.912397,371.396861,synthetic_cold_temperate_benchmark
2023-07-02 18:00:00,21.358621,226.438388,synthetic_cold_temperate_benchmark
2023-07-02 19:00:00,20.680387,72.699973,synthetic_cold_temperate_benchmark
2023-07-02 20:00:00,19.923916,0.000000,synthetic_cold_temperate_benchmark
2023-07-02 21:00:00,19.140758,0.000000,synthetic_cold_temperate_benchmark
2023-07-02 22:00:00,18.384287,0.000000,synthetic_cold_temperate_benchmark
2023-07-02 23:00:00,17.706053,0.000000,synthetic_cold_temperate_benchmark
2023-07-03 00:00:00,17.205340,0.000000,synthetic_cold_temperate_benchmark
2023-07-03 01:00:00,16.813761,0.000000,synthetic_cold_temperate_benchmark
2023-07-03 02:00:00,16.611065,0.000000,synthetic_cold_temperate_benchmark
2023-07-03 03:00:00,16.611065,0.000000,synthetic_cold_temperate_benchmark
2023-07-03 04:00:00,16.813761,71.619386,synthetic_cold_temperate_benchmark
2023-07-03 05:00:00,17.205340,225.342667,synthetic_cold_temperate_benchmark
2023-07-03 06:00:00,17.759116,370.313665,synthetic_cold_temperate_benchmark
2023-07-03 07:00:00,18.437350,500.901724,synthetic_cold_temperate_benchmark
2023-07-03 08:00:00,19.193821,612.034817,synthetic_cold_temperate_benchmark
2023-07-03 09:00:00,19.976978,699.396548,synthetic_cold_temperate_benchmark
2023-07-03 10:00:00,20.733450,759.593798,synthetic_cold_temperate_benchmark
2023-07-03 11:00:00,21.411684,790.288513,synthetic_cold_temperate_benchmark
2023-07-03 12:00:00,21.965460,790.288513,synthetic_cold_temperate_benchmark
2023-07-03 13:00:00,22.357038,759.593798,synthetic_cold_temperate_benchmark
2023-07-03 14:00:00,22.559734,699.396548,synthetic_cold_temperate_benchmark
2023-07-03 15:00:00,22.559734,612.034817,synthetic_cold_temperate_benchmark
2023-07-03 16:00:00,22.357038,500.901724,synthetic_cold_temperate_benchmark
2023-07-03 17:00:00,21.965460,370.313665,synthetic_cold_temperate_benchmark
2023-07-03 18:00:00,21.411684,225.342667,synthetic_cold_temperate_benchmark
2023-07-03 19:00:00,20.733450,71.619386,synthetic_cold_temperate_benchmark
2023-07-03 20:00:00,19.976978,0.000000,synthetic_cold_temperate_benchmark
2023-07-03 21:00:00,19.193821,0.000000,synthetic_cold_temperate_benchmark
2023-07-03 22:00:00,18.437350,0.000000,synthetic_cold_temperate_benchmark
2023-07-03 23:00:00,17.759116,0.000000,synthetic_cold_temperate_benchmark
2023-07-04 00:00:00,17.255266,0.000000,synthetic_cold_temperate_benchmark
2023-07-04 01:00:00,16.863687,0.000000,synthetic_cold_temperate_benchmark
2023-07-04 02:00:00,16.660991,0.000000,synthetic_cold_temperate_benchmark
2023-07-04 03:00:00,16.660991,0.000000,synthetic_cold_temperate_benchmark
2023-07-04 04:00:00,16.863687,70.446826,synthetic_cold_temperate_benchmark
2023-07-04 05:00:00,17.255266,224.153382,synthetic_cold_temperate_benchmark
2023-07-04 06:00:00,17.809042,369.137792,synthetic_cold_temperate_benchmark
2023-07-04 07:00:00,18.487276,499.758493,synthetic_cold_temperate_benchmark
2023-07-04 08:00:00,19.243747,610.932836,synthetic_cold_temperate_benchmark
2023-07-04 09:00:00,20.026905,698.334859,synthetic_cold_temperate_benchmark
2023-07-04 10:00:00,20.783376,758.563618,synthetic_cold_temperate_benchmark
2023-07-04 11:00:00,21.461610,789.275521,synthetic_cold_temperate_benchmark
2023-07-04 12:00:00,22.015386,789.275521,synthetic_cold_temperate_benchmark
2023-07-04 13:00:00,22.406965,758.563618,synthetic_cold_temperate_benchmark
2023-07-04 14:00:00,22.609661,698.334859,synthetic_cold_temperate_benchmark
2023-07-04 15:00:00,22.609661,610.932836,synthetic_cold_temperate_benchmark
2023-07-04 16:00:00,22.406965,499.758493,synthetic_cold_temperate_benchmark
2023-07-04 17:00:00,22.015386,369.137792,synthetic_cold_temperate_benchmark
2023-07-04 18:00:00,21.461610,224.153382,synthetic_cold_temperate_benchmark
2023-07-04 19:00:00,20.783376,70.446826,synthetic_cold_temperate_benchmark
2023-07-04 20:00:00,20.026905,0.000000,synthetic_cold_temperate_benchmark
2023-07-04 21:00:00,19.243747,0.000000,synthetic_cold_temperate_benchmark
2023-07-04 22:00:00,18.487276,0.000000,synthetic_cold_temperate_benchmark
2023-07-04 23:00:00,17.809042,0.000000,synthetic_cold_temperate_benchmark
2023-07-05 00:00:00,17.302041,0.000000,synthetic_cold_temperate_benchmark
2023-07-05 01:00:00,16.910462,0.000000,synthetic_cold_temperate_benchmark
2023-07-05 02:00:00,16.707766,0.000000,synthetic_cold_temperate_benchmark
2023-07-05 03:00:00,16.707766,0.000000,synthetic_cold_temperate_benchmark
2023-07-05 04:00:00,16.910462,69.182792,synthetic_cold_temperate_benchmark
2023-07-05 05:00:00,17.302041,222.870963,synthetic_cold_temperate_benchmark
2023-07-05 06:00:00,17.855816,367.869619,synthetic_cold_temperate_benchmark
2023-07-05 07:00:00,18.534050,498.525411,synthetic_cold_temperate_benchmark
2023-07-05 08:00:00,19.290522,609.744202,synthetic_cold_temperate_benchmark
2023-07-05 09:00:00,20.073679,697.189682,synthetic_cold_temperate_benchmark
2023-07-05 10:00:00,20.830151,757.452441,synthetic_cold_temperate_benchmark
2023-07-05 11:00:00,21.508385,788.182896,synthetic_cold_temperate_benchmark
2023-07-05 12:00:00,22.062161,788.182896,synthetic_cold_temperate_benchmark
2023-07-05 13:00:00,22.453739,757.452441,synthetic_cold_temperate_benchmark
2023-07-05 14:00:00,22.656435,697.189682,synthetic_cold_temperate_benchmark
2023-07-05 15:00:00,22.656435,609.744202,synthetic_cold_temperate_benchmark
2023-07-05 16:00:00,22.453739,498.525411,synthetic_cold_temperate_benchmark
2023-07-05 17:00:00,22.062161,367.869619,synthetic_cold_temperate_benchmark
2023-07-05 18:00:00,21.508385,222.870963,synthetic_cold_temperate_benchmark
2023-07-05 19:00:00,20.830151,69.182792,synthetic_cold_temperate_benchmark
2023-07-05 20:00:00,20.073679,0.000000,synthetic_cold_temperate_benchmark
2023-07-05 21:00:00,19.290522,0.000000,synthetic_cold_temperate_benchmark
2023-07-05 22:00:00,18.534050,0.000000,synthetic_cold_temperate_benchmark
2023-07-05 23:00:00,17.855816,0.000000,synthetic_cold_temperate_benchmark
2023-07-06 00:00:00,17.345650,0.000000,synthetic_cold_temperate_benchmark
2023-07-06 01:00:00,16.954071,0.000000,synthetic_cold_temperate_benchmark
2023-07-06 02:00:00,16.751375,0.000000,synthetic_cold_temperate_benchmark
2023-07-06 03:00:00,16.751375,0.000000,synthetic_cold_temperate_benchmark
2023-07-06 04:00:00,16.954071,67.827824,synthetic_cold_temperate_benchmark
2023-07-06 05:00:00,17.345650,221.495872,synthetic_cold_temperate_benchmark
2023-07-06 06:00:00,17.899426,366.509556,synthetic_cold_temperate_benchmark
2023-07-06 07:00:00,18.577660,497.202851,synthetic_cold_temperate_benchmark
2023-07-06 08:00:00,19.334131,608.469262,synthetic_cold_temperate_benchmark
2023-07-06 09:00:00,20.117288,695.961351,synthetic_cold_temperate_benchmark
2023-07-06 10:00:00,20.873760,756.260595,synthetic_cold_temperate_benchmark
2023-07-06 11:00:00,21.551994,787.010962,synthetic_cold_temperate_benchmark
2023-07-06 12:00:00,22.105770,787.010962,synthetic_cold_temperate_benchmark
2023-07-06 13:00:00,22.497348,756.260595,synthetic_cold_temperate_benchmark
2023-07-06 14:00:00,22.700044,695.961351,synthetic_cold_temperate_benchmark
2023-07-06 15:00:00,22.700044,608.469262,synthetic_cold_temperate_benchmark
2023-07-06 16:00:00,22.497348,497.202851,synthetic_cold_temperate_benchmark
2023-07-06 17:00:00,22.105770,366.509556,synthetic_cold_temperate_benchmark
2023-07-06 18:00:00,21.551994,221.495872,synthetic_cold_temperate_benchmark
2023-07-06 19:00:00,20.873760,67.827824,synthetic_cold_temperate_benchmark
2023-07-06 20:00:00,20.117288,0.000000,synthetic_cold_temperate_benchmark
2023-07-06 21:00:00,19.334131,0.000000,synthetic_cold_temperate_benchmark
2023-07-06 22:00:00,18.577660,0.000000,synthetic_cold_temperate_benchmark
2023-07-06 23:00:00,17.899426,0.000000,synthetic_cold_temperate_benchmark
2023-07-07 00:00:00,17.386081,0.000000,synthetic_cold_temperate_benchmark
2023-07-07 01:00:00,16.994502,0.000000,synthetic_cold_temperate_benchmark
2023-07-07 02:00:00,16.791806,0.000000,synthetic_cold_temperate_benchmark
2023-07-07 03:00:00,16.791806,0.000000,synthetic_cold_temperate_benchmark
2023-07-07 04:00:00,16.994502,66.382499,synthetic_cold_temperate_benchmark
2023-07-07 05:00:00,17.386081,220.028608,synthetic_cold_temperate_benchmark
2023-07-07 06:00:00,17.939857,365.058040,synthetic_cold_temperate_benchmark
2023-07-07 07:00:00,18.618091,495.791208,synthetic_cold_temperate_benchmark
2023-07-07 08:00:00,19.374562,607.108389,synthetic_cold_temperate_benchmark
2023-07-07 09:00:00,20.157719,694.650223,synthetic_cold_temperate_benchmark
2023-07-07 10:00:00,20.914191,754.988429,synthetic_cold_temperate_benchmark
2023-07-07 11:00:00,21.592425,785.760066,synthetic_cold_temperate_benchmark
2023-07-07 12:00:00,22.146201,785.760066,synthetic_cold_temperate_benchmark
2023-07-07 13:00:00,22.537779,754.988429,synthetic_cold_temperate_benchmark
2023-07-07 14:00:00,22.740475,694.650223,synthetic_cold_temperate_benchmark
2023-07-07 15:00:00,22.740475,607.108389,synthetic_cold_temperate_benchmark
2023-07-07 16:00:00,22.537779,495.791208,synthetic_cold_temperate_benchmark
2023-07-07 17:00:00,22.146201,365.058040,synthetic_cold_temperate_benchmark
2023-07-07 18:00:00,21.592425,220.028608,synthetic_cold_temperate_benchmark
2023-07-07 19:00:00,20.914191,66.382499,synthetic_cold_temperate_benchmark
2023-07-07 20:00:00,20.157719,0.000000,synthetic_cold_temperate_benchmark
2023-07-07 21:00:00,19.374562,0.000000,synthetic_cold_temperate_benchmark
2023-07-07 22:00:00,18.618091,0.000000,synthetic_cold_temperate_benchmark
2023-07-07 23:00:00,17.939857,0.000000,synthetic_cold_temperate_benchmark
2023-07-08 00:00:00,17.423322,0.000000,synthetic_cold_temperate_benchmark
2023-07-08 01:00:00,17.031743,0.000000,synthetic_cold_temperate_benchmark
2023-07-08 02:00:00,16.829047,0.000000,synthetic_cold_temperate_benchmark
2023-07-08 03:00:00,16.829047,0.000000,synthetic_cold_temperate_benchmark
2023-07-08 04:00:00,17.031743,64.847437,synthetic_cold_temperate_benchmark
2023-07-08 05:00:00,17.423322,218.469703,synthetic_cold_temperate_benchmark
2023-07-08 06:00:00,17.977097,363.515540,synthetic_cold_temperate_benchmark
2023-07-08 07:00:00,18.655331,494.290908,synthetic_cold_temperate_benchmark
2023-07-08 08:00:00,19.411803,605.661979,synthetic_cold_temperate_benchmark
2023-07-08 09:00:00,20.194960,693.256679,synthetic_cold_temperate_benchmark
2023-07-08 10:00:00,20.951432,753.636316,synthetic_cold_temperate_benchmark
2023-07-08 11:00:00,21.629666,784.430577,synthetic_cold_temperate_benchmark
2023-07-08 12:00:00,22.183442,784.430577,synthetic_cold_temperate_benchmark
2023-07-08 13:00:00,22.575020,753.636316,synthetic_cold_temperate_benchmark
2023-07-08 14:00:00,22.777716,693.256679,synthetic_cold_temperate_benchmark
2023-07-08 15:00:00,22.777716,605.661979,synthetic_cold_temperate_benchmark
2023-07-08 16:00:00,22.575020,494.290908,synthetic_cold_temperate_benchmark
2023-07-08 17:00:00,22.183442,363.515540,synthetic_cold_temperate_benchmark
2023-07-08 18:00:00,21.629666,218.469703,synthetic_cold_temperate_benchmark
2023-07-08 19:00:00,20.951432,64.847437,synthetic_cold_temperate_benchmark
2023-07-08 20:00:00,20.194960,0.000000,synthetic_cold_temperate_benchmark
2023-07-08 21:00:00,19.411803,0.000000,synthetic_cold_temperate_benchmark
2023-07-08 22:00:00,18.655331,0.000000,synthetic_cold_temperate_benchmark
2023-07-08 23:00:00,17.977097,0.000000,synthetic_cold_temperate_benchmark
2023-07-09 00:00:00,17.457361,0.000000,synthetic_cold_temperate_benchmark
2023-07-09 01:00:00,17.065783,0.000000,synthetic_cold_temperate_benchmark
2023-07-09 02:00:00,16.863087,0.000000,synthetic_cold_temperate_benchmark
2023-07-09 03:00:00,16.863087,0.000000,synthetic_cold_temperate_benchmark
2023-07-09 04:00:00,17.065783,63.223298,synthetic_cold_temperate_benchmark
2023-07-09 05:00:00,17.457361,216.819726,synthetic_cold_temperate_benchmark
2023-07-09 06:00:00,18.011137,361.882557,synthetic_cold_temperate_benchmark
2023-07-09 07:00:00,18.689371,492.702404,synthetic_cold_temperate_benchmark
2023-07-09 08:00:00,19.445843,604.130456,synthetic_cold_temperate_benchmark
2023-07-09 09:00:00,20.229000,691.781125,synthetic_cold_temperate_benchmark
2023-07-09 10:00:00,20.985471,752.204654,synthetic_cold_temperate_benchmark
2023-07-09 11:00:00,21.663705,783.022890,synthetic_cold_temperate_benchmark
2023-07-09 12:00:00,22.217481,783.022890,synthetic_cold_temperate_benchmark
2023-07-09 13:00:00,22.609060,752.204654,synthetic_cold_temperate_benchmark
2023-07-09 14:00:00,22.811756,691.781125,synthetic_cold_temperate_benchmark
2023-07-09 15:00:00,22.811756,604.130456,synthetic_cold_temperate_benchmark
2023-07-09 16:00:00,22.609060,492.702404,synthetic_cold_temperate_benchmark
2023-07-09 17:00:00,22.217481,361.882557,synthetic_cold_temperate_benchmark
2023-07-09 18:00:00,21.663705,216.819726,synthetic_cold_temperate_benchmark
2023-07-09 19:00:00,20.985471,63.223298,synthetic_cold_temperate_benchmark
2023-07-09 20:00:00,20.229000,0.000000,synthetic_cold_temperate_benchmark
2023-07-09 21:00:00,19.445843,0.000000,synthetic_cold_temperate_benchmark
2023-07-09 22:00:00,18.689371,0.000000,synthetic_cold_temperate_benchmark
2023-07-09 23:00:00,18.011137,0.000000,synthetic_cold_temperate_benchmark
2023-07-10 00:00:00,17.488189,0.000000,synthetic_cold_temperate_benchmark
2023-07-10 01:00:00,17.096611,0.000000,synthetic_cold_temperate_benchmark
2023-07-10 02:00:00,16.893915,0.000000,synthetic_cold_temperate_benchmark
2023-07-10 03:00:00,16.893915,0.000000,synthetic_cold_temperate_benchmark
2023-07-10 04:00:00,17.096611,61.510780,synthetic_cold_temperate_benchmark
2023-07-10 05:00:00,17.488189,215.079276,synthetic_cold_temperate_benchmark
2023-07-10 06:00:00,18.041965,360.159618,synthetic_cold_temperate_benchmark
2023-07-10 07:00:00,18.720199,491.026174,synthetic_cold_temperate_benchmark
2023-07-10 08:00:00,19.476671,602.514267,synthetic_cold_temperate_benchmark
2023-07-10 09:00:00,20.259828,690.223991,synthetic_cold_temperate_benchmark
2023-07-10 10:00:00,21.016300,750.693862,synthetic_cold_temperate_benchmark
2023-07-10 11:00:00,21.694534,781.537421,synthetic_cold_temperate_benchmark
2023-07-10 12:00:00,22.248309,781.537421,synthetic_cold_temperate_benchmark
2023-07-10 13:00:00,22.639888,750.693862,synthetic_cold_temperate_benchmark
2023-07-10 14:00:00,22.842584,690.223991,synthetic_cold_temperate_benchmark
2023-07-10 15:00:00,22.842584,602.514267,synthetic_cold_temperate_benchmark
2023-07-10 16:00:00,22.639888,491.026174,synthetic_cold_temperate_benchmark
2023-07-10 17:00:00,22.248309,360.159618,synthetic_cold_temperate_benchmark
2023-07-10 18:00:00,21.694534,215.079276,synthetic_cold_temperate_benchmark
2023-07-10 19:00:00,21.016300,61.510780,synthetic_cold_temperate_benchmark
2023-07-10 20:00:00,20.259828,0.000000,synthetic_cold_temperate_benchmark
2023-07-10 21:00:00,19.476671,0.000000,synthetic_cold_temperate_benchmark
2023-07-10 22:00:00,18.720199,0.000000,synthetic_cold_temperate_benchmark
2023-07-10 23:00:00,18.041965,0.000000,synthetic_cold_temperate_benchmark
2023-07-11 00:00:00,17.515797,0.000000,synthetic_cold_temperate_benchmark
2023-07-11 01:00:00,17.124218,0.000000,synthetic_cold_temperate_benchmark
2023-07-11 02:00:00,16.921522,0.000000,synthetic_cold_temperate_benchmark
2023-07-11 03:00:00,16.921522,0.000000,synthetic_cold_temperate_benchmark
2023-07-11 04:00:00,17.124218,59.710624,synthetic_cold_temperate_benchmark
2023-07-11 05:00:00,17.515797,213.248991,synthetic_cold_temperate_benchmark
2023-07-11 06:00:00,18.069573,358.347283,synthetic_cold_temperate_benchmark
2023-07-11 07:00:00,18.747807,489.262726,synthetic_cold_temperate_benchmark
2023-07-11 08:00:00,19.504278,600.813885,synthetic_cold_temperate_benchmark
2023-07-11 09:00:00,20.287436,688.585730,synthetic_cold_temperate_benchmark
2023-07-11 10:00:00,21.043907,749.104384,synthetic_cold_temperate_benchmark
2023-07-11 11:00:00,21.722141,779.974610,synthetic_cold_temperate_benchmark
2023-07-11 12:00:00,22.275917,779.974610,synthetic_cold_temperate_benchmark
2023-07-11 13:00:00,22.667496,749.104384,synthetic_cold_temperate_benchmark
2023-07-11 14:00:00,22.870192,688.585730,synthetic_cold_temperate_benchmark
2023-07-11 15:00:00,22.870192,600.813885,synthetic_cold_temperate_benchmark
2023-07-11 16:00:00,22.667496,489.262726,synthetic_cold_temperate_benchmark
2023-07-11 17:00:00,22.275917,358.347283,synthetic_cold_temperate_benchmark
2023-07-11 18:00:00,21.722141,213.248991,synthetic_cold_temperate_benchmark
2023-07-11 19:00:00,21.043907,59.710624,synthetic_cold_temperate_benchmark
2023-07-11 20:00:00,20.287436,0.000000,synthetic_cold_temperate_benchmark
2023-07-11 21:00:00,19.504278,0.000000,synthetic_cold_temperate_benchmark
2023-07-11 22:00:00,18.747807,0.000000,synthetic_cold_temperate_benchmark
2023-07-11 23:00:00,18.069573,0.000000,synthetic_cold_temperate_benchmark
2023-07-12 00:00:00,17.540176,0.000000,synthetic_cold_temperate_benchmark
2023-07-12 01:00:00,17.148597,0.000000,synthetic_cold_temperate_benchmark
2023-07-12 02:00:00,16.945901,0.000000,synthetic_cold_temperate_benchmark
2023-07-12 03:00:00,16.945901,0.000000,synthetic_cold_temperate_benchmark
2023-07-12 04:00:00,17.148597,57.823610,synthetic_cold_temperate_benchmark
2023-07-12 05:00:00,17.540176,211.329542,synthetic_cold_temperate_benchmark
2023-07-12 06:00:00,18.093952,356.446142,synthetic_cold_temperate_benchmark
2023-07-12 07:00:00,18.772186,487.412593,synthetic_cold_temperate_benchmark
2023-07-12 08:00:00,19.528657,599.029807,synthetic_cold_temperate_benchmark
2023-07-12 09:00:00,20.311815,686.866819,synthetic_cold_temperate_benchmark
2023-07-12 10:00:00,21.068286,747.436688,synthetic_cold_temperate_benchmark
2023-07-12 11:00:00,21.746520,778.334919,synthetic_cold_temperate_benchmark
2023-07-12 12:00:00,22.300296,778.334919,synthetic_cold_temperate_benchmark
2023-07-12 13:00:00,22.691875,747.436688,synthetic_cold_temperate_benchmark
2023-07-12 14:00:00,22.894571,686.866819,synthetic_cold_temperate_benchmark
2023-07-12 15:00:00,22.894571,599.029807,synthetic_cold_temperate_benchmark
2023-07-12 16:00:00,22.691875,487.412593,synthetic_cold_temperate_benchmark
2023-07-12 17:00:00,22.300296,356.446142,synthetic_cold_temperate_benchmark
2023-07-12 18:00:00,21.746520,211.329542,synthetic_cold_temperate_benchmark
2023-07-12 19:00:00,21.068286,57.823610,synthetic_cold_temperate_benchmark
2023-07-12 20:00:00,20.311815,0.000000,synthetic_cold_temperate_benchmark
2023-07-12 21:00:00,19.528657,0.000000,synthetic_cold_temperate_benchmark
2023-07-12 22:00:00,18.772186,0.000000,synthetic_cold_temperate_benchmark
2023-07-12 23:00:00,18.093952,0.000000,synthetic_cold_temperate_benchmark
2023-07-13 00:00:00,17.561319,0.000000,synthetic_cold_temperate_benchmark
2023-07-13 01:00:00,17.169740,0.000000,synthetic_cold_temperate_benchmark
2023-07-13 02:00:00,16.967044,0.000000,synthetic_cold_temperate_benchmark
2023-07-13 03:00:00,16.967044,0.000000,synthetic_cold_temperate_benchmark
2023-07-13 04:00:00,17.169740,55.850559,synthetic_cold_temperate_benchmark
2023-07-13 05:00:00,17.561319,209.321632,synthetic_cold_temperate_benchmark
2023-07-13 06:00:00,18.115095,354.456814,synthetic_cold_temperate_benchmark
2023-07-13 07:00:00,18.793329,485.476335,synthetic_cold_temperate_benchmark
2023-07-13 08:00:00,19.549800,597.162557,synthetic_cold_temperate_benchmark
2023-07-13 09:00:00,20.332958,685.067760,synthetic_cold_temperate_benchmark
2023-07-13 10:00:00,21.089429,745.691262,synthetic_cold_temperate_benchmark
2023-07-13 11:00:00,21.767663,776.618834,synthetic_cold_temperate_benchmark
2023-07-13 12:00:00,22.321439,776.618834,synthetic_cold_temperate_benchmark
2023-07-13 13:00:00,22.713018,745.691262,synthetic_cold_temperate_benchmark
2023-07-13 14:00:00,22.915714,685.067760,synthetic_cold_temperate_benchmark
2023-07-13 15:00:00,22.915714,597.162557,synthetic_cold_temperate_benchmark
2023-07-13 16:00:00,22.713018,485.476335,synthetic_cold_temperate_benchmark
2023-07-13 17:00:00,22.321439,354.456814,synthetic_cold_temperate_benchmark
2023-07-13 18:00:00,21.767663,209.321632,synthetic_cold_temperate_benchmark
2023-07-13 19:00:00,21.089429,55.850559,synthetic_cold_temperate_benchmark
2023-07-13 20:00:00,20.332958,0.000000,synthetic_cold_temperate_benchmark
2023-07-13 21:00:00,19.549800,0.000000,synthetic_cold_temperate_benchmark
2023-07-13 22:00:00,18.793329,0.000000,synthetic_cold_temperate_benchmark
2023-07-13 23:00:00,18.115095,0.000000,synthetic_cold_temperate_benchmark
2023-07-14 00:00:00,17.579220,0.000000,synthetic_cold_temperate_benchmark
2023-07-14 01:00:00,17.187641,0.000000,synthetic_cold_temperate_benchmark
2023-07-14 02:00:00,16.984945,0.000000,synthetic_cold_temperate_benchmark
2023-07-14 03:00:00,16.984945,0.000000,synthetic_cold_temperate_benchmark
2023-07-14 04:00:00,17.187641,53.792333,synthetic_cold_temperate_benchmark
2023-07-14 05:00:00,17.579220,207.226003,synthetic_cold_temperate_benchmark
2023-07-14 06:00:00,18.132996,352.379950,synthetic_cold_temperate_benchmark
2023-07-14 07:00:00,18.811230,483.454539,synthetic_cold_temperate_benchmark
2023-07-14 08:00:00,19.567701,595.212682,synthetic_cold_temperate_benchmark
2023-07-14 09:00:00,20.350859,683.189076,synthetic_cold_temperate_benchmark
2023-07-14 10:00:00,21.107330,743.868620,synthetic_cold_temperate_benchmark
2023-07-14 11:00:00,21.785564,774.826862,synthetic_cold_temperate_benchmark
2023-07-14 12:00:00,22.339340,774.826862,synthetic_cold_temperate_benchmark
2023-07-14 13:00:00,22.730919,743.868620,synthetic_cold_temperate_benchmark
2023-07-14 14:00:00,22.933615,683.189076,synthetic_cold_temperate_benchmark
2023-07-14 15:00:00,22.933615,595.212682,synthetic_cold_temperate_benchmark
2023-07-14 16:00:00,22.730919,483.454539,synthetic_cold_temperate_benchmark
2023-07-14 17:00:00,22.339340,352.379950,synthetic_cold_temperate_benchmark
2023-07-14 18:00:00,21.785564,207.226003,synthetic_cold_temperate_benchmark
2023-07-14 19:00:00,21.107330,53.792333,synthetic_cold_temperate_benchmark
2023-07-14 20:00:00,20.350859,0.000000,synthetic_cold_temperate_benchmark
2023-07-14 21:00:00,19.567701,0.000000,synthetic_cold_temperate_benchmark
2023-07-14 22:00:00,18.811230,0.000000,synthetic_cold_temperate_benchmark
2023-07-14 23:00:00,18.132996,0.000000,synthetic_cold_temperate_benchmark
2023-07-15 00:00:00,17.593873,0.000000,synthetic_cold_temperate_benchmark
2023-07-15 01:00:00,17.202295,0.000000,synthetic_cold_temperate_benchmark
2023-07-15 02:00:00,16.999599,0.000000,synthetic_cold_temperate_benchmark
2023-07-15 03:00:00,16.999599,0.000000,synthetic_cold_temperate_benchmark
2023-07-15 04:00:00,17.202295,51.649833,synthetic_cold_temperate_benchmark
2023-07-15 05:00:00,17.593873,205.043429,synthetic_cold_temperate_benchmark
2023-07-15 06:00:00,18.147649,350.216228,synthetic_cold_temperate_benchmark
2023-07-15 07:00:00,18.825883,481.347821,synthetic_cold_temperate_benchmark
2023-07-15 08:00:00,19.582355,593.180755,synthetic_cold_temperate_benchmark
2023-07-15 09:00:00,20.365512,681.231316,synthetic_cold_temperate_benchmark
2023-07-15 10:00:00,21.121984,741.969298,synthetic_cold_temperate_benchmark
2023-07-15 11:00:00,21.800218,772.959534,synthetic_cold_temperate_benchmark
2023-07-15 12:00:00,22.353993,772.959534,synthetic_cold_temperate_benchmark
2023-07-15 13:00:00,22.745572,741.969298,synthetic_cold_temperate_benchmark
2023-07-15 14:00:00,22.948268,681.231316,synthetic_cold_temperate_benchmark
2023-07-15 15:00:00,22.948268,593.180755,synthetic_cold_temperate_benchmark
2023-07-15 16:00:00,22.745572,481.347821,synthetic_cold_temperate_benchmark
2023-07-15 17:00:00,22.353993,350.216228,synthetic_cold_temperate_benchmark
2023-07-15 18:00:00,21.800218,205.043429,synthetic_cold_temperate_benchmark
2023-07-15 19:00:00,21.121984,51.649833,synthetic_cold_temperate_benchmark
2023-07-15 20:00:00,20.365512,0.000000,synthetic_cold_temperate_benchmark
2023-07-15 21:00:00,19.582355,0.000000,synthetic_cold_temperate_benchmark
2023-07-15 22:00:00,18.825883,0.000000,synthetic_cold_temperate_benchmark
2023-07-15 23:00:00,18.147649,0.000000,synthetic_cold_temperate_benchmark
2023-07-16 00:00:00,17.605275,0.000000,synthetic_cold_temperate_benchmark
2023-07-16 01:00:00,17.213696,0.000000,synthetic_cold_temperate_benchmark
2023-07-16 02:00:00,17.011000,0.000000,synthetic_cold_temperate_benchmark
2023-07-16 03:00:00,17.011000,0.000000,synthetic_cold_temperate_benchmark
2023-07-16 04:00:00,17.213696,49.424002,synthetic_cold_temperate_benchmark
2023-07-16 05:00:00,17.605275,202.774720,synthetic_cold_temperate_benchmark
2023-07-16 06:00:00,18.159051,347.966359,synthetic_cold_temperate_benchmark
2023-07-16 07:00:00,18.837285,479.156820,synthetic_cold_temperate_benchmark
2023-07-16 08:00:00,19.593756,591.067372,synthetic_cold_temperate_benchmark
2023-07-16 09:00:00,20.376914,679.195052,synthetic_cold_temperate_benchmark
2023-07-16 10:00:00,21.133385,739.993852,synthetic_cold_temperate_benchmark
2023-07-16 11:00:00,21.811619,771.017402,synthetic_cold_temperate_benchmark
2023-07-16 12:00:00,22.365395,771.017402,synthetic_cold_temperate_benchmark
2023-07-16 13:00:00,22.756974,739.993852,synthetic_cold_temperate_benchmark
2023-07-16 14:00:00,22.959670,679.195052,synthetic_cold_temperate_benchmark
2023-07-16 15:00:00,22.959670,591.067372,synthetic_cold_temperate_benchmark
2023-07-16 16:00:00,22.756974,479.156820,synthetic_cold_temperate_benchmark
2023-07-16 17:00:00,22.365395,347.966359,synthetic_cold_temperate_benchmark
2023-07-16 18:00:00,21.811619,202.774720,synthetic_cold_temperate_benchmark
2023-07-16 19:00:00,21.133385,49.424002,synthetic_cold_temperate_benchmark
2023-07-16 20:00:00,20.376914,0.000000,synthetic_cold_temperate_benchmark
2023-07-16 21:00:00,19.593756,0.000000,synthetic_cold_temperate_benchmark
2023-07-16 22:00:00,18.837285,0.000000,synthetic_cold_temperate_benchmark
2023-07-16 23:00:00,18.159051,0.000000,synthetic_cold_temperate_benchmark
2023-07-17 00:00:00,17.613421,0.000000,synthetic_cold_temperate_benchmark
2023-07-17 01:00:00,17.221843,0.000000,synthetic_cold_temperate_benchmark
2023-07-17 02:00:00,17.019147,0.000000,synthetic_cold_temperate_benchmark
2023-07-17 03:00:00,17.019147,0.000000,synthetic_cold_temperate_benchmark
2023-07-17 04:00:00,17.221843,47.115824,synthetic_cold_temperate_benchmark
2023-07-17 05:00:00,17.613421,200.420719,synthetic_cold_temperate_benchmark
2023-07-17 06:00:00,18.167197,345.631083,synthetic_cold_temperate_benchmark
2023-07-17 07:00:00,18.845431,476.882205,synthetic_cold_temperate_benchmark
2023-07-17 08:00:00,19.601903,588.873155,synthetic_cold_temperate_benchmark
2023-07-17 09:00:00,20.385060,677.080877,synthetic_cold_temperate_benchmark
2023-07-17 10:00:00,21.141532,737.942864,synthetic_cold_temperate_benchmark
2023-07-17 11:00:00,21.819766,769.001042,synthetic_cold_temperate_benchmark
2023-07-17 12:00:00,22.373541,769.001042,synthetic_cold_temperate_benchmark
2023-07-17 13:00:00,22.765120,737.942864,synthetic_cold_temperate_benchmark
2023-07-17 14:00:00,22.967816,677.080877,synthetic_cold_temperate_benchmark
2023-07-17 15:00:00,22.967816,588.873155,synthetic_cold_temperate_benchmark
2023-07-17 16:00:00,22.765120,476.882205,synthetic_cold_temperate_benchmark
2023-07-17 17:00:00,22.373541,345.631083,synthetic_cold_temperate_benchmark
2023-07-17 18:00:00,21.819766,200.420719,synthetic_cold_temperate_benchmark
2023-07-17 19:00:00,21.141532,47.115824,synthetic_cold_temperate_benchmark
2023-07-17 20:00:00,20.385060,0.000000,synthetic_cold_temperate_benchmark
2023-07-17 21:00:00,19.601903,0.000000,synthetic_cold_temperate_benchmark
2023-07-17 22:00:00,18.845431,0.000000,synthetic_cold_temperate_benchmark
2023-07-17 23:00:00,18.167197,0.000000,synthetic_cold_temperate_benchmark
2023-07-18 00:00:00,17.618310,0.000000,synthetic_cold_temperate_benchmark
2023-07-18 01:00:00,17.226732,0.000000,synthetic_cold_temperate_benchmark
2023-07-18 02:00:00,17.024036,0.000000,synthetic_cold_temperate_benchmark
2023-07-18 03:00:00,17.024036,0.000000,synthetic_cold_temperate_benchmark
2023-07-18 04:00:00,17.226732,44.726323,synthetic_cold_temperate_benchmark
2023-07-18 05:00:00,17.618310,197.982304,synthetic_cold_temperate_benchmark
2023-07-18 06:00:00,18.172086,343.211169,synthetic_cold_temperate_benchmark
2023-07-18 07:00:00,18.850320,474.524669,synthetic_cold_temperate_benchmark
2023-07-18 08:00:00,19.606792,586.598749,synthetic_cold_temperate_benchmark
2023-07-18 09:00:00,20.389949,674.889409,synthetic_cold_temperate_benchmark
2023-07-18 10:00:00,21.146421,735.816937,synthetic_cold_temperate_benchmark
2023-07-18 11:00:00,21.824655,766.911050,synthetic_cold_temperate_benchmark
2023-07-18 12:00:00,22.378430,766.911050,synthetic_cold_temperate_benchmark
2023-07-18 13:00:00,22.770009,735.816937,synthetic_cold_temperate_benchmark
2023-07-18 14:00:00,22.972705,674.889409,synthetic_cold_temperate_benchmark
2023-07-18 15:00:00,22.972705,586.598749,synthetic_cold_temperate_benchmark
2023-07-18 16:00:00,22.770009,474.524669,synthetic_cold_temperate_benchmark
2023-07-18 17:00:00,22.378430,343.211169,synthetic_cold_temperate_benchmark
2023-07-18 18:00:00,21.824655,197.982304,synthetic_cold_temperate_benchmark
2023-07-18 19:00:00,21.146421,44.726323,synthetic_cold_temperate_benchmark
2023-07-18 20:00:00,20.389949,0.000000,synthetic_cold_temperate_benchmark
2023-07-18 21:00:00,19.606792,0.000000,synthetic_cold_temperate_benchmark
2023-07-18 22:00:00,18.850320,0.000000,synthetic_cold_temperate_benchmark
2023-07-18 23:00:00,18.172086,0.000000,synthetic_cold_temperate_benchmark
2023-07-19 00:00:00,17.619940,0.000000,synthetic_cold_temperate_benchmark
2023-07-19 01:00:00,17.228361,0.000000,synthetic_cold_temperate_benchmark
2023-07-19 02:00:00,17.025665,0.000000,synthetic_cold_temperate_benchmark
2023-07-19 03:00:00,17.025665,0.000000,synthetic_cold_temperate_benchmark
2023-07-19 04:00:00,17.228361,42.256563,synthetic_cold_temperate_benchmark
2023-07-19 05:00:00,17.619940,195.460390,synthetic_cold_temperate_benchmark
2023-07-19 06:00:00,18.173716,340.707418,synthetic_cold_temperate_benchmark
2023-07-19 07:00:00,18.851950,472.084935,synthetic_cold_temperate_benchmark
2023-07-19 08:00:00,19.608421,584.244826,synthetic_cold_temperate_benchmark
2023-07-19 09:00:00,20.391579,672.621289,synthetic_cold_temperate_benchmark
2023-07-19 10:00:00,21.148050,733.616695,synthetic_cold_temperate_benchmark
2023-07-19 11:00:00,21.826284,764.748046,synthetic_cold_temperate_benchmark
2023-07-19 12:00:00,22.380060,764.748046,synthetic_cold_temperate_benchmark
2023-07-19 13:00:00,22.771639,733.616695,synthetic_cold_temperate_benchmark
2023-07-19 14:00:00,22.974335,672.621289,synthetic_cold_temperate_benchmark
2023-07-19 15:00:00,22.974335,584.244826,synthetic_cold_temperate_benchmark
2023-07-19 16:00:00,22.771639,472.084935,synthetic_cold_temperate_benchmark
2023-07-19 17:00:00,22.380060,340.707418,synthetic_cold_temperate_benchmark
2023-07-19 18:00:00,21.826284,195.460390,synthetic_cold_temperate_benchmark
2023-07-19 19:00:00,21.148050,42.256563,synthetic_cold_temperate_benchmark
2023-07-19 20:00:00,20.391579,0.000000,synthetic_cold_temperate_benchmark
2023-07-19 21:00:00,19.608421,0.000000,synthetic_cold_temperate_benchmark
2023-07-19 22:00:00,18.851950,0.000000,synthetic_cold_temperate_benchmark
2023-07-19 23:00:00,18.173716,0.000000,synthetic_cold_temperate_benchmark
2023-07-20 00:00:00,17.618310,0.000000,synthetic_cold_temperate_benchmark
2023-07-20 01:00:00,17.226732,0.000000,synthetic_cold_temperate_benchmark
2023-07-20 02:00:00,17.024036,0.000000,synthetic_cold_temperate_benchmark
2023-07-20 03:00:00,17.024036,0.000000,synthetic_cold_temperate_benchmark
2023-07-20 04:00:00,17.226732,39.707651,synthetic_cold_temperate_benchmark
2023-07-20 05:00:00,17.618310,192.855924,synthetic_cold_temperate_benchmark
2023-07-20 06:00:00,18.172086,338.120660,synthetic_cold_temperate_benchmark
2023-07-20 07:00:00,18.850320,469.563749,synthetic_cold_temperate_benchmark
2023-07-20 08:00:00,19.606792,581.812079,synthetic_cold_temperate_benchmark
2023-07-20 09:00:00,20.389949,670.277179,synthetic_cold_temperate_benchmark
2023-07-20 10:00:00,21.146421,731.342786,synthetic_cold_temperate_benchmark
2023-07-20 11:00:00,21.824655,762.512668,synthetic_cold_temperate_benchmark
2023-07-20 12:00:00,22.378430,762.512668,synthetic_cold_temperate_benchmark
2023-07-20 13:00:00,22.770009,731.342786,synthetic_cold_temperate_benchmark
2023-07-20 14:00:00,22.972705,670.277179,synthetic_cold_temperate_benchmark
2023-07-20 15:00:00,22.972705,581.812079,synthetic_cold_temperate_benchmark
2023-07-20 16:00:00,22.770009,469.563749,synthetic_cold_temperate_benchmark
2023-07-20 17:00:00,22.378430,338.120660,synthetic_cold_temperate_benchmark
2023-07-20 18:00:00,21.824655,192.855924,synthetic_cold_temperate_benchmark
2023-07-20 19:00:00,21.146421,39.707651,synthetic_cold_temperate_benchmark
2023-07-20 20:00:00,20.389949,0.000000,synthetic_cold_temperate_benchmark
2023-07-20 21:00:00,19.606792,0.000000,synthetic_cold_temperate_benchmark
2023-07-20 22:00:00,18.850320,0.000000,synthetic_cold_temperate_benchmark
2023-07-20 23:00:00,18.172086,0.000000,synthetic_cold_temperate_benchmark
2023-07-21 00:00:00,17.613421,0.000000,synthetic_cold_temperate_benchmark
2023-07-21 01:00:00,17.221843,0.000000,synthetic_cold_temperate_benchmark
2023-07-21 02:00:00,17.019147,0.000000,synthetic_cold_temperate_benchmark
2023-07-21 03:00:00,17.019147,0.000000,synthetic_cold_temperate_benchmark
2023-07-21 04:00:00,17.221843,37.080734,synthetic_cold_temperate_benchmark
2023-07-21 05:00:00,17.613421,190.169890,synthetic_cold_temperate_benchmark
2023-07-21 06:00:00,18.167197,335.451755,synthetic_cold_temperate_benchmark
2023-07-21 07:00:00,18.845431,466.961886,synthetic_cold_temperate_benchmark
2023-07-21 08:00:00,19.601903,579.301227,synthetic_cold_temperate_benchmark
2023-07-21 09:00:00,20.385060,667.857766,synthetic_cold_temperate_benchmark
2023-07-21 10:00:00,21.141532,728.995878,synthetic_cold_temperate_benchmark
2023-07-21 11:00:00,21.819766,760.205580,synthetic_cold_temperate_benchmark
2023-07-21 12:00:00,22.373541,760.205580,synthetic_cold_temperate_benchmark
2023-07-21 13:00:00,22.765120,728.995878,synthetic_cold_temperate_benchmark
2023-07-21 14:00:00,22.967816,667.857766,synthetic_cold_temperate_benchmark
2023-07-21 15:00:00,22.967816,579.301227,synthetic_cold_temperate_benchmark
2023-07-21 16:00:00,22.765120,466.961886,synthetic_cold_temperate_benchmark
2023-07-21 17:00:00,22.373541,335.451755,synthetic_cold_temperate_benchmark
2023-07-21 18:00:00,21.819766,190.169890,synthetic_cold_temperate_benchmark
2023-07-21 19:00:00,21.141532,37.080734,synthetic_cold_temperate_benchmark
2023-07-21 20:00:00,20.385060,0.000000,synthetic_cold_temperate_benchmark
2023-07-21 21:00:00,19.601903,0.000000,synthetic_cold_temperate_benchmark
2023-07-21 22:00:00,18.845431,0.000000,synthetic_cold_temperate_benchmark
2023-07-21 23:00:00,18.167197,0.000000,synthetic_cold_temperate_benchmark
2023-07-22 00:00:00,17.605275,0.000000,synthetic_cold_temperate_benchmark
2023-07-22 01:00:00,17.213696,0.000000,synthetic_cold_temperate_benchmark
2023-07-22 02:00:00,17.011000,0.000000,synthetic_cold_temperate_benchmark
2023-07-22 03:00:00,17.011000,0.000000,synthetic_cold_temperate_benchmark
2023-07-22 04:00:00,17.213696,34.377000,synthetic_cold_temperate_benchmark
2023-07-22 05:00:00,17.605275,187.403304,synthetic_cold_temperate_benchmark
2023-07-22 06:00:00,18.159051,332.701592,synthetic_cold_temperate_benchmark
2023-07-22 07:00:00,18.837285,464.280145,synthetic_cold_temperate_benchmark
2023-07-22 08:00:00,19.593756,576.713012,synthetic_cold_temperate_benchmark
2023-07-22 09:00:00,20.376914,665.363758,synthetic_cold_temperate_benchmark
2023-07-22 10:00:00,21.133385,726.576661,synthetic_cold_temperate_benchmark
2023-07-22 11:00:00,21.811619,757.827463,synthetic_cold_temperate_benchmark
2023-07-22 12:00:00,22.365395,757.827463,synthetic_cold_temperate_benchmark
2023-07-22 13:00:00,22.756974,726.576661,synthetic_cold_temperate_benchmark
2023-07-22 14:00:00,22.959670,665.363758,synthetic_cold_temperate_benchmark
2023-07-22 15:00:00,22.959670,576.713012,synthetic_cold_temperate_benchmark
2023-07-22 16:00:00,22.756974,464.280145,synthetic_cold_temperate_benchmark
2023-07-22 17:00:00,22.365395,332.701592,synthetic_cold_temperate_benchmark
2023-07-22 18:00:00,21.811619,187.403304,synthetic_cold_temperate_benchmark
2023-07-22 19:00:00,21.133385,34.377000,synthetic_cold_temperate_benchmark
2023-07-22 20:00:00,20.376914,0.000000,synthetic_cold_temperate_benchmark
2023-07-22 21:00:00,19.593756,0.000000,synthetic_cold_temperate_benchmark
2023-07-22 22:00:00,18.837285,0.000000,synthetic_cold_temperate_benchmark
2023-07-22 23:00:00,18.159051,0.000000,synthetic_cold_temperate_benchmark
2023-07-23 00:00:00,17.593873,0.000000,synthetic_cold_temperate_benchmark
2023-07-23 01:00:00,17.202295,0.000000,synthetic_cold_temperate_benchmark
2023-07-23 02:00:00,16.999599,0.000000,synthetic_cold_temperate_benchmark
2023-07-23 03:00:00,16.999599,0.000000,synthetic_cold_temperate_benchmark
2023-07-23 04:00:00,17.202295,31.597676,synthetic_cold_temperate_benchmark
2023-07-23 05:00:00,17.593873,184.557220,synthetic_cold_temperate_benchmark
2023-07-23 06:00:00,18.147649,329.871091,synthetic_cold_temperate_benchmark
2023-07-23 07:00:00,18.825883,461.519353,synthetic_cold_temperate_benchmark
2023-07-23 08:00:00,19.582355,574.048200,synthetic_cold_temperate_benchmark
2023-07-23 09:00:00,20.365512,662.795885,synthetic_cold_temperate_benchmark
2023-07-23 10:00:00,21.121984,724.085848,synthetic_cold_temperate_benchmark
2023-07-23 11:00:00,21.800218,755.379023,synthetic_cold_temperate_benchmark
2023-07-23 12:00:00,22.353993,755.379023,synthetic_cold_temperate_benchmark
2023-07-23 13:00:00,22.745572,724.085848,synthetic_cold_temperate_benchmark
2023-07-23 14:00:00,22.948268,662.795885,synthetic_cold_temperate_benchmark
2023-07-23 15:00:00,22.948268,574.048200,synthetic_cold_temperate_benchmark
2023-07-23 16:00:00,22.745572,461.519353,synthetic_cold_temperate_benchmark
2023-07-23 17:00:00,22.353993,329.871091,synthetic_cold_temperate_benchmark
2023-07-23 18:00:00,21.800218,184.557220,synthetic_cold_temperate_benchmark
2023-07-23 19:00:00,21.121984,31.597676,synthetic_cold_temperate_benchmark
2023-07-23 20:00:00,20.365512,0.000000,synthetic_cold_temperate_benchmark
2023-07-23 21:00:00,19.582355,0.000000,synthetic_cold_temperate_benchmark
2023-07-23 22:00:00,18.825883,0.000000,synthetic_cold_temperate_benchmark
2023-07-23 23:00:00,18.147649,0.000000,synthetic_cold_temperate_benchmark
2023-07-24 00:00:00,17.579220,0.000000,synthetic_cold_temperate_benchmark
2023-07-24 01:00:00,17.187641,0.000000,synthetic_cold_temperate_benchmark
2023-07-24 02:00:00,16.984945,0.000000,synthetic_cold_temperate_benchmark
2023-07-24 03:00:00,16.984945,0.000000,synthetic_cold_temperate_benchmark
2023-07-24 04:00:00,17.187641,28.744035,synthetic_cold_temperate_benchmark
2023-07-24 05:00:00,17.579220,181.632725,synthetic_cold_temperate_benchmark
2023-07-24 06:00:00,18.132996,326.961202,synthetic_cold_temperate_benchmark
2023-07-24 07:00:00,18.811230,458.680364,synthetic_cold_temperate_benchmark
2023-07-24 08:00:00,19.567701,571.307581,synthetic_cold_temperate_benchmark
2023-07-24 09:00:00,20.350859,660.154900,synthetic_cold_temperate_benchmark
2023-07-24 10:00:00,21.107330,721.524171,synthetic_cold_temperate_benchmark
2023-07-24 11:00:00,21.785564,752.860983,synthetic_cold_temperate_benchmark
2023-07-24 12:00:00,22.339340,752.860983,synthetic_cold_temperate_benchmark
2023-07-24 13:00:00,22.730919,721.524171,synthetic_cold_temperate_benchmark
2023-07-24 14:00:00,22.933615,660.154900,synthetic_cold_temperate_benchmark
2023-07-24 15:00:00,22.933615,571.307581,synthetic_cold_temperate_benchmark
2023-07-24 16:00:00,22.730919,458.680364,synthetic_cold_temperate_benchmark
2023-07-24 17:00:00,22.339340,326.961202,synthetic_cold_temperate_benchmark
2023-07-24 18:00:00,21.785564,181.632725,synthetic_cold_temperate_benchmark
2023-07-24 19:00:00,21.107330,28.744035,synthetic_cold_temperate_benchmark
2023-07-24 20:00:00,20.350859,0.000000,synthetic_cold_temperate_benchmark
2023-07-24 21:00:00,19.567701,0.000000,synthetic_cold_temperate_benchmark
2023-07-24 22:00:00,18.811230,0.000000,synthetic_cold_temperate_benchmark
2023-07-24 23:00:00,18.132996,0.000000,synthetic_cold_temperate_benchmark
2023-07-25 00:00:00,17.561319,0.000000,synthetic_cold_temperate_benchmark
2023-07-25 01:00:00,17.169740,0.000000,synthetic_cold_temperate_benchmark
2023-07-25 02:00:00,16.967044,0.000000,synthetic_cold_temperate_benchmark
2023-07-25 03:00:00,16.967044,0.000000,synthetic_cold_temperate_benchmark
2023-07-25 04:00:00,17.169740,25.817385,synthetic_cold_temperate_benchmark
2023-07-25 05:00:00,17.561319,178.630942,synthetic_cold_temperate_benchmark
2023-07-25 06:00:00,18.115095,323.972904,synthetic_cold_temperate_benchmark
2023-07-25 07:00:00,18.793329,455.764055,synthetic_cold_temperate_benchmark
2023-07-25 08:00:00,19.549800,568.491969,synthetic_cold_temperate_benchmark
2023-07-25 09:00:00,20.332958,657.441577,synthetic_cold_temperate_benchmark
2023-07-25 10:00:00,21.089429,718.892385,synthetic_cold_temperate_benchmark
2023-07-25 11:00:00,21.767663,750.274089,synthetic_cold_temperate_benchmark
2023-07-25 12:00:00,22.321439,750.274089,synthetic_cold_temperate_benchmark
2023-07-25 13:00:00,22.713018,718.892385,synthetic_cold_temperate_benchmark
2023-07-25 14:00:00,22.915714,657.441577,synthetic_cold_temperate_benchmark
2023-07-25 15:00:00,22.915714,568.491969,synthetic_cold_temperate_benchmark
2023-07-25 16:00:00,22.713018,455.764055,synthetic_cold_temperate_benchmark
2023-07-25 17:00:00,22.321439,323.972904,synthetic_cold_temperate_benchmark
2023-07-25 18:00:00,21.767663,178.630942,synthetic_cold_temperate_benchmark
2023-07-25 19:00:00,21.089429,25.817385,synthetic_cold_temperate_benchmark
2023-07-25 20:00:00,20.332958,0.000000,synthetic_cold_temperate_benchmark
2023-07-25 21:00:00,19.549800,0.000000,synthetic_cold_temperate_benchmark
2023-07-25 22:00:00,18.793329,0.000000,synthetic_cold_temperate_benchmark
2023-07-25 23:00:00,18.115095,0.000000,synthetic_cold_temperate_benchmark
2023-07-26 00:00:00,17.540176,0.000000,synthetic_cold_temperate_benchmark
2023-07-26 01:00:00,17.148597,0.000000,synthetic_cold_temperate_benchmark
2023-07-26 02:00:00,16.945901,0.000000,synthetic_cold_temperate_benchmark
2023-07-26 03:00:00,16.945901,0.000000,synthetic_cold_temperate_benchmark
2023-07-26 04:00:00,17.148597,22.819081,synthetic_cold_temperate_benchmark
2023-07-26 05:00:00,17.540176,175.553026,synthetic_cold_temperate_benchmark
2023-07-26 06:00:00,18.093952,320.907206,synthetic_cold_temperate_benchmark
2023-07-26 07:00:00,18.772186,452.771332,synthetic_cold_temperate_benchmark
2023-07-26 08:00:00,19.528657,565.602201,synthetic_cold_temperate_benchmark
2023-07-26 09:00:00,20.311815,654.656713,synthetic_cold_temperate_benchmark
2023-07-26 10:00:00,21.068286,716.191263,synthetic_cold_temperate_benchmark
2023-07-26 11:00:00,21.746520,747.619108,synthetic_cold_temperate_benchmark
2023-07-26 12:00:00,22.300296,747.619108,synthetic_cold_temperate_benchmark
2023-07-26 13:00:00,22.691875,716.191263,synthetic_cold_temperate_benchmark
2023-07-26 14:00:00,22.894571,654.656713,synthetic_cold_temperate_benchmark
2023-07-26 15:00:00,22.894571,565.602201,synthetic_cold_temperate_benchmark
2023-07-26 16:00:00,22.691875,452.771332,synthetic_cold_temperate_benchmark
2023-07-26 17:00:00,22.300296,320.907206,synthetic_cold_temperate_benchmark
2023-07-26 18:00:00,21.746520,175.553026,synthetic_cold_temperate_benchmark
2023-07-26 19:00:00,21.068286,22.819081,synthetic_cold_temperate_benchmark
2023-07-26 20:00:00,20.311815,0.000000,synthetic_cold_temperate_benchmark
2023-07-26 21:00:00,19.528657,0.000000,synthetic_cold_temperate_benchmark
2023-07-26 22:00:00,18.772186,0.000000,synthetic_cold_temperate_benchmark
2023-07-26 23:00:00,18.093952,0.000000,synthetic_cold_temperate_benchmark
2023-07-27 00:00:00,17.515797,0.000000,synthetic_cold_temperate_benchmark
2023-07-27 01:00:00,17.124218,0.000000,synthetic_cold_temperate_benchmark
2023-07-27 02:00:00,16.921522,0.000000,synthetic_cold_temperate_benchmark
2023-07-27 03:00:00,16.921522,0.000000,synthetic_cold_temperate_benchmark
2023-07-27 04:00:00,17.124218,19.750514,synthetic_cold_temperate_benchmark
2023-07-27 05:00:00,17.515797,172.400170,synthetic_cold_temperate_benchmark
2023-07-27 06:00:00,18.069573,317.765147,synthetic_cold_temperate_benchmark
2023-07-27 07:00:00,18.747807,449.703126,synthetic_cold_temperate_benchmark
2023-07-27 08:00:00,19.504278,562.639136,synthetic_cold_temperate_benchmark
2023-07-27 09:00:00,20.287436,651.801125,synthetic_cold_temperate_benchmark
2023-07-27 10:00:00,21.043907,713.421602,synthetic_cold_temperate_benchmark
2023-07-27 11:00:00,21.722141,744.896825,synthetic_cold_temperate_benchmark
2023-07-27 12:00:00,22.275917,744.896825,synthetic_cold_temperate_benchmark
2023-07-27 13:00:00,22.667496,713.421602,synthetic_cold_temperate_benchmark
2023-07-27 14:00:00,22.870192,651.801125,synthetic_cold_temperate_benchmark
2023-07-27 15:00:00,22.870192,562.639136,synthetic_cold_temperate_benchmark
2023-07-27 16:00:00,22.667496,449.703126,synthetic_cold_temperate_benchmark
2023-07-27 17:00:00,22.275917,317.765147,synthetic_cold_temperate_benchmark
2023-07-27 18:00:00,21.722141,172.400170,synthetic_cold_temperate_benchmark
2023-07-27 19:00:00,21.043907,19.750514,synthetic_cold_temperate_benchmark
2023-07-27 20:00:00,20.287436,0.000000,synthetic_cold_temperate_benchmark
2023-07-27 21:00:00,19.504278,0.000000,synthetic_cold_temperate_benchmark
2023-07-27 22:00:00,18.747807,0.000000,synthetic_cold_temperate_benchmark
2023-07-27 23:00:00,18.069573,0.000000,synthetic_cold_temperate_benchmark
2023-07-28 00:00:00,17.488189,0.000000,synthetic_cold_temperate_benchmark
2023-07-28 01:00:00,17.096611,0.000000,synthetic_cold_temperate_benchmark
2023-07-28 02:00:00,16.893915,0.000000,synthetic_cold_temperate_benchmark
2023-07-28 03:00:00,16.893915,0.000000,synthetic_cold_temperate_benchmark
2023-07-28 04:00:00,17.096611,16.613120,synthetic_cold_temperate_benchmark
2023-07-28 05:00:00,17.488189,169.173601,synthetic_cold_temperate_benchmark
2023-07-28 06:00:00,18.041965,314.547796,synthetic_cold_temperate_benchmark
2023-07-28 07:00:00,18.720199,446.560392,synthetic_cold_temperate_benchmark
2023-07-28 08:00:00,19.476671,559.603657,synthetic_cold_temperate_benchmark
2023-07-28 09:00:00,20.259828,648.875653,synthetic_cold_temperate_benchmark
2023-07-28 10:00:00,21.016300,710.584217,synthetic_cold_temperate_benchmark
2023-07-28 11:00:00,21.694534,742.108046,synthetic_cold_temperate_benchmark
2023-07-28 12:00:00,22.248309,742.108046,synthetic_cold_temperate_benchmark
2023-07-28 13:00:00,22.639888,710.584217,synthetic_cold_temperate_benchmark
2023-07-28 14:00:00,22.842584,648.875653,synthetic_cold_temperate_benchmark
2023-07-28 15:00:00,22.842584,559.603657,synthetic_cold_temperate_benchmark
2023-07-28 16:00:00,22.639888,446.560392,synthetic_cold_temperate_benchmark
2023-07-28 17:00:00,22.248309,314.547796,synthetic_cold_temperate_benchmark
2023-07-28 18:00:00,21.694534,169.173601,synthetic_cold_temperate_benchmark
2023-07-28 19:00:00,21.016300,16.613120,synthetic_cold_temperate_benchmark
2023-07-28 20:00:00,20.259828,0.000000,synthetic_cold_temperate_benchmark
2023-07-28 21:00:00,19.476671,0.000000,synthetic_cold_temperate_benchmark
2023-07-28 22:00:00,18.720199,0.000000,synthetic_cold_temperate_benchmark
2023-07-28 23:00:00,18.041965,0.000000,synthetic_cold_temperate_benchmark
2023-07-29 00:00:00,17.457361,0.000000,synthetic_cold_temperate_benchmark
2023-07-29 01:00:00,17.065783,0.000000,synthetic_cold_temperate_benchmark
2023-07-29 02:00:00,16.863087,0.000000,synthetic_cold_temperate_benchmark
2023-07-29 03:00:00,16.863087,0.000000,synthetic_cold_temperate_benchmark
2023-07-29 04:00:00,17.065783,13.408375,synthetic_cold_temperate_benchmark
2023-07-29 05:00:00,17.457361,165.874579,synthetic_cold_temperate_benchmark
2023-07-29 06:00:00,18.011137,311.256252,synthetic_cold_temperate_benchmark
2023-07-29 07:00:00,18.689371,443.344114,synthetic_cold_temperate_benchmark
2023-07-29 08:00:00,19.445843,556.496671,synthetic_cold_temperate_benchmark
2023-07-29 09:00:00,20.229000,645.881157,synthetic_cold_temperate_benchmark
2023-07-29 10:00:00,20.985471,707.679944,synthetic_cold_temperate_benchmark
2023-07-29 11:00:00,21.663705,739.253596,synthetic_cold_temperate_benchmark
2023-07-29 12:00:00,22.217481,739.253596,synthetic_cold_temperate_benchmark
2023-07-29 13:00:00,22.609060,707.679944,synthetic_cold_temperate_benchmark
2023-07-29 14:00:00,22.811756,645.881157,synthetic_cold_temperate_benchmark
2023-07-29 15:00:00,22.811756,556.496671,synthetic_cold_temperate_benchmark
2023-07-29 16:00:00,22.609060,443.344114,synthetic_cold_temperate_benchmark
2023-07-29 17:00:00,22.217481,311.256252,synthetic_cold_temperate_benchmark
2023-07-29 18:00:00,21.663705,165.874579,synthetic_cold_temperate_benchmark
2023-07-29 19:00:00,20.985471,13.408375,synthetic_cold_temperate_benchmark
2023-07-29 20:00:00,20.229000,0.000000,synthetic_cold_temperate_benchmark
2023-07-29 21:00:00,19.445843,0.000000,synthetic_cold_temperate_benchmark
2023-07-29 22:00:00,18.689371,0.000000,synthetic_cold_temperate_benchmark
2023-07-29 23:00:00,18.011137,0.000000,synthetic_cold_temperate_benchmark
2023-07-30 00:00:00,17.423322,0.000000,synthetic_cold_temperate_benchmark
2023-07-30 01:00:00,17.031743,0.000000,synthetic_cold_temperate_benchmark
2023-07-30 02:00:00,16.829047,0.000000,synthetic_cold_temperate_benchmark
2023-07-30 03:00:00,16.829047,0.000000,synthetic_cold_temperate_benchmark
2023-07-30 04:00:00,17.031743,10.137794,synthetic_cold_temperate_benchmark
2023-07-30 05:00:00,17.423322,162.504403,synthetic_cold_temperate_benchmark
2023-07-30 06:00:00,17.977097,307.891640,synthetic_cold_temperate_benchmark
2023-07-30 07:00:00,18.655331,440.055299,synthetic_cold_temperate_benchmark
2023-07-30 08:00:00,19.411803,553.319107,synthetic_cold_temperate_benchmark
2023-07-30 09:00:00,20.194960,642.818518,synthetic_cold_temperate_benchmark
2023-07-30 10:00:00,20.951432,704.709640,synthetic_cold_temperate_benchmark
2023-07-30 11:00:00,21.629666,736.334322,synthetic_cold_temperate_benchmark
2023-07-30 12:00:00,22.183442,736.334322,synthetic_cold_temperate_benchmark
2023-07-30 13:00:00,22.575020,704.709640,synthetic_cold_temperate_benchmark
2023-07-30 14:00:00,22.777716,642.818518,synthetic_cold_temperate_benchmark
2023-07-30 15:00:00,22.777716,553.319107,synthetic_cold_temperate_benchmark
2023-07-30 16:00:00,22.575020,440.055299,synthetic_cold_temperate_benchmark
2023-07-30 17:00:00,22.183442,307.891640,synthetic_cold_temperate_benchmark
2023-07-30 18:00:00,21.629666,162.504403,synthetic_cold_temperate_benchmark
2023-07-30 19:00:00,20.951432,10.137794,synthetic_cold_temperate_benchmark
2023-07-30 20:00:00,20.194960,0.000000,synthetic_cold_temperate_benchmark
2023-07-30 21:00:00,19.411803,0.000000,synthetic_cold_temperate_benchmark
2023-07-30 22:00:00,18.655331,0.000000,synthetic_cold_temperate_benchmark
2023-07-30 23:00:00,17.977097,0.000000,synthetic_cold_temperate_benchmark
2023-07-31 00:00:00,17.386081,0.000000,synthetic_cold_temperate_benchmark
2023-07-31 01:00:00,16.994502,0.000000,synthetic_cold_temperate_benchmark
2023-07-31 02:00:00,16.791806,0.000000,synthetic_cold_temperate_benchmark
2023-07-31 03:00:00,16.791806,0.000000,synthetic_cold_temperate_benchmark
2023-07-31 04:00:00,16.994502,6.802936,synthetic_cold_temperate_benchmark
2023-07-31 05:00:00,17.386081,159.064401,synthetic_cold_temperate_benchmark
2023-07-31 06:00:00,17.939857,304.455120,synthetic_cold_temperate_benchmark
2023-07-31 07:00:00,18.618091,436.694981,synthetic_cold_temperate_benchmark
2023-07-31 08:00:00,19.374562,550.071916,synthetic_cold_temperate_benchmark
2023-07-31 09:00:00,20.157719,639.688639,synthetic_cold_temperate_benchmark
2023-07-31 10:00:00,20.914191,701.674179,synthetic_cold_temperate_benchmark
2023-07-31 11:00:00,21.592425,733.351087,synthetic_cold_temperate_benchmark
2023-07-31 12:00:00,22.146201,733.351087,synthetic_cold_temperate_benchmark
2023-07-31 13:00:00,22.537779,701.674179,synthetic_cold_temperate_benchmark
2023-07-31 14:00:00,22.740475,639.688639,synthetic_cold_temperate_benchmark
2023-07-31 15:00:00,22.740475,550.071916,synthetic_cold_temperate_benchmark
2023-07-31 16:00:00,22.537779,436.694981,synthetic_cold_temperate_benchmark
2023-07-31 17:00:00,22.146201,304.455120,synthetic_cold_temperate_benchmark
2023-07-31 18:00:00,21.592425,159.064401,synthetic_cold_temperate_benchmark
2023-07-31 19:00:00,20.914191,6.802936,synthetic_cold_temperate_benchmark
2023-07-31 20:00:00,20.157719,0.000000,synthetic_cold_temperate_benchmark
2023-07-31 21:00:00,19.374562,0.000000,synthetic_cold_temperate_benchmark
2023-07-31 22:00:00,18.618091,0.000000,synthetic_cold_temperate_benchmark
2023-07-31 23:00:00,17.939857,0.000000,synthetic_cold_temperate_benchmark
2023-08-01 00:00:00,17.345650,0.000000,synthetic_cold_temperate_benchmark
2023-08-01 01:00:00,16.954071,0.000000,synthetic_cold_temperate_benchmark
2023-08-01 02:00:00,16.751375,0.000000,synthetic_cold_temperate_benchmark
2023-08-01 03:00:00,16.751375,0.000000,synthetic_cold_temperate_benchmark
2023-08-01 04:00:00,16.954071,3.405401,synthetic_cold_temperate_benchmark
2023-08-01 05:00:00,17.345650,155.555940,synthetic_cold_temperate_benchmark
2023-08-01 06:00:00,17.899426,300.947878,synthetic_cold_temperate_benchmark
2023-08-01 07:00:00,18.577660,433.264218,synthetic_cold_temperate_benchmark
2023-08-01 08:00:00,19.334131,546.756072,synthetic_cold_temperate_benchmark
2023-08-01 09:00:00,20.117288,636.492442,synthetic_cold_temperate_benchmark
2023-08-01 10:00:00,20.873760,698.574457,synthetic_cold_temperate_benchmark
2023-08-01 11:00:00,21.551994,730.304775,synthetic_cold_temperate_benchmark
2023-08-01 12:00:00,22.105770,730.304775,synthetic_cold_temperate_benchmark
2023-08-01 13:00:00,22.497348,698.574457,synthetic_cold_temperate_benchmark
2023-08-01 14:00:00,22.700044,636.492442,synthetic_cold_temperate_benchmark
2023-08-01 15:00:00,22.700044,546.756072,synthetic_cold_temperate_benchmark
2023-08-01 16:00:00,22.497348,433.264218,synthetic_cold_temperate_benchmark
2023-08-01 17:00:00,22.105770,300.947878,synthetic_cold_temperate_benchmark
2023-08-01 18:00:00,21.551994,155.555940,synthetic_cold_temperate_benchmark
2023-08-01 19:00:00,20.873760,3.405401,synthetic_cold_temperate_benchmark
2023-08-01 20:00:00,20.117288,0.000000,synthetic_cold_temperate_benchmark
2023-08-01 21:00:00,19.334131,0.000000,synthetic_cold_temperate_benchmark
2023-08-01 22:00:00,18.577660,0.000000,synthetic_cold_temperate_benchmark
2023-08-01 23:00:00,17.899426,0.000000,synthetic_cold_temperate_benchmark
2023-08-02 00:00:00,17.302041,0.000000,synthetic_cold_temperate_benchmark
2023-08-02 01:00:00,16.910462,0.000000,synthetic_cold_temperate_benchmark
2023-08-02 02:00:00,16.707766,0.000000,synthetic_cold_temperate_benchmark
2023-08-02 03:00:00,16.707766,0.000000,synthetic_cold_temperate_benchmark
2023-08-02 04:00:00,16.910462,0.000000,synthetic_cold_temperate_benchmark
2023-08-02 05:00:00,17.302041,151.980422,synthetic_cold_temperate_benchmark
2023-08-02 06:00:00,17.855816,297.371130,synthetic_cold_temperate_benchmark
2023-08-02 07:00:00,18.534050,429.764094,synthetic_cold_temperate_benchmark
2023-08-02 08:00:00,19.290522,543.372572,synthetic_cold_temperate_benchmark
2023-08-02 09:00:00,20.073679,633.230870,synthetic_cold_temperate_benchmark
2023-08-02 10:00:00,20.830151,695.411388,synthetic_cold_temperate_benchmark
2023-08-02 11:00:00,21.508385,727.196287,synthetic_cold_temperate_benchmark
2023-08-02 12:00:00,22.062161,727.196287,synthetic_cold_temperate_benchmark
2023-08-02 13:00:00,22.453739,695.411388,synthetic_cold_temperate_benchmark
2023-08-02 14:00:00,22.656435,633.230870,synthetic_cold_temperate_benchmark
2023-08-02 15:00:00,22.656435,543.372572,synthetic_cold_temperate_benchmark
2023-08-02 16:00:00,22.453739,429.764094,synthetic_cold_temperate_benchmark
2023-08-02 17:00:00,22.062161,297.371130,synthetic_cold_temperate_benchmark
2023-08-02 18:00:00,21.508385,151.980422,synthetic_cold_temperate_benchmark
2023-08-02 19:00:00,20.830151,0.000000,synthetic_cold_temperate_benchmark
2023-08-02 20:00:00,20.073679,0.000000,synthetic_cold_temperate_benchmark
2023-08-02 21:00:00,19.290522,0.000000,synthetic_cold_temperate_benchmark
2023-08-02 22:00:00,18.534050,0.000000,synthetic_cold_temperate_benchmark
2023-08-02 23:00:00,17.855816,0.000000,synthetic_cold_temperate_benchmark
2023-08-03 00:00:00,17.255266,0.000000,synthetic_cold_temperate_benchmark
2023-08-03 01:00:00,16.863687,0.000000,synthetic_cold_temperate_benchmark
2023-08-03 02:00:00,16.660991,0.000000,synthetic_cold_temperate_benchmark
2023-08-03 03:00:00,16.660991,0.000000,synthetic_cold_temperate_benchmark
2023-08-03 04:00:00,16.863687,0.000000,synthetic_cold_temperate_benchmark
2023-08-03 05:00:00,17.255266,148.339279,synthetic_cold_temperate_benchmark
2023-08-03 06:00:00,17.809042,293.726121,synthetic_cold_temperate_benchmark
2023-08-03 07:00:00,18.487276,426.195718,synthetic_cold_temperate_benchmark
2023-08-03 08:00:00,19.243747,539.922434,synthetic_cold_temperate_benchmark
2023-08-03 09:00:00,20.026905,629.904887,synthetic_cold_temperate_benchmark
2023-08-03 10:00:00,20.783376,692.185905,synthetic_cold_temperate_benchmark
2023-08-03 11:00:00,21.461610,724.026545,synthetic_cold_temperate_benchmark
2023-08-03 12:00:00,22.015386,724.026545,synthetic_cold_temperate_benchmark
2023-08-03 13:00:00,22.406965,692.185905,synthetic_cold_temperate_benchmark
2023-08-03 14:00:00,22.609661,629.904887,synthetic_cold_temperate_benchmark
2023-08-03 15:00:00,22.609661,539.922434,synthetic_cold_temperate_benchmark
2023-08-03 16:00:00,22.406965,426.195718,synthetic_cold_temperate_benchmark
2023-08-03 17:00:00,22.015386,293.726121,synthetic_cold_temperate_benchmark
2023-08-03 18:00:00,21.461610,148.339279,synthetic_cold_temperate_benchmark
2023-08-03 19:00:00,20.783376,0.000000,synthetic_cold_temperate_benchmark
2023-08-03 20:00:00,20.026905,0.000000,synthetic_cold_temperate_benchmark
2023-08-03 21:00:00,19.243747,0.000000,synthetic_cold_temperate_benchmark
2023-08-03 22:00:00,18.487276,0.000000,synthetic_cold_temperate_benchmark
2023-08-03 23:00:00,17.809042,0.000000,synthetic_cold_temperate_benchmark
2023-08-04 00:00:00,17.205340,0.000000,synthetic_cold_temperate_benchmark
2023-08-04 01:00:00,16.813761,0.000000,synthetic_cold_temperate_benchmark
2023-08-04 02:00:00,16.611065,0.000000,synthetic_cold_temperate_benchmark
2023-08-04 03:00:00,16.611065,0.000000,synthetic_cold_temperate_benchmark
2023-08-04 04:00:00,16.813761,0.000000,synthetic_cold_temperate_benchmark
2023-08-04 05:00:00,17.205340,144.633983,synthetic_cold_temperate_benchmark
2023-08-04 06:00:00,17.759116,290.014126,synthetic_cold_temperate_benchmark
2023-08-04 07:00:00,18.437350,422.560226,synthetic_cold_temperate_benchmark
2023-08-04 08:00:00,19.193821,536.406698,synthetic_cold_temperate_benchmark
2023-08-04 09:00:00,19.976978,626.515476,synthetic_cold_temperate_benchmark
2023-08-04 10:00:00,20.733450,688.898961,synthetic_cold_temperate_benchmark
2023-08-04 11:00:00,21.411684,720.796487,synthetic_cold_temperate_benchmark
2023-08-04 12:00:00,21.965460,720.796487,synthetic_cold_temperate_benchmark
2023-08-04 13:00:00,22.357038,688.898961,synthetic_cold_temperate_benchmark
2023-08-04 14:00:00,22.559734,626.515476,synthetic_cold_temperate_benchmark
2023-08-04 15:00:00,22.559734,536.406698,synthetic_cold_temperate_benchmark
2023-08-04 16:00:00,22.357038,422.560226,synthetic_cold_temperate_benchmark
2023-08-04 17:00:00,21.965460,290.014126,synthetic_cold_temperate_benchmark
2023-08-04 18:00:00,21.411684,144.633983,synthetic_cold_temperate_benchmark
2023-08-04 19:00:00,20.733450,0.000000,synthetic_cold_temperate_benchmark
2023-08-04 20:00:00,19.976978,0.000000,synthetic_cold_temperate_benchmark
2023-08-04 21:00:00,19.193821,0.000000,synthetic_cold_temperate_benchmark
2023-08-04 22:00:00,18.437350,0.000000,synthetic_cold_temperate_benchmark
2023-08-04 23:00:00,17.759116,0.000000,synthetic_cold_temperate_benchmark
2023-08-05 00:00:00,17.152277,0.000000,synthetic_cold_temperate_benchmark
2023-08-05 01:00:00,16.760698,0.000000,synthetic_cold_temperate_benchmark
2023-08-05 02:00:00,16.558002,0.000000,synthetic_cold_temperate_benchmark
2023-08-05 03:00:00,16.558002,0.000000,synthetic_cold_temperate_benchmark
2023-08-05 04:00:00,16.760698,0.000000,synthetic_cold_temperate_benchmark
2023-08-05 05:00:00,17.152277,140.866038,synthetic_cold_temperate_benchmark
2023-08-05 06:00:00,17.706053,286.236449,synthetic_cold_temperate_benchmark
2023-08-05 07:00:00,18.384287,418.858774,synthetic_cold_temperate_benchmark
2023-08-05 08:00:00,19.140758,532.826426,synthetic_cold_temperate_benchmark
2023-08-05 09:00:00,19.923916,623.063639,synthetic_cold_temperate_benchmark
2023-08-05 10:00:00,20.680387,685.551526,synthetic_cold_temperate_benchmark
2023-08-05 11:00:00,21.358621,717.507069,synthetic_cold_temperate_benchmark
2023-08-05 12:00:00,21.912397,717.507069,synthetic_cold_temperate_benchmark
2023-08-05 13:00:00,22.303976,685.551526,synthetic_cold_temperate_benchmark
2023-08-05 14:00:00,22.506672,623.063639,synthetic_cold_temperate_benchmark
2023-08-05 15:00:00,22.506672,532.826426,synthetic_cold_temperate_benchmark
2023-08-05 16:00:00,22.303976,418.858774,synthetic_cold_temperate_benchmark
2023-08-05 17:00:00,21.912397,286.236449,synthetic_cold_temperate_benchmark
2023-08-05 18:00:00,21.358621,140.866038,synthetic_cold_temperate_benchmark
2023-08-05 19:00:00,20.680387,0.000000,synthetic_cold_temperate_benchmark
2023-08-05 20:00:00,19.923916,0.000000,synthetic_cold_temperate_benchmark
2023-08-05 21:00:00,19.140758,0.000000,synthetic_cold_temperate_benchmark
2023-08-05 22:00:00,18.384287,0.000000,synthetic_cold_temperate_benchmark
2023-08-05 23:00:00,17.706053,0.000000,synthetic_cold_temperate_benchmark
2023-08-06 00:00:00,17.096093,0.000000,synthetic_cold_temperate_benchmark
2023-08-06 01:00:00,16.704515,0.000000,synthetic_cold_temperate_benchmark
2023-08-06 02:00:00,16.501819,0.000000,synthetic_cold_temperate_benchmark
2023-08-06 03:00:00,16.501819,0.000000,synthetic_cold_temperate_benchmark
2023-08-06 04:00:00,16.704515,0.000000,synthetic_cold_temperate_benchmark
2023-08-06 05:00:00,17.096093,137.036982,synthetic_cold_temperate_benchmark
2023-08-06 06:00:00,17.649869,282.394422,synthetic_cold_temperate_benchmark
2023-08-06 07:00:00,18.328103,415.092548,synthetic_cold_temperate_benchmark
2023-08-06 08:00:00,19.084575,529.182703,synthetic_cold_temperate_benchmark
2023-08-06 09:00:00,19.867732,619.550399,synthetic_cold_temperate_benchmark
2023-08-06 10:00:00,20.624204,682.144587,synthetic_cold_temperate_benchmark
2023-08-06 11:00:00,21.302438,714.159266,synthetic_cold_temperate_benchmark
2023-08-06 12:00:00,21.856213,714.159266,synthetic_cold_temperate_benchmark
2023-08-06 13:00:00,22.247792,682.144587,synthetic_cold_temperate_benchmark
2023-08-06 14:00:00,22.450488,619.550399,synthetic_cold_temperate_benchmark
2023-08-06 15:00:00,22.450488,529.182703,synthetic_cold_temperate_benchmark
2023-08-06 16:00:00,22.247792,415.092548,synthetic_cold_temperate_benchmark
2023-08-06 17:00:00,21.856213,282.394422,synthetic_cold_temperate_benchmark
2023-08-06 18:00:00,21.302438,137.036982,synthetic_cold_temperate_benchmark
2023-08-06 19:00:00,20.624204,0.000000,synthetic_cold_temperate_benchmark
2023-08-06 20:00:00,19.867732,0.000000,synthetic_cold_temperate_benchmark
2023-08-06 21:00:00,19.084575,0.000000,synthetic_cold_temperate_benchmark
2023-08-06 22:00:00,18.328103,0.000000,synthetic_cold_temperate_benchmark
2023-08-06 23:00:00,17.649869,0.000000,synthetic_cold_temperate_benchmark
2023-08-07 00:00:00,17.036805,0.000000,synthetic_cold_temperate_benchmark
2023-08-07 01:00:00,16.645227,0.000000,synthetic_cold_temperate_benchmark
2023-08-07 02:00:00,16.442531,0.000000,synthetic_cold_temperate_benchmark
2023-08-07 03:00:00,16.442531,0.000000,synthetic_cold_temperate_benchmark
2023-08-07 04:00:00,16.645227,0.000000,synthetic_cold_temperate_benchmark
2023-08-07 05:00:00,17.036805,133.148388,synthetic_cold_temperate_benchmark
2023-08-07 06:00:00,17.590581,278.489408,synthetic_cold_temperate_benchmark
2023-08-07 07:00:00,18.268815,411.262756,synthetic_cold_temperate_benchmark
2023-08-07 08:00:00,19.025287,525.476634,synthetic_cold_temperate_benchmark
2023-08-07 09:00:00,19.808444,615.976797,synthetic_cold_temperate_benchmark
2023-08-07 10:00:00,20.564916,678.679153,synthetic_cold_temperate_benchmark
2023-08-07 11:00:00,21.243150,710.754070,synthetic_cold_temperate_benchmark
2023-08-07 12:00:00,21.796925,710.754070,synthetic_cold_temperate_benchmark
2023-08-07 13:00:00,22.188504,678.679153,synthetic_cold_temperate_benchmark
2023-08-07 14:00:00,22.391200,615.976797,synthetic_cold_temperate_benchmark
2023-08-07 15:00:00,22.391200,525.476634,synthetic_cold_temperate_benchmark
2023-08-07 16:00:00,22.188504,411.262756,synthetic_cold_temperate_benchmark
2023-08-07 17:00:00,21.796925,278.489408,synthetic_cold_temperate_benchmark
2023-08-07 18:00:00,21.243150,133.148388,synthetic_cold_temperate_benchmark
2023-08-07 19:00:00,20.564916,0.000000,synthetic_cold_temperate_benchmark
2023-08-07 20:00:00,19.808444,0.000000,synthetic_cold_temperate_benchmark
2023-08-07 21:00:00,19.025287,0.000000,synthetic_cold_temperate_benchmark
2023-08-07 22:00:00,18.268815,0.000000,synthetic_cold_temperate_benchmark
2023-08-07 23:00:00,17.590581,0.000000,synthetic_cold_temperate_benchmark
2023-08-08 00:00:00,16.974430,0.000000,synthetic_cold_temperate_benchmark
2023-08-08 01:00:00,16.582852,0.000000,synthetic_cold_temperate_benchmark
2023-08-08 02:00:00,16.380156,0.000000,synthetic_cold_temperate_benchmark
2023-08-08 03:00:00,16.380156,0.000000,synthetic_cold_temperate_benchmark
2023-08-08 04:00:00,16.582852,0.000000,synthetic_cold_temperate_benchmark
2023-08-08 05:00:00,16.974430,129.201863,synthetic_cold_temperate_benchmark
2023-08-08 06:00:00,17.528206,274.522797,synthetic_cold_temperate_benchmark
2023-08-08 07:00:00,18.206440,407.370630,synthetic_cold_temperate_benchmark
2023-08-08 08:00:00,18.962912,521.709344,synthetic_cold_temperate_benchmark
2023-08-08 09:00:00,19.746069,612.343894,synthetic_cold_temperate_benchmark
2023-08-08 10:00:00,20.502541,675.156247,synthetic_cold_temperate_benchmark
2023-08-08 11:00:00,21.180775,707.292488,synthetic_cold_temperate_benchmark
2023-08-08 12:00:00,21.734551,707.292488,synthetic_cold_temperate_benchmark
2023-08-08 13:00:00,22.126129,675.156247,synthetic_cold_temperate_benchmark
2023-08-08 14:00:00,22.328825,612.343894,synthetic_cold_temperate_benchmark
2023-08-08 15:00:00,22.328825,521.709344,synthetic_cold_temperate_benchmark
2023-08-08 16:00:00,22.126129,407.370630,synthetic_cold_temperate_benchmark
2023-08-08 17:00:00,21.734551,274.522797,synthetic_cold_temperate_benchmark
2023-08-08 18:00:00,21.180775,129.201863,synthetic_cold_temperate_benchmark
2023-08-08 19:00:00,20.502541,0.000000,synthetic_cold_temperate_benchmark
2023-08-08 20:00:00,19.746069,0.000000,synthetic_cold_temperate_benchmark
2023-08-08 21:00:00,18.962912,0.000000,synthetic_cold_temperate_benchmark
2023-08-08 22:00:00,18.206440,0.000000,synthetic_cold_temperate_benchmark
2023-08-08 23:00:00,17.528206,0.000000,synthetic_cold_temperate_benchmark
2023-08-09 00:00:00,16.908987,0.000000,synthetic_cold_temperate_benchmark
2023-08-09 01:00:00,16.517409,0.000000,synthetic_cold_temperate_benchmark
2023-08-09 02:00:00,16.314713,0.000000,synthetic_cold_temperate_benchmark
2023-08-09 03:00:00,16.314713,0.000000,synthetic_cold_temperate_benchmark
2023-08-09 04:00:00,16.517409,0.000000,synthetic_cold_temperate_benchmark
2023-08-09 05:00:00,16.908987,125.199049,synthetic_cold_temperate_benchmark
2023-08-09 06:00:00,17.462763,270.496008,synthetic_cold_temperate_benchmark
2023-08-09 07:00:00,18.140997,403.417428,synthetic_cold_temperate_benchmark
2023-08-09 08:00:00,18.897469,517.881981,synthetic_cold_temperate_benchmark
2023-08-09 09:00:00,19.680626,608.652769,synthetic_cold_temperate_benchmark
2023-08-09 10:00:00,20.437098,671.576911,synthetic_cold_temperate_benchmark
2023-08-09 11:00:00,21.115332,703.775546,synthetic_cold_temperate_benchmark
2023-08-09 12:00:00,21.669107,703.775546,synthetic_cold_temperate_benchmark
2023-08-09 13:00:00,22.060686,671.576911,synthetic_cold_temperate_benchmark
2023-08-09 14:00:00,22.263382,608.652769,synthetic_cold_temperate_benchmark
2023-08-09 15:00:00,22.263382,517.881981,synthetic_cold_temperate_benchmark
2023-08-09 16:00:00,22.060686,403.417428,synthetic_cold_temperate_benchmark
2023-08-09 17:00:00,21.669107,270.496008,synthetic_cold_temperate_benchmark
2023-08-09 18:00:00,21.115332,125.199049,synthetic_cold_temperate_benchmark
2023-08-09 19:00:00,20.437098,0.000000,synthetic_cold_temperate_benchmark
2023-08-09 20:00:00,19.680626,0.000000,synthetic_cold_temperate_benchmark
2023-08-09 21:00:00,18.897469,0.000000,synthetic_cold_temperate_benchmark
2023-08-09 22:00:00,18.140997,0.000000,synthetic_cold_temperate_benchmark
2023-08-09 23:00:00,17.462763,0.000000,synthetic_cold_temperate_benchmark
2023-08-10 00:00:00,16.840496,0.000000,synthetic_cold_temperate_benchmark
2023-08-10 01:00:00,16.448917,0.000000,synthetic_cold_temperate_benchmark
2023-08-10 02:00:00,16.246221,0.000000,synthetic_cold_temperate_benchmark
2023-08-10 03:00:00,16.246221,0.000000,synthetic_cold_temperate_benchmark
2023-08-10 04:00:00,16.448917,0.000000,synthetic_cold_temperate_benchmark
2023-08-10 05:00:00,16.840496,121.141621,synthetic_cold_temperate_benchmark
2023-08-10 06:00:00,17.394271,266.410489,synthetic_cold_temperate_benchmark
2023-08-10 07:00:00,18.072505,399.404430,synthetic_cold_temperate_benchmark
2023-08-10 08:00:00,18.828977,513.995714,synthetic_cold_temperate_benchmark
2023-08-10 09:00:00,19.612134,604.904520,synthetic_cold_temperate_benchmark
2023-08-10 10:00:00,20.368606,667.942203,synthetic_cold_temperate_benchmark
2023-08-10 11:00:00,21.046840,700.204286,synthetic_cold_temperate_benchmark
2023-08-10 12:00:00,21.600616,700.204286,synthetic_cold_temperate_benchmark
2023-08-10 13:00:00,21.992194,667.942203,synthetic_cold_temperate_benchmark
2023-08-10 14:00:00,22.194890,604.904520,synthetic_cold_temperate_benchmark
2023-08-10 15:00:00,22.194890,513.995714,synthetic_cold_temperate_benchmark
2023-08-10 16:00:00,21.992194,399.404430,synthetic_cold_temperate_benchmark
2023-08-10 17:00:00,21.600616,266.410489,synthetic_cold_temperate_benchmark
2023-08-10 18:00:00,21.046840,121.141621,synthetic_cold_temperate_benchmark
2023-08-10 19:00:00,20.368606,0.000000,synthetic_cold_temperate_benchmark
2023-08-10 20:00:00,19.612134,0.000000,synthetic_cold_temperate_benchmark
2023-08-10 21:00:00,18.828977,0.000000,synthetic_cold_temperate_benchmark
2023-08-10 22:00:00,18.072505,0.000000,synthetic_cold_temperate_benchmark
2023-08-10 23:00:00,17.394271,0.000000,synthetic_cold_temperate_benchmark
2023-08-11 00:00:00,16.768975,0.000000,synthetic_cold_temperate_benchmark
2023-08-11 01:00:00,16.377396,0.000000,synthetic_cold_temperate_benchmark
2023-08-11 02:00:00,16.174700,0.000000,synthetic_cold_temperate_benchmark
2023-08-11 03:00:00,16.174700,0.000000,synthetic_cold_temperate_benchmark
2023-08-11 04:00:00,16.377396,0.000000,synthetic_cold_temperate_benchmark
2023-08-11 05:00:00,16.768975,117.031287,synthetic_cold_temperate_benchmark
2023-08-11 06:00:00,17.322751,262.267717,synthetic_cold_temperate_benchmark
2023-08-11 07:00:00,18.000985,395.332942,synthetic_cold_temperate_benchmark
2023-08-11 08:00:00,18.757456,510.051730,synthetic_cold_temperate_benchmark
2023-08-11 09:00:00,19.540614,601.100263,synthetic_cold_temperate_benchmark
2023-08-11 10:00:00,20.297085,664.253199,synthetic_cold_temperate_benchmark
2023-08-11 11:00:00,20.975319,696.579766,synthetic_cold_temperate_benchmark
2023-08-11 12:00:00,21.529095,696.579766,synthetic_cold_temperate_benchmark
2023-08-11 13:00:00,21.920674,664.253199,synthetic_cold_temperate_benchmark
2023-08-11 14:00:00,22.123370,601.100263,synthetic_cold_temperate_benchmark
2023-08-11 15:00:00,22.123370,510.051730,synthetic_cold_temperate_benchmark
2023-08-11 16:00:00,21.920674,395.332942,synthetic_cold_temperate_benchmark
2023-08-11 17:00:00,21.529095,262.267717,synthetic_cold_temperate_benchmark
2023-08-11 18:00:00,20.975319,117.031287,synthetic_cold_temperate_benchmark
2023-08-11 19:00:00,20.297085,0.000000,synthetic_cold_temperate_benchmark
2023-08-11 20:00:00,19.540614,0.000000,synthetic_cold_temperate_benchmark
2023-08-11 21:00:00,18.757456,0.000000,synthetic_cold_temperate_benchmark
2023-08-11 22:00:00,18.000985,0.000000,synthetic_cold_temperate_benchmark
2023-08-11 23:00:00,17.322751,0.000000,synthetic_cold_temperate_benchmark
2023-08-12 00:00:00,16.694447,0.000000,synthetic_cold_temperate_benchmark
2023-08-12 01:00:00,16.302869,0.000000,synthetic_cold_temperate_benchmark
2023-08-12 02:00:00,16.100173,0.000000,synthetic_cold_temperate_benchmark
2023-08-12 03:00:00,16.100173,0.000000,synthetic_cold_temperate_benchmark
2023-08-12 04:00:00,16.302869,0.000000,synthetic_cold_temperate_benchmark
2023-08-12 05:00:00,16.694447,112.869791,synthetic_cold_temperate_benchmark
2023-08-12 06:00:00,17.248223,258.069195,synthetic_cold_temperate_benchmark
2023-08-12 07:00:00,17.926457,391.204293,synthetic_cold_temperate_benchmark
2023-08-12 08:00:00,18.682929,506.051240,synthetic_cold_temperate_benchmark
2023-08-12 09:00:00,19.466086,597.241131,synthetic_cold_temperate_benchmark
2023-08-12 10:00:00,20.222557,660.510991,synthetic_cold_temperate_benchmark
2023-08-12 11:00:00,20.900791,692.903059,synthetic_cold_temperate_benchmark
2023-08-12 12:00:00,21.454567,692.903059,synthetic_cold_temperate_benchmark
2023-08-12 13:00:00,21.846146,660.510991,synthetic_cold_temperate_benchmark
2023-08-12 14:00:00,22.048842,597.241131,synthetic_cold_temperate_benchmark
2023-08-12 15:00:00,22.048842,506.051240,synthetic_cold_temperate_benchmark
2023-08-12 16:00:00,21.846146,391.204293,synthetic_cold_temperate_benchmark
2023-08-12 17:00:00,21.454567,258.069195,synthetic_cold_temperate_benchmark
2023-08-12 18:00:00,20.900791,112.869791,synthetic_cold_temperate_benchmark
2023-08-12 19:00:00,20.222557,0.000000,synthetic_cold_temperate_benchmark
2023-08-12 20:00:00,19.466086,0.000000,synthetic_cold_temperate_benchmark
2023-08-12 21:00:00,18.682929,0.000000,synthetic_cold_temperate_benchmark
2023-08-12 22:00:00,17.926457,0.000000,synthetic_cold_temperate_benchmark
2023-08-12 23:00:00,17.248223,0.000000,synthetic_cold_temperate_benchmark
2023-08-13 00:00:00,16.616934,0.000000,synthetic_cold_temperate_benchmark
2023-08-13 01:00:00,16.225355,0.000000,synthetic_cold_temperate_benchmark
2023-08-13 02:00:00,16.022659,0.000000,synthetic_cold_temperate_benchmark
2023-08-13 03:00:00,16.022659,0.000000,synthetic_cold_temperate_benchmark
2023-08-13 04:00:00,16.225355,0.000000,synthetic_cold_temperate_benchmark
2023-08-13 05:00:00,16.616934,108.658908,synthetic_cold_temperate_benchmark
2023-08-13 06:00:00,17.170710,253.816457,synthetic_cold_temperate_benchmark
2023-08-13 07:00:00,17.848944,387.019836,synthetic_cold_temperate_benchmark
2023-08-13 08:00:00,18.605415,501.995472,synthetic_cold_temperate_benchmark
2023-08-13 09:00:00,19.388573,593.328277,synthetic_cold_temperate_benchmark
2023-08-13 10:00:00,20.145044,656.716688,synthetic_cold_temperate_benchmark
2023-08-13 11:00:00,20.823278,689.175255,synthetic_cold_temperate_benchmark
2023-08-13 12:00:00,21.377054,689.175255,synthetic_cold_temperate_benchmark
2023-08-13 13:00:00,21.768633,656.716688,synthetic_cold_temperate_benchmark
2023-08-13 14:00:00,21.971329,593.328277,synthetic_cold_temperate_benchmark
2023-08-13 15:00:00,21.971329,501.995472,synthetic_cold_temperate_benchmark
2023-08-13 16:00:00,21.768633,387.019836,synthetic_cold_temperate_benchmark
2023-08-13 17:00:00,21.377054,253.816457,synthetic_cold_temperate_benchmark
2023-08-13 18:00:00,20.823278,108.658908,synthetic_cold_temperate_benchmark
2023-08-13 19:00:00,20.145044,0.000000,synthetic_cold_temperate_benchmark
2023-08-13 20:00:00,19.388573,0.000000,synthetic_cold_temperate_benchmark
2023-08-13 21:00:00,18.605415,0.000000,synthetic_cold_temperate_benchmark
2023-08-13 22:00:00,17.848944,0.000000,synthetic_cold_temperate_benchmark
2023-08-13 23:00:00,17.170710,0.000000,synthetic_cold_temperate_benchmark
2023-08-14 00:00:00,16.536459,0.000000,synthetic_cold_temperate_benchmark
2023-08-14 01:00:00,16.144880,0.000000,synthetic_cold_temperate_benchmark
2023-08-14 02:00:00,15.942184,0.000000,synthetic_cold_temperate_benchmark
2023-08-14 03:00:00,15.942184,0.000000,synthetic_cold_temperate_benchmark
2023-08-14 04:00:00,16.144880,0.000000,synthetic_cold_temperate_benchmark
2023-08-14 05:00:00,16.536459,104.400447,synthetic_cold_temperate_benchmark
2023-08-14 06:00:00,17.090234,249.511063,synthetic_cold_temperate_benchmark
2023-08-14 07:00:00,17.768468,382.780946,synthetic_cold_temperate_benchmark
2023-08-14 08:00:00,18.524940,497.885675,synthetic_cold_temperate_benchmark
2023-08-14 09:00:00,19.308097,589.362870,synthetic_cold_temperate_benchmark
2023-08-14 10:00:00,20.064569,652.871412,synthetic_cold_temperate_benchmark
2023-08-14 11:00:00,20.742803,685.397458,synthetic_cold_temperate_benchmark
2023-08-14 12:00:00,21.296579,685.397458,synthetic_cold_temperate_benchmark
2023-08-14 13:00:00,21.688157,652.871412,synthetic_cold_temperate_benchmark
2023-08-14 14:00:00,21.890853,589.362870,synthetic_cold_temperate_benchmark
2023-08-14 15:00:00,21.890853,497.885675,synthetic_cold_temperate_benchmark
2023-08-14 16:00:00,21.688157,382.780946,synthetic_cold_temperate_benchmark
2023-08-14 17:00:00,21.296579,249.511063,synthetic_cold_temperate_benchmark
2023-08-14 18:00:00,20.742803,104.400447,synthetic_cold_temperate_benchmark
2023-08-14 19:00:00,20.064569,0.000000,synthetic_cold_temperate_benchmark
2023-08-14 20:00:00,19.308097,0.000000,synthetic_cold_temperate_benchmark
2023-08-14 21:00:00,18.524940,0.000000,synthetic_cold_temperate_benchmark
2023-08-14 22:00:00,17.768468,0.000000,synthetic_cold_temperate_benchmark
2023-08-14 23:00:00,17.090234,0.000000,synthetic_cold_temperate_benchmark
2023-08-15 00:00:00,16.453045,0.000000,synthetic_cold_temperate_benchmark
2023-08-15 01:00:00,16.061466,0.000000,synthetic_cold_temperate_benchmark
2023-08-15 02:00:00,15.858770,0.000000,synthetic_cold_temperate_benchmark
2023-08-15 03:00:00,15.858770,0.000000,synthetic_cold_temperate_benchmark
2023-08-15 04:00:00,16.061466,0.000000,synthetic_cold_temperate_benchmark
2023-08-15 05:00:00,16.453045,100.096250,synthetic_cold_temperate_benchmark
2023-08-15 06:00:00,17.006820,245.154600,synthetic_cold_temperate_benchmark
2023-08-15 07:00:00,17.685054,378.489022,synthetic_cold_temperate_benchmark
2023-08-15 08:00:00,18.441526,493.723118,synthetic_cold_temperate_benchmark
2023-08-15 09:00:00,19.224683,585.346095,synthetic_cold_temperate_benchmark
2023-08-15 10:00:00,19.981155,648.976305,synthetic_cold_temperate_benchmark
2023-08-15 11:00:00,20.659389,681.570786,synthetic_cold_temperate_benchmark
2023-08-15 12:00:00,21.213165,681.570786,synthetic_cold_temperate_benchmark
2023-08-15 13:00:00,21.604743,648.976305,synthetic_cold_temperate_benchmark
2023-08-15 14:00:00,21.807439,585.346095,synthetic_cold_temperate_benchmark
2023-08-15 15:00:00,21.807439,493.723118,synthetic_cold_temperate_benchmark
2023-08-15 16:00:00,21.604743,378.489022,synthetic_cold_temperate_benchmark
2023-08-15 17:00:00,21.213165,245.154600,synthetic_cold_temperate_benchmark
2023-08-15 18:00:00,20.659389,100.096250,synthetic_cold_temperate_benchmark
2023-08-15 19:00:00,19.981155,0.000000,synthetic_cold_temperate_benchmark
2023-08-15 20:00:00,19.224683,0.000000,synthetic_cold_temperate_benchmark
2023-08-15 21:00:00,18.441526,0.000000,synthetic_cold_temperate_benchmark
2023-08-15 22:00:00,17.685054,0.000000,synthetic_cold_temperate_benchmark
2023-08-15 23:00:00,17.006820,0.000000,synthetic_cold_temperate_benchmark
2023-08-16 00:00:00,16.366717,0.000000,synthetic_cold_temperate_benchmark
2023-08-16 01:00:00,15.975138,0.000000,synthetic_cold_temperate_benchmark
2023-08-16 02:00:00,15.772442,0.000000,synthetic_cold_temperate_benchmark
2023-08-16 03:00:00,15.772442,0.000000,synthetic_cold_temperate_benchmark
2023-08-16 04:00:00,15.975138,0.000000,synthetic_cold_temperate_benchmark
2023-08-16 05:00:00,16.366717,95.748192,synthetic_cold_temperate_benchmark
2023-08-16 06:00:00,16.920493,240.748686,synthetic_cold_temperate_benchmark
2023-08-16 07:00:00,17.598727,374.145488,synthetic_cold_temperate_benchmark
2023-08-16 08:00:00,18.355198,489.509090,synthetic_cold_temperate_benchmark
2023-08-16 09:00:00,19.138355,581.279157,synthetic_cold_temperate_benchmark
2023-08-16 10:00:00,19.894827,645.032521,synthetic_cold_temperate_benchmark
2023-08-16 11:00:00,20.573061,677.696376,synthetic_cold_temperate_benchmark
2023-08-16 12:00:00,21.126837,677.696376,synthetic_cold_temperate_benchmark
2023-08-16 13:00:00,21.518415,645.032521,synthetic_cold_temperate_benchmark
2023-08-16 14:00:00,21.721111,581.279157,synthetic_cold_temperate_benchmark
2023-08-16 15:00:00,21.721111,489.509090,synthetic_cold_temperate_benchmark
2023-08-16 16:00:00,21.518415,374.145488,synthetic_cold_temperate_benchmark
2023-08-16 17:00:00,21.126837,240.748686,synthetic_cold_temperate_benchmark
2023-08-16 18:00:00,20.573061,95.748192,synthetic_cold_temperate_benchmark
2023-08-16 19:00:00,19.894827,0.000000,synthetic_cold_temperate_benchmark
2023-08-16 20:00:00,19.138355,0.000000,synthetic_cold_temperate_benchmark
2023-08-16 21:00:00,18.355198,0.000000,synthetic_cold_temperate_benchmark
2023-08-16 22:00:00,17.598727,0.000000,synthetic_cold_temperate_benchmark
2023-08-16 23:00:00,16.920493,0.000000,synthetic_cold_temperate_benchmark
2023-08-17 00:00:00,16.277501,0.000000,synthetic_cold_temperate_benchmark
2023-08-17 01:00:00,15.885922,0.000000,synthetic_cold_temperate_benchmark
2023-08-17 02:00:00,15.683226,0.000000,synthetic_cold_temperate_benchmark
2023-08-17 03:00:00,15.683226,0.000000,synthetic_cold_temperate_benchmark
2023-08-17 04:00:00,15.885922,0.000000,synthetic_cold_temperate_benchmark
2023-08-17 05:00:00,16.277501,91.358180,synthetic_cold_temperate_benchmark
2023-08-17 06:00:00,16.831277,236.294962,synthetic_cold_temperate_benchmark
2023-08-17 07:00:00,17.509511,369.751787,synthetic_cold_temperate_benchmark
2023-08-17 08:00:00,18.265982,485.244898,synthetic_cold_temperate_benchmark
2023-08-17 09:00:00,19.049140,577.163274,synthetic_cold_temperate_benchmark
2023-08-17 10:00:00,19.805611,641.041230,synthetic_cold_temperate_benchmark
2023-08-17 11:00:00,20.483845,673.775373,synthetic_cold_temperate_benchmark
2023-08-17 12:00:00,21.037621,673.775373,synthetic_cold_temperate_benchmark
2023-08-17 13:00:00,21.429200,641.041230,synthetic_cold_temperate_benchmark
2023-08-17 14:00:00,21.631896,577.163274,synthetic_cold_temperate_benchmark
2023-08-17 15:00:00,21.631896,485.244898,synthetic_cold_temperate_benchmark
2023-08-17 16:00:00,21.429200,369.751787,synthetic_cold_temperate_benchmark
2023-08-17 17:00:00,21.037621,236.294962,synthetic_cold_temperate_benchmark
2023-08-17 18:00:00,20.483845,91.358180,synthetic_cold_temperate_benchmark
2023-08-17 19:00:00,19.805611,0.000000,synthetic_cold_temperate_benchmark
2023-08-17 20:00:00,19.049140,0.000000,synthetic_cold_temperate_benchmark
2023-08-17 21:00:00,18.265982,0.000000,synthetic_cold_temperate_benchmark
2023-08-17 22:00:00,17.509511,0.000000,synthetic_cold_temperate_benchmark
2023-08-17 23:00:00,16.831277,0.000000,synthetic_cold_temperate_benchmark
2023-08-18 00:00:00,16.185423,0.000000,synthetic_cold_temperate_benchmark
2023-08-18 01:00:00,15.793845,0.000000,synthetic_cold_temperate_benchmark
2023-08-18 02:00:00,15.591149,0.000000,synthetic_cold_temperate_benchmark
2023-08-18 03:00:00,15.591149,0.000000,synthetic_cold_temperate_benchmark
2023-08-18 04:00:00,15.793845,0.000000,synthetic_cold_temperate_benchmark
2023-08-18 05:00:00,16.185423,86.928153,synthetic_cold_temperate_benchmark
2023-08-18 06:00:00,16.739199,231.795100,synthetic_cold_temperate_benchmark
2023-08-18 07:00:00,17.417433,365.309387,synthetic_cold_temperate_benchmark
2023-08-18 08:00:00,18.173905,480.931868,synthetic_cold_temperate_benchmark
2023-08-18 09:00:00,18.957062,572.999684,synthetic_cold_temperate_benchmark
2023-08-18 10:00:00,19.713534,637.003618,synthetic_cold_temperate_benchmark
2023-08-18 11:00:00,20.391768,669.808940,synthetic_cold_temperate_benchmark
2023-08-18 12:00:00,20.945543,669.808940,synthetic_cold_temperate_benchmark
2023-08-18 13:00:00,21.337122,637.003618,synthetic_cold_temperate_benchmark
2023-08-18 14:00:00,21.539818,572.999684,synthetic_cold_temperate_benchmark
2023-08-18 15:00:00,21.539818,480.931868,synthetic_cold_temperate_benchmark
2023-08-18 16:00:00,21.337122,365.309387,synthetic_cold_temperate_benchmark
2023-08-18 17:00:00,20.945543,231.795100,synthetic_cold_temperate_benchmark
2023-08-18 18:00:00,20.391768,86.928153,synthetic_cold_temperate_benchmark
2023-08-18 19:00:00,19.713534,0.000000,synthetic_cold_temperate_benchmark
2023-08-18 20:00:00,18.957062,0.000000,synthetic_cold_temperate_benchmark
2023-08-18 21:00:00,18.173905,0.000000,synthetic_cold_temperate_benchmark
2023-08-18 22:00:00,17.417433,0.000000,synthetic_cold_temperate_benchmark
2023-08-18 23:00:00,16.739199,0.000000,synthetic_cold_temperate_benchmark
2023-08-19 00:00:00,16.090511,0.000000,synthetic_cold_temperate_benchmark
2023-08-19 01:00:00,15.698933,0.000000,synthetic_cold_temperate_benchmark
2023-08-19 02:00:00,15.496237,0.000000,synthetic_cold_temperate_benchmark
2023-08-19 03:00:00,15.496237,0.000000,synthetic_cold_temperate_benchmark
2023-08-19 04:00:00,15.698933,0.000000,synthetic_cold_temperate_benchmark
2023-08-19 05:00:00,16.090511,82.460080,synthetic_cold_temperate_benchmark
2023-08-19 06:00:00,16.644287,227.250795,synthetic_cold_temperate_benchmark
2023-08-19 07:00:00,17.322521,360.819779,synthetic_cold_temperate_benchmark
2023-08-19 08:00:00,18.078993,476.571345,synthetic_cold_temperate_benchmark
2023-08-19 09:00:00,18.862150,568.789637,synthetic_cold_temperate_benchmark
2023-08-19 10:00:00,19.618621,632.920882,synthetic_cold_temperate_benchmark
2023-08-19 11:00:00,20.296855,665.798252,synthetic_cold_temperate_benchmark
2023-08-19 12:00:00,20.850631,665.798252,synthetic_cold_temperate_benchmark
2023-08-19 13:00:00,21.242210,632.920882,synthetic_cold_temperate_benchmark
2023-08-19 14:00:00,21.444906,568.789637,synthetic_cold_temperate_benchmark
2023-08-19 15:00:00,21.444906,476.571345,synthetic_cold_temperate_benchmark
2023-08-19 16:00:00,21.242210,360.819779,synthetic_cold_temperate_benchmark
2023-08-19 17:00:00,20.850631,227.250795,synthetic_cold_temperate_benchmark
2023-08-19 18:00:00,20.296855,82.460080,synthetic_cold_temperate_benchmark
2023-08-19 19:00:00,19.618621,0.000000,synthetic_cold_temperate_benchmark
2023-08-19 20:00:00,18.862150,0.000000,synthetic_cold_temperate_benchmark
2023-08-19 21:00:00,18.078993,0.000000,synthetic_cold_temperate_benchmark
2023-08-19 22:00:00,17.322521,0.000000,synthetic_cold_temperate_benchmark
2023-08-19 23:00:00,16.644287,0.000000,synthetic_cold_temperate_benchmark
2023-08-20 00:00:00,15.992793,0.000000,synthetic_cold_temperate_benchmark
2023-08-20 01:00:00,15.601214,0.000000,synthetic_cold_temperate_benchmark
2023-08-20 02:00:00,15.398518,0.000000,synthetic_cold_temperate_benchmark
2023-08-20 03:00:00,15.398518,0.000000,synthetic_cold_temperate_benchmark
2023-08-20 04:00:00,15.601214,0.000000,synthetic_cold_temperate_benchmark
2023-08-20 05:00:00,15.992793,77.955964,synthetic_cold_temperate_benchmark
2023-08-20 06:00:00,16.546568,222.663770,synthetic_cold_temperate_benchmark
2023-08-20 07:00:00,17.224802,356.284473,synthetic_cold_temperate_benchmark
2023-08-20 08:00:00,17.981274,472.164693,synthetic_cold_temperate_benchmark
2023-08-20 09:00:00,18.764431,564.534403,synthetic_cold_temperate_benchmark
2023-08-20 10:00:00,19.520903,628.794236,synthetic_cold_temperate_benchmark
2023-08-20 11:00:00,20.199137,661.744498,synthetic_cold_temperate_benchmark
2023-08-20 12:00:00,20.752913,661.744498,synthetic_cold_temperate_benchmark
2023-08-20 13:00:00,21.144491,628.794236,synthetic_cold_temperate_benchmark
2023-08-20 14:00:00,21.347187,564.534403,synthetic_cold_temperate_benchmark
2023-08-20 15:00:00,21.347187,472.164693,synthetic_cold_temperate_benchmark
2023-08-20 16:00:00,21.144491,356.284473,synthetic_cold_temperate_benchmark
2023-08-20 17:00:00,20.752913,222.663770,synthetic_cold_temperate_benchmark
2023-08-20 18:00:00,20.199137,77.955964,synthetic_cold_temperate_benchmark
2023-08-20 19:00:00,19.520903,0.000000,synthetic_cold_temperate_benchmark
2023-08-20 20:00:00,18.764431,0.000000,synthetic_cold_temperate_benchmark
2023-08-20 21:00:00,17.981274,0.000000,synthetic_cold_temperate_benchmark
2023-08-20 22:00:00,17.224802,0.000000,synthetic_cold_temperate_benchmark
2023-08-20 23:00:00,16.546568,0.000000,synthetic_cold_temperate_benchmark
2023-08-21 00:00:00,15.892297,0.000000,synthetic_cold_temperate_benchmark
2023-08-21 01:00:00,15.500718,0.000000,synthetic_cold_temperate_benchmark
2023-08-21 02:00:00,15.298022,0.000000,synthetic_cold_temperate_benchmark
2023-08-21 03:00:00,15.298022,0.000000,synthetic_cold_temperate_benchmark
2023-08-21 04:00:00,15.500718,0.000000,synthetic_cold_temperate_benchmark
2023-08-21 05:00:00,15.892297,73.417836,synthetic_cold_temperate_benchmark
2023-08-21 06:00:00,16.446073,218.035776,synthetic_cold_temperate_benchmark
2023-08-21 07:00:00,17.124307,351.705005,synthetic_cold_temperate_benchmark
2023-08-21 08:00:00,17.880778,467.713294,synthetic_cold_temperate_benchmark
2023-08-21 09:00:00,18.663935,560.235265,synthetic_cold_temperate_benchmark
2023-08-21 10:00:00,19.420407,624.624906,synthetic_cold_temperate_benchmark
2023-08-21 11:00:00,20.098641,657.648880,synthetic_cold_temperate_benchmark
2023-08-21 12:00:00,20.652417,657.648880,synthetic_cold_temperate_benchmark
2023-08-21 13:00:00,21.043996,624.624906,synthetic_cold_temperate_benchmark
2023-08-21 14:00:00,21.246691,560.235265,synthetic_cold_temperate_benchmark
2023-08-21 15:00:00,21.246691,467.713294,synthetic_cold_temperate_benchmark
2023-08-21 16:00:00,21.043996,351.705005,synthetic_cold_temperate_benchmark
2023-08-21 17:00:00,20.652417,218.035776,synthetic_cold_temperate_benchmark
2023-08-21 18:00:00,20.098641,73.417836,synthetic_cold_temperate_benchmark
2023-08-21 19:00:00,19.420407,0.000000,synthetic_cold_temperate_benchmark
2023-08-21 20:00:00,18.663935,0.000000,synthetic_cold_temperate_benchmark
2023-08-21 21:00:00,17.880778,0.000000,synthetic_cold_temperate_benchmark
2023-08-21 22:00:00,17.124307,0.000000,synthetic_cold_temperate_benchmark
2023-08-21 23:00:00,16.446073,0.000000,synthetic_cold_temperate_benchmark
2023-08-22 00:00:00,15.789053,0.000000,synthetic_cold_temperate_benchmark
2023-08-22 01:00:00,15.397475,0.000000,synthetic_cold_temperate_benchmark
2023-08-22 02:00:00,15.194779,0.000000,synthetic_cold_temperate_benchmark
2023-08-22 03:00:00,15.194779,0.000000,synthetic_cold_temperate_benchmark
2023-08-22 04:00:00,15.397475,0.000000,synthetic_cold_temperate_benchmark
2023-08-22 05:00:00,15.789053,68.847760,synthetic_cold_temperate_benchmark
2023-08-22 06:00:00,16.342829,213.368587,synthetic_cold_temperate_benchmark
2023-08-22 07:00:00,17.021063,347.082928,synthetic_cold_temperate_benchmark
2023-08-22 08:00:00,17.777535,463.218548,synthetic_cold_temperate_benchmark
2023-08-22 09:00:00,18.560692,555.893520,synthetic_cold_temperate_benchmark
2023-08-22 10:00:00,19.317164,620.414134,synthetic_cold_temperate_benchmark
2023-08-22 11:00:00,19.995398,653.512611,synthetic_cold_temperate_benchmark
2023-08-22 12:00:00,20.549174,653.512611,synthetic_cold_temperate_benchmark
2023-08-22 13:00:00,20.940752,620.414134,synthetic_cold_temperate_benchmark
2023-08-22 14:00:00,21.143448,555.893520,synthetic_cold_temperate_benchmark
2023-08-22 15:00:00,21.143448,463.218548,synthetic_cold_temperate_benchmark
2023-08-22 16:00:00,20.940752,347.082928,synthetic_cold_temperate_benchmark
2023-08-22 17:00:00,20.549174,213.368587,synthetic_cold_temperate_benchmark
2023-08-22 18:00:00,19.995398,68.847760,synthetic_cold_temperate_benchmark
2023-08-22 19:00:00,19.317164,0.000000,synthetic_cold_temperate_benchmark
2023-08-22 20:00:00,18.560692,0.000000,synthetic_cold_temperate_benchmark
2023-08-22 21:00:00,17.777535,0.000000,synthetic_cold_temperate_benchmark
2023-08-22 22:00:00,17.021063,0.000000,synthetic_cold_temperate_benchmark
2023-08-22 23:00:00,16.342829,0.000000,synthetic_cold_temperate_benchmark
2023-08-23 00:00:00,15.683093,0.000000,synthetic_cold_temperate_benchmark
2023-08-23 01:00:00,15.291514,0.000000,synthetic_cold_temperate_benchmark
2023-08-23 02:00:00,15.088818,0.000000,synthetic_cold_temperate_benchmark
2023-08-23 03:00:00,15.088818,0.000000,synthetic_cold_temperate_benchmark
2023-08-23 04:00:00,15.291514,0.000000,synthetic_cold_temperate_benchmark
2023-08-23 05:00:00,15.683093,64.247827,synthetic_cold_temperate_benchmark
2023-08-23 06:00:00,16.236869,208.664005,synthetic_cold_temperate_benchmark
2023-08-23 07:00:00,16.915103,342.419820,synthetic_cold_temperate_benchmark
2023-08-23 08:00:00,17.671574,458.681870,synthetic_cold_temperate_benchmark
2023-08-23 09:00:00,18.454732,551.510483,synthetic_cold_temperate_benchmark
2023-08-23 10:00:00,19.211203,616.163172,synthetic_cold_temperate_benchmark
2023-08-23 11:00:00,19.889437,649.336917,synthetic_cold_temperate_benchmark
2023-08-23 12:00:00,20.443213,649.336917,synthetic_cold_temperate_benchmark
2023-08-23 13:00:00,20.834792,616.163172,synthetic_cold_temperate_benchmark
2023-08-23 14:00:00,21.037488,551.510483,synthetic_cold_temperate_benchmark
2023-08-23 15:00:00,21.037488,458.681870,synthetic_cold_temperate_benchmark
2023-08-23 16:00:00,20.834792,342.419820,synthetic_cold_temperate_benchmark
2023-08-23 17:00:00,20.443213,208.664005,synthetic_cold_temperate_benchmark
2023-08-23 18:00:00,19.889437,64.247827,synthetic_cold_temperate_benchmark
2023-08-23 19:00:00,19.211203,0.000000,synthetic_cold_temperate_benchmark
2023-08-23 20:00:00,18.454732,0.000000,synthetic_cold_temperate_benchmark
2023-08-23 21:00:00,17.671574,0.000000,synthetic_cold_temperate_benchmark
2023-08-23 22:00:00,16.915103,0.000000,synthetic_cold_temperate_benchmark
2023-08-23 23:00:00,16.236869,0.000000,synthetic_cold_temperate_benchmark
2023-08-24 00:00:00,15.574447,0.000000,synthetic_cold_temperate_benchmark
2023-08-24 01:00:00,15.182868,0.000000,synthetic_cold_temperate_benchmark
2023-08-24 02:00:00,14.980172,0.000000,synthetic_cold_temperate_benchmark
2023-08-24 03:00:00,14.980172,0.000000,synthetic_cold_temperate_benchmark
2023-08-24 04:00:00,15.182868,0.000000,synthetic_cold_temperate_benchmark
2023-08-24 05:00:00,15.574447,59.620159,synthetic_cold_temperate_benchmark
2023-08-24 06:00:00,16.128223,203.923853,synthetic_cold_temperate_benchmark
2023-08-24 07:00:00,16.806457,337.717278,synthetic_cold_temperate_benchmark
2023-08-24 08:00:00,17.562928,454.104696,synthetic_cold_temperate_benchmark
2023-08-24 09:00:00,18.346086,547.087482,synthetic_cold_temperate_benchmark
2023-08-24 10:00:00,19.102557,611.873285,synthetic_cold_temperate_benchmark
2023-08-24 11:00:00,19.780791,645.123036,synthetic_cold_temperate_benchmark
2023-08-24 12:00:00,20.334567,645.123036,synthetic_cold_temperate_benchmark
2023-08-24 13:00:00,20.726146,611.873285,synthetic_cold_temperate_benchmark
2023-08-24 14:00:00,20.928842,547.087482,synthetic_cold_temperate_benchmark
2023-08-24 15:00:00,20.928842,454.104696,synthetic_cold_temperate_benchmark
2023-08-24 16:00:00,20.726146,337.717278,synthetic_cold_temperate_benchmark
2023-08-24 17:00:00,20.334567,203.923853,synthetic_cold_temperate_benchmark
2023-08-24 18:00:00,19.780791,59.620159,synthetic_cold_temperate_benchmark
2023-08-24 19:00:00,19.102557,0.000000,synthetic_cold_temperate_benchmark
2023-08-24 20:00:00,18.346086,0.000000,synthetic_cold_temperate_benchmark
2023-08-24 21:00:00,17.562928,0.000000,synthetic_cold_temperate_benchmark
2023-08-24 22:00:00,16.806457,0.000000,synthetic_cold_temperate_benchmark
2023-08-24 23:00:00,16.128223,0.000000,synthetic_cold_temperate_benchmark
2023-08-25 00:00:00,15.463148,0.000000,synthetic_cold_temperate_benchmark
2023-08-25 01:00:00,15.071569,0.000000,synthetic_cold_temperate_benchmark
2023-08-25 02:00:00,14.868873,0.000000,synthetic_cold_temperate_benchmark
2023-08-25 03:00:00,14.868873,0.000000,synthetic_cold_temperate_benchmark
2023-08-25 04:00:00,15.071569,0.000000,synthetic_cold_temperate_benchmark
2023-08-25 05:00:00,15.463148,54.966906,synthetic_cold_temperate_benchmark
2023-08-25 06:00:00,16.016923,199.149985,synthetic_cold_temperate_benchmark
2023-08-25 07:00:00,16.695157,332.976919,synthetic_cold_temperate_benchmark
2023-08-25 08:00:00,17.451629,449.488478,synthetic_cold_temperate_benchmark
2023-08-25 09:00:00,18.234786,542.625857,synthetic_cold_temperate_benchmark
2023-08-25 10:00:00,18.991258,607.545753,synthetic_cold_temperate_benchmark
2023-08-25 11:00:00,19.669492,640.872218,synthetic_cold_temperate_benchmark
2023-08-25 12:00:00,20.223268,640.872218,synthetic_cold_temperate_benchmark
2023-08-25 13:00:00,20.614846,607.545753,synthetic_cold_temperate_benchmark
2023-08-25 14:00:00,20.817542,542.625857,synthetic_cold_temperate_benchmark
2023-08-25 15:00:00,20.817542,449.488478,synthetic_cold_temperate_benchmark
2023-08-25 16:00:00,20.614846,332.976919,synthetic_cold_temperate_benchmark
2023-08-25 17:00:00,20.223268,199.149985,synthetic_cold_temperate_benchmark
2023-08-25 18:00:00,19.669492,54.966906,synthetic_cold_temperate_benchmark
2023-08-25 19:00:00,18.991258,0.000000,synthetic_cold_temperate_benchmark
2023-08-25 20:00:00,18.234786,0.000000,synthetic_cold_temperate_benchmark
2023-08-25 21:00:00,17.451629,0.000000,synthetic_cold_temperate_benchmark
2023-08-25 22:00:00,16.695157,0.000000,synthetic_cold_temperate_benchmark
2023-08-25 23:00:00,16.016923,0.000000,synthetic_cold_temperate_benchmark
2023-08-26 00:00:00,15.349228,0.000000,synthetic_cold_temperate_benchmark
2023-08-26 01:00:00,14.957649,0.000000,synthetic_cold_temperate_benchmark
2023-08-26 02:00:00,14.754953,0.000000,synthetic_cold_temperate_benchmark
2023-08-26 03:00:00,14.754953,0.000000,synthetic_cold_temperate_benchmark
2023-08-26 04:00:00,14.957649,0.000000,synthetic_cold_temperate_benchmark
2023-08-26 05:00:00,15.349228,50.290245,synthetic_cold_temperate_benchmark
2023-08-26 06:00:00,15.903003,194.344273,synthetic_cold_temperate_benchmark
2023-08-26 07:00:00,16.581237,328.200383,synthetic_cold_temperate_benchmark
2023-08-26 08:00:00,17.337709,444.834682,synthetic_cold_temperate_benchmark
2023-08-26 09:00:00,18.120866,538.126966,synthetic_cold_temperate_benchmark
2023-08-26 10:00:00,18.877338,603.181864,synthetic_cold_temperate_benchmark
2023-08-26 11:00:00,19.555572,636.585721,synthetic_cold_temperate_benchmark
2023-08-26 12:00:00,20.109348,636.585721,synthetic_cold_temperate_benchmark
2023-08-26 13:00:00,20.500926,603.181864,synthetic_cold_temperate_benchmark
2023-08-26 14:00:00,20.703622,538.126966,synthetic_cold_temperate_benchmark
2023-08-26 15:00:00,20.703622,444.834682,synthetic_cold_temperate_benchmark
2023-08-26 16:00:00,20.500926,328.200383,synthetic_cold_temperate_benchmark
2023-08-26 17:00:00,20.109348,194.344273,synthetic_cold_temperate_benchmark
2023-08-26 18:00:00,19.555572,50.290245,synthetic_cold_temperate_benchmark
2023-08-26 19:00:00,18.877338,0.000000,synthetic_cold_temperate_benchmark
2023-08-26 20:00:00,18.120866,0.000000,synthetic_cold_temperate_benchmark
2023-08-26 21:00:00,17.337709,0.000000,synthetic_cold_temperate_benchmark
2023-08-26 22:00:00,16.581237,0.000000,synthetic_cold_temperate_benchmark
2023-08-26 23:00:00,15.903003,0.000000,synthetic_cold_temperate_benchmark
2023-08-27 00:00:00,15.232721,0.000000,synthetic_cold_temperate_benchmark
2023-08-27 01:00:00,14.841143,0.000000,synthetic_cold_temperate_benchmark
2023-08-27 02:00:00,14.638447,0.000000,synthetic_cold_temperate_benchmark
2023-08-27 03:00:00,14.638447,0.000000,synthetic_cold_temperate_benchmark
2023-08-27 04:00:00,14.841143,0.000000,synthetic_cold_temperate_benchmark
2023-08-27 05:00:00,15.232721,45.592382,synthetic_cold_temperate_benchmark
2023-08-27 06:00:00,15.786497,189.508616,synthetic_cold_temperate_benchmark
2023-08-27 07:00:00,16.464731,323.389326,synthetic_cold_temperate_benchmark
2023-08-27 08:00:00,17.221203,440.144795,synthetic_cold_temperate_benchmark
2023-08-27 09:00:00,18.004360,533.592177,synthetic_cold_temperate_benchmark
2023-08-27 10:00:00,18.760831,598.782921,synthetic_cold_temperate_benchmark
2023-08-27 11:00:00,19.439065,632.264818,synthetic_cold_temperate_benchmark
2023-08-27 12:00:00,19.992841,632.264818,synthetic_cold_temperate_benchmark
2023-08-27 13:00:00,20.384420,598.782921,synthetic_cold_temperate_benchmark
2023-08-27 14:00:00,20.587116,533.592177,synthetic_cold_temperate_benchmark
2023-08-27 15:00:00,20.587116,440.144795,synthetic_cold_temperate_benchmark
2023-08-27 16:00:00,20.384420,323.389326,synthetic_cold_temperate_benchmark
2023-08-27 17:00:00,19.992841,189.508616,synthetic_cold_temperate_benchmark
2023-08-27 18:00:00,19.439065,45.592382,synthetic_cold_temperate_benchmark
2023-08-27 19:00:00,18.760831,0.000000,synthetic_cold_temperate_benchmark
2023-08-27 20:00:00,18.004360,0.000000,synthetic_cold_temperate_benchmark
2023-08-27 21:00:00,17.221203,0.000000,synthetic_cold_temperate_benchmark
2023-08-27 22:00:00,16.464731,0.000000,synthetic_cold_temperate_benchmark
2023-08-27 23:00:00,15.786497,0.000000,synthetic_cold_temperate_benchmark
2023-08-28 00:00:00,15.113662,0.000000,synthetic_cold_temperate_benchmark
2023-08-28 01:00:00,14.722084,0.000000,synthetic_cold_temperate_benchmark
2023-08-28 02:00:00,14.519388,0.000000,synthetic_cold_temperate_benchmark
2023-08-28 03:00:00,14.519388,0.000000,synthetic_cold_temperate_benchmark
2023-08-28 04:00:00,14.722084,0.000000,synthetic_cold_temperate_benchmark
2023-08-28 05:00:00,15.113662,40.875548,synthetic_cold_temperate_benchmark
2023-08-28 06:00:00,15.667438,184.644936,synthetic_cold_temperate_benchmark
2023-08-28 07:00:00,16.345672,318.545428,synthetic_cold_temperate_benchmark
2023-08-28 08:00:00,17.102144,435.420315,synthetic_cold_temperate_benchmark
2023-08-28 09:00:00,17.885301,529.022874,synthetic_cold_temperate_benchmark
2023-08-28 10:00:00,18.641773,594.350237,synthetic_cold_temperate_benchmark
2023-08-28 11:00:00,19.320007,627.910790,synthetic_cold_temperate_benchmark
2023-08-28 12:00:00,19.873782,627.910790,synthetic_cold_temperate_benchmark
2023-08-28 13:00:00,20.265361,594.350237,synthetic_cold_temperate_benchmark
2023-08-28 14:00:00,20.468057,529.022874,synthetic_cold_temperate_benchmark
2023-08-28 15:00:00,20.468057,435.420315,synthetic_cold_temperate_benchmark
2023-08-28 16:00:00,20.265361,318.545428,synthetic_cold_temperate_benchmark
2023-08-28 17:00:00,19.873782,184.644936,synthetic_cold_temperate_benchmark
2023-08-28 18:00:00,19.320007,40.875548,synthetic_cold_temperate_benchmark
2023-08-28 19:00:00,18.641773,0.000000,synthetic_cold_temperate_benchmark
2023-08-28 20:00:00,17.885301,0.000000,synthetic_cold_temperate_benchmark
2023-08-28 21:00:00,17.102144,0.000000,synthetic_cold_temperate_benchmark
2023-08-28 22:00:00,16.345672,0.000000,synthetic_cold_temperate_benchmark
2023-08-28 23:00:00,15.667438,0.000000,synthetic_cold_temperate_benchmark
2023-08-29 00:00:00,14.992087,0.000000,synthetic_cold_temperate_benchmark
2023-08-29 01:00:00,14.600508,0.000000,synthetic_cold_temperate_benchmark
2023-08-29 02:00:00,14.397812,0.000000,synthetic_cold_temperate_benchmark
2023-08-29 03:00:00,14.397812,0.000000,synthetic_cold_temperate_benchmark
2023-08-29 04:00:00,14.600508,0.000000,synthetic_cold_temperate_benchmark
2023-08-29 05:00:00,14.992087,36.141998,synthetic_cold_temperate_benchmark
2023-08-29 06:00:00,15.545863,179.755177,synthetic_cold_temperate_benchmark
2023-08-29 07:00:00,16.224097,313.670383,synthetic_cold_temperate_benchmark
2023-08-29 08:00:00,16.980568,430.662760,synthetic_cold_temperate_benchmark
2023-08-29 09:00:00,17.763725,524.420451,synthetic_cold_temperate_benchmark
2023-08-29 10:00:00,18.520197,589.885135,synthetic_cold_temperate_benchmark
2023-08-29 11:00:00,19.198431,623.524927,synthetic_cold_temperate_benchmark
2023-08-29 12:00:00,19.752207,623.524927,synthetic_cold_temperate_benchmark
2023-08-29 13:00:00,20.143785,589.885135,synthetic_cold_temperate_benchmark
2023-08-29 14:00:00,20.346481,524.420451,synthetic_cold_temperate_benchmark
2023-08-29 15:00:00,20.346481,430.662760,synthetic_cold_temperate_benchmark
2023-08-29 16:00:00,20.143785,313.670383,synthetic_cold_temperate_benchmark
2023-08-29 17:00:00,19.752207,179.755177,synthetic_cold_temperate_benchmark
2023-08-29 18:00:00,19.198431,36.141998,synthetic_cold_temperate_benchmark
2023-08-29 19:00:00,18.520197,0.000000,synthetic_cold_temperate_benchmark
2023-08-29 20:00:00,17.763725,0.000000,synthetic_cold_temperate_benchmark
2023-08-29 21:00:00,16.980568,0.000000,synthetic_cold_temperate_benchmark
2023-08-29 22:00:00,16.224097,0.000000,synthetic_cold_temperate_benchmark
2023-08-29 23:00:00,15.545863,0.000000,synthetic_cold_temperate_benchmark
2023-08-30 00:00:00,14.868030,0.000000,synthetic_cold_temperate_benchmark
2023-08-30 01:00:00,14.476452,0.000000,synthetic_cold_temperate_benchmark
2023-08-30 02:00:00,14.273756,0.000000,synthetic_cold_temperate_benchmark
2023-08-30 03:00:00,14.273756,0.000000,synthetic_cold_temperate_benchmark
2023-08-30 04:00:00,14.476452,0.000000,synthetic_cold_temperate_benchmark
2023-08-30 05:00:00,14.868030,31.394016,synthetic_cold_temperate_benchmark
2023-08-30 06:00:00,15.421806,174.841305,synthetic_cold_temperate_benchmark
2023-08-30 07:00:00,16.100040,308.765909,synthetic_cold_temperate_benchmark
2023-08-30 08:00:00,16.856512,425.873660,synthetic_cold_temperate_benchmark
2023-08-30 09:00:00,17.639669,519.786316,synthetic_cold_temperate_benchmark
2023-08-30 10:00:00,18.396141,585.388950,synthetic_cold_temperate_benchmark
2023-08-30 11:00:00,19.074375,619.108530,synthetic_cold_temperate_benchmark
2023-08-30 12:00:00,19.628150,619.108530,synthetic_cold_temperate_benchmark
2023-08-30 13:00:00,20.019729,585.388950,synthetic_cold_temperate_benchmark
2023-08-30 14:00:00,20.222425,519.786316,synthetic_cold_temperate_benchmark
2023-08-30 15:00:00,20.222425,425.873660,synthetic_cold_temperate_benchmark
2023-08-30 16:00:00,20.019729,308.765909,synthetic_cold_temperate_benchmark
2023-08-30 17:00:00,19.628150,174.841305,synthetic_cold_temperate_benchmark
2023-08-30 18:00:00,19.074375,31.394016,synthetic_cold_temperate_benchmark
2023-08-30 19:00:00,18.396141,0.000000,synthetic_cold_temperate_benchmark
2023-08-30 20:00:00,17.639669,0.000000,synthetic_cold_temperate_benchmark
2023-08-30 21:00:00,16.856512,0.000000,synthetic_cold_temperate_benchmark
2023-08-30 22:00:00,16.100040,0.000000,synthetic_cold_temperate_benchmark
2023-08-30 23:00:00,15.421806,0.000000,synthetic_cold_temperate_benchmark
2023-08-31 00:00:00,14.741530,0.000000,synthetic_cold_temperate_benchmark
2023-08-31 01:00:00,14.349951,0.000000,synthetic_cold_temperate_benchmark
2023-08-31 02:00:00,14.147255,0.000000,synthetic_cold_temperate_benchmark
2023-08-31 03:00:00,14.147255,0.000000,synthetic_cold_temperate_benchmark
2023-08-31 04:00:00,14.349951,0.000000,synthetic_cold_temperate_benchmark
2023-08-31 05:00:00,14.741530,26.633906,synthetic_cold_temperate_benchmark
2023-08-31 06:00:00,15.295306,169.905309,synthetic_cold_temperate_benchmark
2023-08-31 07:00:00,15.973540,303.833738,synthetic_cold_temperate_benchmark
2023-08-31 08:00:00,16.730011,421.054562,synthetic_cold_temperate_benchmark
2023-08-31 09:00:00,17.513168,515.121890,synthetic_cold_temperate_benchmark
2023-08-31 10:00:00,18.269640,580.863026,synthetic_cold_temperate_benchmark
2023-08-31 11:00:00,18.947874,614.662909,synthetic_cold_temperate_benchmark
2023-08-31 12:00:00,19.501650,614.662909,synthetic_cold_temperate_benchmark
2023-08-31 13:00:00,19.893228,580.863026,synthetic_cold_temperate_benchmark
2023-08-31 14:00:00,20.095924,515.121890,synthetic_cold_temperate_benchmark
2023-08-31 15:00:00,20.095924,421.054562,synthetic_cold_temperate_benchmark
2023-08-31 16:00:00,19.893228,303.833738,synthetic_cold_temperate_benchmark
2023-08-31 17:00:00,19.501650,169.905309,synthetic_cold_temperate_benchmark
2023-08-31 18:00:00,18.947874,26.633906,synthetic_cold_temperate_benchmark
2023-08-31 19:00:00,18.269640,0.000000,synthetic_cold_temperate_benchmark
2023-08-31 20:00:00,17.513168,0.000000,synthetic_cold_temperate_benchmark
2023-08-31 21:00:00,16.730011,0.000000,synthetic_cold_temperate_benchmark
2023-08-31 22:00:00,15.973540,0.000000,synthetic_cold_temperate_benchmark
2023-08-31 23:00:00,15.295306,0.000000,synthetic_cold_temperate_benchmark
2023-09-01 00:00:00,14.612623,0.000000,synthetic_cold_temperate_benchmark
2023-09-01 01:00:00,14.221044,0.000000,synthetic_cold_temperate_benchmark
2023-09-01 02:00:00,14.018348,0.000000,synthetic_cold_temperate_benchmark
2023-09-01 03:00:00,14.018348,0.000000,synthetic_cold_temperate_benchmark
2023-09-01 04:00:00,14.221044,0.000000,synthetic_cold_temperate_benchmark
2023-09-01 05:00:00,14.612623,21.863995,synthetic_cold_temperate_benchmark
2023-09-01 06:00:00,15.166398,164.949197,synthetic_cold_temperate_benchmark
2023-09-01 07:00:00,15.844632,298.875622,synthetic_cold_temperate_benchmark
2023-09-01 08:00:00,16.601104,416.207027,synthetic_cold_temperate_benchmark
2023-09-01 09:00:00,17.384261,510.428604,synthetic_cold_temperate_benchmark
2023-09-01 10:00:00,18.140733,576.308717,synthetic_cold_temperate_benchmark
2023-09-01 11:00:00,18.818967,610.189383,synthetic_cold_temperate_benchmark
2023-09-01 12:00:00,19.372743,610.189383,synthetic_cold_temperate_benchmark
2023-09-01 13:00:00,19.764321,576.308717,synthetic_cold_temperate_benchmark
2023-09-01 14:00:00,19.967017,510.428604,synthetic_cold_temperate_benchmark
2023-09-01 15:00:00,19.967017,416.207027,synthetic_cold_temperate_benchmark
2023-09-01 16:00:00,19.764321,298.875622,synthetic_cold_temperate_benchmark
2023-09-01 17:00:00,19.372743,164.949197,synthetic_cold_temperate_benchmark
2023-09-01 18:00:00,18.818967,21.863995,synthetic_cold_temperate_benchmark
2023-09-01 19:00:00,18.140733,0.000000,synthetic_cold_temperate_benchmark
2023-09-01 20:00:00,17.384261,0.000000,synthetic_cold_temperate_benchmark
2023-09-01 21:00:00,16.601104,0.000000,synthetic_cold_temperate_benchmark
2023-09-01 22:00:00,15.844632,0.000000,synthetic_cold_temperate_benchmark
2023-09-01 23:00:00,15.166398,0.000000,synthetic_cold_temperate_benchmark
2023-09-02 00:00:00,14.481347,0.000000,synthetic_cold_temperate_benchmark
2023-09-02 01:00:00,14.089769,0.000000,synthetic_cold_temperate_benchmark
2023-09-02 02:00:00,13.887073,0.000000,synthetic_cold_temperate_benchmark
2023-09-02 03:00:00,13.887073,0.000000,synthetic_cold_temperate_benchmark
2023-09-02 04:00:00,14.089769,0.000000,synthetic_cold_temperate_benchmark
2023-09-02 05:00:00,14.481347,17.086634,synthetic_cold_temperate_benchmark
2023-09-02 06:00:00,15.035123,159.974999,synthetic_cold_temperate_benchmark
2023-09-02 07:00:00,15.713357,293.893330,synthetic_cold_temperate_benchmark
2023-09-02 08:00:00,16.469829,411.332629,synthetic_cold_temperate_benchmark
2023-09-02 09:00:00,17.252986,505.707902,synthetic_cold_temperate_benchmark
2023-09-02 10:00:00,18.009458,571.727388,synthetic_cold_temperate_benchmark
2023-09-02 11:00:00,18.687692,605.689278,synthetic_cold_temperate_benchmark
2023-09-02 12:00:00,19.241467,605.689278,synthetic_cold_temperate_benchmark
2023-09-02 13:00:00,19.633046,571.727388,synthetic_cold_temperate_benchmark
2023-09-02 14:00:00,19.835742,505.707902,synthetic_cold_temperate_benchmark
2023-09-02 15:00:00,19.835742,411.332629,synthetic_cold_temperate_benchmark
2023-09-02 16:00:00,19.633046,293.893330,synthetic_cold_temperate_benchmark
2023-09-02 17:00:00,19.241467,159.974999,synthetic_cold_temperate_benchmark
2023-09-02 18:00:00,18.687692,17.086634,synthetic_cold_temperate_benchmark
2023-09-02 19:00:00,18.009458,0.000000,synthetic_cold_temperate_benchmark
2023-09-02 20:00:00,17.252986,0.000000,synthetic_cold_temperate_benchmark
2023-09-02 21:00:00,16.469829,0.000000,synthetic_cold_temperate_benchmark
2023-09-02 22:00:00,15.713357,0.000000,synthetic_cold_temperate_benchmark
2023-09-02 23:00:00,15.035123,0.000000,synthetic_cold_temperate_benchmark
2023-09-03 00:00:00,14.347742,0.000000,synthetic_cold_temperate_benchmark
2023-09-03 01:00:00,13.956164,0.000000,synthetic_cold_temperate_benchmark
2023-09-03 02:00:00,13.753468,0.000000,synthetic_cold_temperate_benchmark
2023-09-03 03:00:00,13.753468,0.000000,synthetic_cold_temperate_benchmark
2023-09-03 04:00:00,13.956164,0.000000,synthetic_cold_temperate_benchmark
2023-09-03 05:00:00,14.347742,12.304192,synthetic_cold_temperate_benchmark
2023-09-03 06:00:00,14.901518,154.984762,synthetic_cold_temperate_benchmark
2023-09-03 07:00:00,15.579752,288.888646,synthetic_cold_temperate_benchmark
2023-09-03 08:00:00,16.336224,406.432957,synthetic_cold_temperate_benchmark
2023-09-03 09:00:00,17.119381,500.961236,synthetic_cold_temperate_benchmark
2023-09-03 10:00:00,17.875853,567.120410,synthetic_cold_temperate_benchmark
2023-09-03 11:00:00,18.554087,601.163929,synthetic_cold_temperate_benchmark
2023-09-03 12:00:00,19.107862,601.163929,synthetic_cold_temperate_benchmark
2023-09-03 13:00:00,19.499441,567.120410,synthetic_cold_temperate_benchmark
2023-09-03 14:00:00,19.702137,500.961236,synthetic_cold_temperate_benchmark
2023-09-03 15:00:00,19.702137,406.432957,synthetic_cold_temperate_benchmark
2023-09-03 16:00:00,19.499441,288.888646,synthetic_cold_temperate_benchmark
2023-09-03 17:00:00,19.107862,154.984762,synthetic_cold_temperate_benchmark
2023-09-03 18:00:00,18.554087,12.304192,synthetic_cold_temperate_benchmark
2023-09-03 19:00:00,17.875853,0.000000,synthetic_cold_temperate_benchmark
2023-09-03 20:00:00,17.119381,0.000000,synthetic_cold_temperate_benchmark
2023-09-03 21:00:00,16.336224,0.000000,synthetic_cold_temperate_benchmark
2023-09-03 22:00:00,15.579752,0.000000,synthetic_cold_temperate_benchmark
2023-09-03 23:00:00,14.901518,0.000000,synthetic_cold_temperate_benchmark
2023-09-04 00:00:00,14.211847,0.000000,synthetic_cold_temperate_benchmark
2023-09-04 01:00:00,13.820269,0.000000,synthetic_cold_temperate_benchmark
2023-09-04 02:00:00,13.617573,0.000000,synthetic_cold_temperate_benchmark
2023-09-04 03:00:00,13.617573,0.000000,synthetic_cold_temperate_benchmark
2023-09-04 04:00:00,13.820269,0.000000,synthetic_cold_temperate_benchmark
2023-09-04 05:00:00,14.211847,7.519058,synthetic_cold_temperate_benchmark
2023-09-04 06:00:00,14.765623,149.980553,synthetic_cold_temperate_benchmark
2023-09-04 07:00:00,15.443857,283.863374,synthetic_cold_temperate_benchmark
2023-09-04 08:00:00,16.200329,401.509613,synthetic_cold_temperate_benchmark
2023-09-04 09:00:00,16.983486,496.190073,synthetic_cold_temperate_benchmark
2023-09-04 10:00:00,17.739958,562.489166,synthetic_cold_temperate_benchmark
2023-09-04 11:00:00,18.418192,596.614678,synthetic_cold_temperate_benchmark
2023-09-04 12:00:00,18.971967,596.614678,synthetic_cold_temperate_benchmark
2023-09-04 13:00:00,19.363546,562.489166,synthetic_cold_temperate_benchmark
2023-09-04 14:00:00,19.566242,496.190073,synthetic_cold_temperate_benchmark
2023-09-04 15:00:00,19.566242,401.509613,synthetic_cold_temperate_benchmark
2023-09-04 16:00:00,19.363546,283.863374,synthetic_cold_temperate_benchmark
2023-09-04 17:00:00,18.971967,149.980553,synthetic_cold_temperate_benchmark
2023-09-04 18:00:00,18.418192,7.519058,synthetic_cold_temperate_benchmark
2023-09-04 19:00:00,17.739958,0.000000,synthetic_cold_temperate_benchmark
2023-09-04 20:00:00,16.983486,0.000000,synthetic_cold_temperate_benchmark
2023-09-04 21:00:00,16.200329,0.000000,synthetic_cold_temperate_benchmark
2023-09-04 22:00:00,15.443857,0.000000,synthetic_cold_temperate_benchmark
2023-09-04 23:00:00,14.765623,0.000000,synthetic_cold_temperate_benchmark
2023-09-05 00:00:00,14.073703,0.000000,synthetic_cold_temperate_benchmark
2023-09-05 01:00:00,13.682124,0.000000,synthetic_cold_temperate_benchmark
2023-09-05 02:00:00,13.479428,0.000000,synthetic_cold_temperate_benchmark
2023-09-05 03:00:00,13.479428,0.000000,synthetic_cold_temperate_benchmark
2023-09-05 04:00:00,13.682124,0.000000,synthetic_cold_temperate_benchmark
2023-09-05 05:00:00,14.073703,2.733638,synthetic_cold_temperate_benchmark
2023-09-05 06:00:00,14.627478,144.964458,synthetic_cold_temperate_benchmark
2023-09-05 07:00:00,15.305712,278.819330,synthetic_cold_temperate_benchmark
2023-09-05 08:00:00,16.062184,396.564213,synthetic_cold_temperate_benchmark
2023-09-05 09:00:00,16.845341,491.395888,synthetic_cold_temperate_benchmark
2023-09-05 10:00:00,17.601813,557.835045,synthetic_cold_temperate_benchmark
2023-09-05 11:00:00,18.280047,592.042876,synthetic_cold_temperate_benchmark
2023-09-05 12:00:00,18.833823,592.042876,synthetic_cold_temperate_benchmark
2023-09-05 13:00:00,19.225401,557.835045,synthetic_cold_temperate_benchmark
2023-09-05 14:00:00,19.428097,491.395888,synthetic_cold_temperate_benchmark
2023-09-05 15:00:00,19.428097,396.564213,synthetic_cold_temperate_benchmark
2023-09-05 16:00:00,19.225401,278.819330,synthetic_cold_temperate_benchmark
2023-09-05 17:00:00,18.833823,144.964458,synthetic_cold_temperate_benchmark
2023-09-05 18:00:00,18.280047,2.733638,synthetic_cold_temperate_benchmark
2023-09-05 19:00:00,17.601813,0.000000,synthetic_cold_temperate_benchmark
2023-09-05 20:00:00,16.845341,0.000000,synthetic_cold_temperate_benchmark
2023-09-05 21:00:00,16.062184,0.000000,synthetic_cold_temperate_benchmark
2023-09-05 22:00:00,15.305712,0.000000,synthetic_cold_temperate_benchmark
2023-09-05 23:00:00,14.627478,0.000000,synthetic_cold_temperate_benchmark
2023-09-06 00:00:00,13.933349,0.000000,synthetic_cold_temperate_benchmark
2023-09-06 01:00:00,13.541771,0.000000,synthetic_cold_temperate_benchmark
2023-09-06 02:00:00,13.339075,0.000000,synthetic_cold_temperate_benchmark
2023-09-06 03:00:00,13.339075,0.000000,synthetic_cold_temperate_benchmark
2023-09-06 04:00:00,13.541771,0.000000,synthetic_cold_temperate_benchmark
2023-09-06 05:00:00,13.933349,0.000000,synthetic_cold_temperate_benchmark
2023-09-06 06:00:00,14.487125,139.938577,synthetic_cold_temperate_benchmark
2023-09-06 07:00:00,15.165359,273.758347,synthetic_cold_temperate_benchmark
2023-09-06 08:00:00,15.921831,391.598383,synthetic_cold_temperate_benchmark
2023-09-06 09:00:00,16.704988,486.580164,synthetic_cold_temperate_benchmark
2023-09-06 10:00:00,17.461460,553.159444,synthetic_cold_temperate_benchmark
2023-09-06 11:00:00,18.139694,587.449879,synthetic_cold_temperate_benchmark
2023-09-06 12:00:00,18.693469,587.449879,synthetic_cold_temperate_benchmark
2023-09-06 13:00:00,19.085048,553.159444,synthetic_cold_temperate_benchmark
2023-09-06 14:00:00,19.287744,486.580164,synthetic_cold_temperate_benchmark
2023-09-06 15:00:00,19.287744,391.598383,synthetic_cold_temperate_benchmark
2023-09-06 16:00:00,19.085048,273.758347,synthetic_cold_temperate_benchmark
2023-09-06 17:00:00,18.693469,139.938577,synthetic_cold_temperate_benchmark
2023-09-06 18:00:00,18.139694,0.000000,synthetic_cold_temperate_benchmark
2023-09-06 19:00:00,17.461460,0.000000,synthetic_cold_temperate_benchmark
2023-09-06 20:00:00,16.704988,0.000000,synthetic_cold_temperate_benchmark
2023-09-06 21:00:00,15.921831,0.000000,synthetic_cold_temperate_benchmark
2023-09-06 22:00:00,15.165359,0.000000,synthetic_cold_temperate_benchmark
2023-09-06 23:00:00,14.487125,0.000000,synthetic_cold_temperate_benchmark
2023-09-07 00:00:00,13.790829,0.000000,synthetic_cold_temperate_benchmark
2023-09-07 01:00:00,13.399250,0.000000,synthetic_cold_temperate_benchmark
2023-09-07 02:00:00,13.196554,0.000000,synthetic_cold_temperate_benchmark
2023-09-07 03:00:00,13.196554,0.000000,synthetic_cold_temperate_benchmark
2023-09-07 04:00:00,13.399250,0.000000,synthetic_cold_temperate_benchmark
2023-09-07 05:00:00,13.790829,0.000000,synthetic_cold_temperate_benchmark
2023-09-07 06:00:00,14.344605,134.905029,synthetic_cold_temperate_benchmark
2023-09-07 07:00:00,15.022839,268.682271,synthetic_cold_temperate_benchmark
2023-09-07 08:00:00,15.779310,386.613761,synthetic_cold_temperate_benchmark
2023-09-07 09:00:00,16.562468,481.744395,synthetic_cold_temperate_benchmark
2023-09-07 10:00:00,17.318939,548.463768,synthetic_cold_temperate_benchmark
2023-09-07 11:00:00,17.997173,582.837050,synthetic_cold_temperate_benchmark
2023-09-07 12:00:00,18.550949,582.837050,synthetic_cold_temperate_benchmark
2023-09-07 13:00:00,18.942528,548.463768,synthetic_cold_temperate_benchmark
2023-09-07 14:00:00,19.145224,481.744395,synthetic_cold_temperate_benchmark
2023-09-07 15:00:00,19.145224,386.613761,synthetic_cold_temperate_benchmark
2023-09-07 16:00:00,18.942528,268.682271,synthetic_cold_temperate_benchmark
2023-09-07 17:00:00,18.550949,134.905029,synthetic_cold_temperate_benchmark
2023-09-07 18:00:00,17.997173,0.000000,synthetic_cold_temperate_benchmark
2023-09-07 19:00:00,17.318939,0.000000,synthetic_cold_temperate_benchmark
2023-09-07 20:00:00,16.562468,0.000000,synthetic_cold_temperate_benchmark
2023-09-07 21:00:00,15.779310,0.000000,synthetic_cold_temperate_benchmark
2023-09-07 22:00:00,15.022839,0.000000,synthetic_cold_temperate_benchmark
2023-09-07 23:00:00,14.344605,0.000000,synthetic_cold_temperate_benchmark
2023-09-08 00:00:00,13.646184,0.000000,synthetic_cold_temperate_benchmark
2023-09-08 01:00:00,13.254605,0.000000,synthetic_cold_temperate_benchmark
2023-09-08 02:00:00,13.051909,0.000000,synthetic_cold_temperate_benchmark
2023-09-08 03:00:00,13.051909,0.000000,synthetic_cold_temperate_benchmark
2023-09-08 04:00:00,13.254605,0.000000,synthetic_cold_temperate_benchmark
2023-09-08 05:00:00,13.646184,0.000000,synthetic_cold_temperate_benchmark
2023-09-08 06:00:00,14.199959,129.865945,synthetic_cold_temperate_benchmark
2023-09-08 07:00:00,14.878193,263.592963,synthetic_cold_temperate_benchmark
2023-09-08 08:00:00,15.634665,381.612000,synthetic_cold_temperate_benchmark
2023-09-08 09:00:00,16.417822,476.890086,synthetic_cold_temperate_benchmark
2023-09-08 10:00:00,17.174294,543.749428,synthetic_cold_temperate_benchmark
2023-09-08 11:00:00,17.852528,578.205757,synthetic_cold_temperate_benchmark
2023-09-08 12:00:00,18.406304,578.205757,synthetic_cold_temperate_benchmark
2023-09-08 13:00:00,18.797882,543.749428,synthetic_cold_temperate_benchmark
2023-09-08 14:00:00,19.000578,476.890086,synthetic_cold_temperate_benchmark
2023-09-08 15:00:00,19.000578,381.612000,synthetic_cold_temperate_benchmark
2023-09-08 16:00:00,18.797882,263.592963,synthetic_cold_temperate_benchmark
2023-09-08 17:00:00,18.406304,129.865945,synthetic_cold_temperate_benchmark
2023-09-08 18:00:00,17.852528,0.000000,synthetic_cold_temperate_benchmark
2023-09-08 19:00:00,17.174294,0.000000,synthetic_cold_temperate_benchmark
2023-09-08 20:00:00,16.417822,0.000000,synthetic_cold_temperate_benchmark
2023-09-08 21:00:00,15.634665,0.000000,synthetic_cold_temperate_benchmark
2023-09-08 22:00:00,14.878193,0.000000,synthetic_cold_temperate_benchmark
2023-09-08 23:00:00,14.199959,0.000000,synthetic_cold_temperate_benchmark
2023-09-09 00:00:00,13.499456,0.000000,synthetic_cold_temperate_benchmark
2023-09-09 01:00:00,13.107878,0.000000,synthetic_cold_temperate_benchmark
2023-09-09 02:00:00,12.905182,0.000000,synthetic_cold_temperate_benchmark
2023-09-09 03:00:00,12.905182,0.000000,synthetic_cold_temperate_benchmark
2023-09-09 04:00:00,13.107878,0.000000,synthetic_cold_temperate_benchmark
2023-09-09 05:00:00,13.499456,0.000000,synthetic_cold_temperate_benchmark
2023-09-09 06:00:00,14.053232,124.823472,synthetic_cold_temperate_benchmark
2023-09-09 07:00:00,14.731466,258.492297,synthetic_cold_temperate_benchmark
2023-09-09 08:00:00,15.487938,376.594760,synthetic_cold_temperate_benchmark
2023-09-09 09:00:00,16.271095,472.018748,synthetic_cold_temperate_benchmark
2023-09-09 10:00:00,17.027567,539.017844,synthetic_cold_temperate_benchmark
2023-09-09 11:00:00,17.705801,573.557375,synthetic_cold_temperate_benchmark
2023-09-09 12:00:00,18.259576,573.557375,synthetic_cold_temperate_benchmark
2023-09-09 13:00:00,18.651155,539.017844,synthetic_cold_temperate_benchmark
2023-09-09 14:00:00,18.853851,472.018748,synthetic_cold_temperate_benchmark
2023-09-09 15:00:00,18.853851,376.594760,synthetic_cold_temperate_benchmark
2023-09-09 16:00:00,18.651155,258.492297,synthetic_cold_temperate_benchmark
2023-09-09 17:00:00,18.259576,124.823472,synthetic_cold_temperate_benchmark
2023-09-09 18:00:00,17.705801,0.000000,synthetic_cold_temperate_benchmark
2023-09-09 19:00:00,17.027567,0.000000,synthetic_cold_temperate_benchmark
2023-09-09 20:00:00,16.271095,0.000000,synthetic_cold_temperate_benchmark
2023-09-09 21:00:00,15.487938,0.000000,synthetic_cold_temperate_benchmark
2023-09-09 22:00:00,14.731466,0.000000,synthetic_cold_temperate_benchmark
2023-09-09 23:00:00,14.053232,0.000000,synthetic_cold_temperate_benchmark
2023-09-10 00:00:00,13.350690,0.000000,synthetic_cold_temperate_benchmark
2023-09-10 01:00:00,12.959112,0.000000,synthetic_cold_temperate_benchmark
2023-09-10 02:00:00,12.756416,0.000000,synthetic_cold_temperate_benchmark
2023-09-10 03:00:00,12.756416,0.000000,synthetic_cold_temperate_benchmark
2023-09-10 04:00:00,12.959112,0.000000,synthetic_cold_temperate_benchmark
2023-09-10 05:00:00,13.350690,0.000000,synthetic_cold_temperate_benchmark
2023-09-10 06:00:00,13.904466,119.779768,synthetic_cold_temperate_benchmark
2023-09-10 07:00:00,14.582700,253.382159,synthetic_cold_temperate_benchmark
2023-09-10 08:00:00,15.339172,371.563712,synthetic_cold_temperate_benchmark
2023-09-10 09:00:00,16.122329,467.131899,synthetic_cold_temperate_benchmark
2023-09-10 10:00:00,16.878801,534.270440,synthetic_cold_temperate_benchmark
2023-09-10 11:00:00,17.557035,568.893284,synthetic_cold_temperate_benchmark
2023-09-10 12:00:00,18.110810,568.893284,synthetic_cold_temperate_benchmark
2023-09-10 13:00:00,18.502389,534.270440,synthetic_cold_temperate_benchmark
2023-09-10 14:00:00,18.705085,467.131899,synthetic_cold_temperate_benchmark
2023-09-10 15:00:00,18.705085,371.563712,synthetic_cold_temperate_benchmark
2023-09-10 16:00:00,18.502389,253.382159,synthetic_cold_temperate_benchmark
2023-09-10 17:00:00,18.110810,119.779768,synthetic_cold_temperate_benchmark
2023-09-10 18:00:00,17.557035,0.000000,synthetic_cold_temperate_benchmark
2023-09-10 19:00:00,16.878801,0.000000,synthetic_cold_temperate_benchmark
2023-09-10 20:00:00,16.122329,0.000000,synthetic_cold_temperate_benchmark
2023-09-10 21:00:00,15.339172,0.000000,synthetic_cold_temperate_benchmark
2023-09-10 22:00:00,14.582700,0.000000,synthetic_cold_temperate_benchmark
2023-09-10 23:00:00,13.904466,0.000000,synthetic_cold_temperate_benchmark
2023-09-11 00:00:00,13.199930,0.000000,synthetic_cold_temperate_benchmark
2023-09-11 01:00:00,12.808351,0.000000,synthetic_cold_temperate_benchmark
2023-09-11 02:00:00,12.605655,0.000000,synthetic_cold_temperate_benchmark
2023-09-11 03:00:00,12.605655,0.000000,synthetic_cold_temperate_benchmark
2023-09-11 04:00:00,12.808351,0.000000,synthetic_cold_temperate_benchmark
2023-09-11 05:00:00,13.199930,0.000000,synthetic_cold_temperate_benchmark
2023-09-11 06:00:00,13.753706,114.737006,synthetic_cold_temperate_benchmark
2023-09-11 07:00:00,14.431940,248.264446,synthetic_cold_temperate_benchmark
2023-09-11 08:00:00,15.188411,366.520539,synthetic_cold_temperate_benchmark
2023-09-11 09:00:00,15.971569,462.231068,synthetic_cold_temperate_benchmark
2023-09-11 10:00:00,16.728040,529.508647,synthetic_cold_temperate_benchmark
2023-09-11 11:00:00,17.406274,564.214867,synthetic_cold_temperate_benchmark
2023-09-11 12:00:00,17.960050,564.214867,synthetic_cold_temperate_benchmark
2023-09-11 13:00:00,18.351629,529.508647,synthetic_cold_temperate_benchmark
2023-09-11 14:00:00,18.554325,462.231068,synthetic_cold_temperate_benchmark
2023-09-11 15:00:00,18.554325,366.520539,synthetic_cold_temperate_benchmark
2023-09-11 16:00:00,18.351629,248.264446,synthetic_cold_temperate_benchmark
2023-09-11 17:00:00,17.960050,114.737006,synthetic_cold_temperate_benchmark
2023-09-11 18:00:00,17.406274,0.000000,synthetic_cold_temperate_benchmark
2023-09-11 19:00:00,16.728040,0.000000,synthetic_cold_temperate_benchmark
2023-09-11 20:00:00,15.971569,0.000000,synthetic_cold_temperate_benchmark
2023-09-11 21:00:00,15.188411,0.000000,synthetic_cold_temperate_benchmark
2023-09-11 22:00:00,14.431940,0.000000,synthetic_cold_temperate_benchmark
2023-09-11 23:00:00,13.753706,0.000000,synthetic_cold_temperate_benchmark
2023-09-12 00:00:00,13.047220,0.000000,synthetic_cold_temperate_benchmark
2023-09-12 01:00:00,12.655641,0.000000,synthetic_cold_temperate_benchmark
2023-09-12 02:00:00,12.452945,0.000000,synthetic_cold_temperate_benchmark
2023-09-12 03:00:00,12.452945,0.000000,synthetic_cold_temperate_benchmark
2023-09-12 04:00:00,12.655641,0.000000,synthetic_cold_temperate_benchmark
2023-09-12 05:00:00,13.047220,0.000000,synthetic_cold_temperate_benchmark
2023-09-12 06:00:00,13.600996,109.697364,synthetic_cold_temperate_benchmark
2023-09-12 07:00:00,14.279230,243.141065,synthetic_cold_temperate_benchmark
2023-09-12 08:00:00,15.035701,361.466932,synthetic_cold_temperate_benchmark
2023-09-12 09:00:00,15.818858,457.317790,synthetic_cold_temperate_benchmark
2023-09-12 10:00:00,16.575330,524.733900,synthetic_cold_temperate_benchmark
2023-09-12 11:00:00,17.253564,559.523515,synthetic_cold_temperate_benchmark
2023-09-12 12:00:00,17.807340,559.523515,synthetic_cold_temperate_benchmark
2023-09-12 13:00:00,18.198919,524.733900,synthetic_cold_temperate_benchmark
2023-09-12 14:00:00,18.401614,457.317790,synthetic_cold_temperate_benchmark
2023-09-12 15:00:00,18.401614,361.466932,synthetic_cold_temperate_benchmark
2023-09-12 16:00:00,18.198919,243.141065,synthetic_cold_temperate_benchmark
2023-09-12 17:00:00,17.807340,109.697364,synthetic_cold_temperate_benchmark
2023-09-12 18:00:00,17.253564,0.000000,synthetic_cold_temperate_benchmark
2023-09-12 19:00:00,16.575330,0.000000,synthetic_cold_temperate_benchmark
2023-09-12 20:00:00,15.818858,0.000000,synthetic_cold_temperate_benchmark
2023-09-12 21:00:00,15.035701,0.000000,synthetic_cold_temperate_benchmark
2023-09-12 22:00:00,14.279230,0.000000,synthetic_cold_temperate_benchmark
2023-09-12 23:00:00,13.600996,0.000000,synthetic_cold_temperate_benchmark
2023-09-13 00:00:00,12.892605,0.000000,synthetic_cold_temperate_benchmark
2023-09-13 01:00:00,12.501027,0.000000,synthetic_cold_temperate_benchmark
2023-09-13 02:00:00,12.298331,0.000000,synthetic_cold_temperate_benchmark
2023-09-13 03:00:00,12.298331,0.000000,synthetic_cold_temperate_benchmark
2023-09-13 04:00:00,12.501027,0.000000,synthetic_cold_temperate_benchmark
2023-09-13 05:00:00,12.892605,0.000000,synthetic_cold_temperate_benchmark
2023-09-13 06:00:00,13.446381,104.663033,synthetic_cold_temperate_benchmark
2023-09-13 07:00:00,14.124615,238.013936,synthetic_cold_temperate_benchmark
2023-09-13 08:00:00,14.881087,356.404588,synthetic_cold_temperate_benchmark
2023-09-13 09:00:00,15.664244,452.393604,synthetic_cold_temperate_benchmark
2023-09-13 10:00:00,16.420716,519.947640,synthetic_cold_temperate_benchmark
2023-09-13 11:00:00,17.098950,554.820620,synthetic_cold_temperate_benchmark
2023-09-13 12:00:00,17.652725,554.820620,synthetic_cold_temperate_benchmark
2023-09-13 13:00:00,18.044304,519.947640,synthetic_cold_temperate_benchmark
2023-09-13 14:00:00,18.247000,452.393604,synthetic_cold_temperate_benchmark
2023-09-13 15:00:00,18.247000,356.404588,synthetic_cold_temperate_benchmark
2023-09-13 16:00:00,18.044304,238.013936,synthetic_cold_temperate_benchmark
2023-09-13 17:00:00,17.652725,104.663033,synthetic_cold_temperate_benchmark
2023-09-13 18:00:00,17.098950,0.000000,synthetic_cold_temperate_benchmark
2023-09-13 19:00:00,16.420716,0.000000,synthetic_cold_temperate_benchmark
2023-09-13 20:00:00,15.664244,0.000000,synthetic_cold_temperate_benchmark
2023-09-13 21:00:00,14.881087,0.000000,synthetic_cold_temperate_benchmark
2023-09-13 22:00:00,14.124615,0.000000,synthetic_cold_temperate_benchmark
2023-09-13 23:00:00,13.446381,0.000000,synthetic_cold_temperate_benchmark
2023-09-14 00:00:00,12.736132,0.000000,synthetic_cold_temperate_benchmark
2023-09-14 01:00:00,12.344553,0.000000,synthetic_cold_temperate_benchmark
2023-09-14 02:00:00,12.141857,0.000000,synthetic_cold_temperate_benchmark
2023-09-14 03:00:00,12.141857,0.000000,synthetic_cold_temperate_benchmark
2023-09-14 04:00:00,12.344553,0.000000,synthetic_cold_temperate_benchmark
2023-09-14 05:00:00,12.736132,0.000000,synthetic_cold_temperate_benchmark
2023-09-14 06:00:00,13.289908,99.636211,synthetic_cold_temperate_benchmark
2023-09-14 07:00:00,13.968142,232.884984,synthetic_cold_temperate_benchmark
2023-09-14 08:00:00,14.724613,351.335217,synthetic_cold_temperate_benchmark
2023-09-14 09:00:00,15.507770,447.460059,synthetic_cold_temperate_benchmark
2023-09-14 10:00:00,16.264242,515.151313,synthetic_cold_temperate_benchmark
2023-09-14 11:00:00,16.942476,550.107577,synthetic_cold_temperate_benchmark
2023-09-14 12:00:00,17.496252,550.107577,synthetic_cold_temperate_benchmark
2023-09-14 13:00:00,17.887830,515.151313,synthetic_cold_temperate_benchmark
2023-09-14 14:00:00,18.090526,447.460059,synthetic_cold_temperate_benchmark
2023-09-14 15:00:00,18.090526,351.335217,synthetic_cold_temperate_benchmark
2023-09-14 16:00:00,17.887830,232.884984,synthetic_cold_temperate_benchmark
2023-09-14 17:00:00,17.496252,99.636211,synthetic_cold_temperate_benchmark
2023-09-14 18:00:00,16.942476,0.000000,synthetic_cold_temperate_benchmark
2023-09-14 19:00:00,16.264242,0.000000,synthetic_cold_temperate_benchmark
2023-09-14 20:00:00,15.507770,0.000000,synthetic_cold_temperate_benchmark
2023-09-14 21:00:00,14.724613,0.000000,synthetic_cold_temperate_benchmark
2023-09-14 22:00:00,13.968142,0.000000,synthetic_cold_temperate_benchmark
2023-09-14 23:00:00,13.289908,0.000000,synthetic_cold_temperate_benchmark
2023-09-15 00:00:00,12.577846,0.000000,synthetic_cold_temperate_benchmark
2023-09-15 01:00:00,12.186267,0.000000,synthetic_cold_temperate_benchmark
2023-09-15 02:00:00,11.983571,0.000000,synthetic_cold_temperate_benchmark
2023-09-15 03:00:00,11.983571,0.000000,synthetic_cold_temperate_benchmark
2023-09-15 04:00:00,12.186267,0.000000,synthetic_cold_temperate_benchmark
2023-09-15 05:00:00,12.577846,0.000000,synthetic_cold_temperate_benchmark
2023-09-15 06:00:00,13.131622,94.619102,synthetic_cold_temperate_benchmark
2023-09-15 07:00:00,13.809856,227.756146,synthetic_cold_temperate_benchmark
2023-09-15 08:00:00,14.566327,346.260533,synthetic_cold_temperate_benchmark
2023-09-15 09:00:00,15.349485,442.518707,synthetic_cold_temperate_benchmark
2023-09-15 10:00:00,16.105956,510.346368,synthetic_cold_temperate_benchmark
2023-09-15 11:00:00,16.784190,545.385787,synthetic_cold_temperate_benchmark
2023-09-15 12:00:00,17.337966,545.385787,synthetic_cold_temperate_benchmark
2023-09-15 13:00:00,17.729545,510.346368,synthetic_cold_temperate_benchmark
2023-09-15 14:00:00,17.932241,442.518707,synthetic_cold_temperate_benchmark
2023-09-15 15:00:00,17.932241,346.260533,synthetic_cold_temperate_benchmark
2023-09-15 16:00:00,17.729545,227.756146,synthetic_cold_temperate_benchmark
2023-09-15 17:00:00,17.337966,94.619102,synthetic_cold_temperate_benchmark
2023-09-15 18:00:00,16.784190,0.000000,synthetic_cold_temperate_benchmark
2023-09-15 19:00:00,16.105956,0.000000,synthetic_cold_temperate_benchmark
2023-09-15 20:00:00,15.349485,0.000000,synthetic_cold_temperate_benchmark
2023-09-15 21:00:00,14.566327,0.000000,synthetic_cold_temperate_benchmark
2023-09-15 22:00:00,13.809856,0.000000,synthetic_cold_temperate_benchmark
2023-09-15 23:00:00,13.131622,0.000000,synthetic_cold_temperate_benchmark
2023-09-16 00:00:00,12.417795,0.000000,synthetic_cold_temperate_benchmark
2023-09-16 01:00:00,12.026216,0.000000,synthetic_cold_temperate_benchmark
2023-09-16 02:00:00,11.823520,0.000000,synthetic_cold_temperate_benchmark
2023-09-16 03:00:00,11.823520,0.000000,synthetic_cold_temperate_benchmark
2023-09-16 04:00:00,12.026216,0.000000,synthetic_cold_temperate_benchmark
2023-09-16 05:00:00,12.417795,0.000000,synthetic_cold_temperate_benchmark
2023-09-16 06:00:00,12.971571,89.613912,synthetic_cold_temperate_benchmark
2023-09-16 07:00:00,13.649804,222.629361,synthetic_cold_temperate_benchmark
2023-09-16 08:00:00,14.406276,341.182256,synthetic_cold_temperate_benchmark
2023-09-16 09:00:00,15.189433,437.571108,synthetic_cold_temperate_benchmark
2023-09-16 10:00:00,15.945905,505.534258,synthetic_cold_temperate_benchmark
2023-09-16 11:00:00,16.624139,540.656651,synthetic_cold_temperate_benchmark
2023-09-16 12:00:00,17.177915,540.656651,synthetic_cold_temperate_benchmark
2023-09-16 13:00:00,17.569493,505.534258,synthetic_cold_temperate_benchmark
2023-09-16 14:00:00,17.772189,437.571108,synthetic_cold_temperate_benchmark
2023-09-16 15:00:00,17.772189,341.182256,synthetic_cold_temperate_benchmark
2023-09-16 16:00:00,17.569493,222.629361,synthetic_cold_temperate_benchmark
2023-09-16 17:00:00,17.177915,89.613912,synthetic_cold_temperate_benchmark
2023-09-16 18:00:00,16.624139,0.000000,synthetic_cold_temperate_benchmark
2023-09-16 19:00:00,15.945905,0.000000,synthetic_cold_temperate_benchmark
2023-09-16 20:00:00,15.189433,0.000000,synthetic_cold_temperate_benchmark
2023-09-16 21:00:00,14.406276,0.000000,synthetic_cold_temperate_benchmark
2023-09-16 22:00:00,13.649804,0.000000,synthetic_cold_temperate_benchmark
2023-09-16 23:00:00,12.971571,0.000000,synthetic_cold_temperate_benchmark
2023-09-17 00:00:00,12.256026,0.000000,synthetic_cold_temperate_benchmark
2023-09-17 01:00:00,11.864447,0.000000,synthetic_cold_temperate_benchmark
2023-09-17 02:00:00,11.661751,0.000000,synthetic_cold_temperate_benchmark
2023-09-17 03:00:00,11.661751,0.000000,synthetic_cold_temperate_benchmark
2023-09-17 04:00:00,11.864447,0.000000,synthetic_cold_temperate_benchmark
2023-09-17 05:00:00,12.256026,0.000000,synthetic_cold_temperate_benchmark
2023-09-17 06:00:00,12.809801,84.622854,synthetic_cold_temperate_benchmark
2023-09-17 07:00:00,13.488035,217.506579,synthetic_cold_temperate_benchmark
2023-09-17 08:00:00,14.244507,336.102115,synthetic_cold_temperate_benchmark
2023-09-17 09:00:00,15.027664,432.618823,synthetic_cold_temperate_benchmark
2023-09-17 10:00:00,15.784136,500.716439,synthetic_cold_temperate_benchmark
2023-09-17 11:00:00,16.462370,535.921575,synthetic_cold_temperate_benchmark
2023-09-17 12:00:00,17.016146,535.921575,synthetic_cold_temperate_benchmark
2023-09-17 13:00:00,17.407724,500.716439,synthetic_cold_temperate_benchmark
2023-09-17 14:00:00,17.610420,432.618823,synthetic_cold_temperate_benchmark
2023-09-17 15:00:00,17.610420,336.102115,synthetic_cold_temperate_benchmark
2023-09-17 16:00:00,17.407724,217.506579,synthetic_cold_temperate_benchmark
2023-09-17 17:00:00,17.016146,84.622854,synthetic_cold_temperate_benchmark
2023-09-17 18:00:00,16.462370,0.000000,synthetic_cold_temperate_benchmark
2023-09-17 19:00:00,15.784136,0.000000,synthetic_cold_temperate_benchmark
2023-09-17 20:00:00,15.027664,0.000000,synthetic_cold_temperate_benchmark
2023-09-17 21:00:00,14.244507,0.000000,synthetic_cold_temperate_benchmark
2023-09-17 22:00:00,13.488035,0.000000,synthetic_cold_temperate_benchmark
2023-09-17 23:00:00,12.809801,0.000000,synthetic_cold_temperate_benchmark
2023-09-18 00:00:00,12.092586,0.000000,synthetic_cold_temperate_benchmark
2023-09-18 01:00:00,11.701008,0.000000,synthetic_cold_temperate_benchmark
2023-09-18 02:00:00,11.498312,0.000000,synthetic_cold_temperate_benchmark
2023-09-18 03:00:00,11.498312,0.000000,synthetic_cold_temperate_benchmark
2023-09-18 04:00:00,11.701008,0.000000,synthetic_cold_temperate_benchmark
2023-09-18 05:00:00,12.092586,0.000000,synthetic_cold_temperate_benchmark
2023-09-18 06:00:00,12.646362,79.648141,synthetic_cold_temperate_benchmark
2023-09-18 07:00:00,13.324596,212.389752,synthetic_cold_temperate_benchmark
2023-09-18 08:00:00,14.081068,331.021843,synthetic_cold_temperate_benchmark
2023-09-18 09:00:00,14.864225,427.663420,synthetic_cold_temperate_benchmark
2023-09-18 10:00:00,15.620696,495.894372,synthetic_cold_temperate_benchmark
2023-09-18 11:00:00,16.298930,531.181964,synthetic_cold_temperate_benchmark
2023-09-18 12:00:00,16.852706,531.181964,synthetic_cold_temperate_benchmark
2023-09-18 13:00:00,17.244285,495.894372,synthetic_cold_temperate_benchmark
2023-09-18 14:00:00,17.446981,427.663420,synthetic_cold_temperate_benchmark
2023-09-18 15:00:00,17.446981,331.021843,synthetic_cold_temperate_benchmark
2023-09-18 16:00:00,17.244285,212.389752,synthetic_cold_temperate_benchmark
2023-09-18 17:00:00,16.852706,79.648141,synthetic_cold_temperate_benchmark
2023-09-18 18:00:00,16.298930,0.000000,synthetic_cold_temperate_benchmark
2023-09-18 19:00:00,15.620696,0.000000,synthetic_cold_temperate_benchmark
2023-09-18 20:00:00,14.864225,0.000000,synthetic_cold_temperate_benchmark
2023-09-18 21:00:00,14.081068,0.000000,synthetic_cold_temperate_benchmark
2023-09-18 22:00:00,13.324596,0.000000,synthetic_cold_temperate_benchmark
2023-09-18 23:00:00,12.646362,0.000000,synthetic_cold_temperate_benchmark
2023-09-19 00:00:00,11.927525,0.000000,synthetic_cold_temperate_benchmark
2023-09-19 01:00:00,11.535947,0.000000,synthetic_cold_temperate_benchmark
2023-09-19 02:00:00,11.333251,0.000000,synthetic_cold_temperate_benchmark
2023-09-19 03:00:00,11.333251,0.000000,synthetic_cold_temperate_benchmark
2023-09-19 04:00:00,11.535947,0.000000,synthetic_cold_temperate_benchmark
2023-09-19 05:00:00,11.927525,0.000000,synthetic_cold_temperate_benchmark
2023-09-19 06:00:00,12.481301,74.691984,synthetic_cold_temperate_benchmark
2023-09-19 07:00:00,13.159535,207.280837,synthetic_cold_temperate_benchmark
2023-09-19 08:00:00,13.916007,325.943175,synthetic_cold_temperate_benchmark
2023-09-19 09:00:00,14.699164,422.706470,synthetic_cold_temperate_benchmark
2023-09-19 10:00:00,15.455635,491.069516,synthetic_cold_temperate_benchmark
2023-09-19 11:00:00,16.133869,526.439226,synthetic_cold_temperate_benchmark
2023-09-19 12:00:00,16.687645,526.439226,synthetic_cold_temperate_benchmark
2023-09-19 13:00:00,17.079224,491.069516,synthetic_cold_temperate_benchmark
2023-09-19 14:00:00,17.281920,422.706470,synthetic_cold_temperate_benchmark
2023-09-19 15:00:00,17.281920,325.943175,synthetic_cold_temperate_benchmark
2023-09-19 16:00:00,17.079224,207.280837,synthetic_cold_temperate_benchmark
2023-09-19 17:00:00,16.687645,74.691984,synthetic_cold_temperate_benchmark
2023-09-19 18:00:00,16.133869,0.000000,synthetic_cold_temperate_benchmark
2023-09-19 19:00:00,15.455635,0.000000,synthetic_cold_temperate_benchmark
2023-09-19 20:00:00,14.699164,0.000000,synthetic_cold_temperate_benchmark
2023-09-19 21:00:00,13.916007,0.000000,synthetic_cold_temperate_benchmark
2023-09-19 22:00:00,13.159535,0.000000,synthetic_cold_temperate_benchmark
2023-09-19 23:00:00,12.481301,0.000000,synthetic_cold_temperate_benchmark
2023-09-20 00:00:00,11.760891,0.000000,synthetic_cold_temperate_benchmark
2023-09-20 01:00:00,11.369313,0.000000,synthetic_cold_temperate_benchmark
2023-09-20 02:00:00,11.166617,0.000000,synthetic_cold_temperate_benchmark
2023-09-20 03:00:00,11.166617,0.000000,synthetic_cold_temperate_benchmark
2023-09-20 04:00:00,11.369313,0.000000,synthetic_cold_temperate_benchmark
2023-09-20 05:00:00,11.760891,0.000000,synthetic_cold_temperate_benchmark
2023-09-20 06:00:00,12.314667,69.756595,synthetic_cold_temperate_benchmark
2023-09-20 07:00:00,12.992901,202.181791,synthetic_cold_temperate_benchmark
2023-09-20 08:00:00,13.749373,320.867853,synthetic_cold_temperate_benchmark
2023-09-20 09:00:00,14.532530,417.749546,synthetic_cold_temperate_benchmark
2023-09-20 10:00:00,15.289002,486.243335,synthetic_cold_temperate_benchmark
2023-09-20 11:00:00,15.967236,521.694770,synthetic_cold_temperate_benchmark
2023-09-20 12:00:00,16.521011,521.694770,synthetic_cold_temperate_benchmark
2023-09-20 13:00:00,16.912590,486.243335,synthetic_cold_temperate_benchmark
2023-09-20 14:00:00,17.115286,417.749546,synthetic_cold_temperate_benchmark
2023-09-20 15:00:00,17.115286,320.867853,synthetic_cold_temperate_benchmark
2023-09-20 16:00:00,16.912590,202.181791,synthetic_cold_temperate_benchmark
2023-09-20 17:00:00,16.521011,69.756595,synthetic_cold_temperate_benchmark
2023-09-20 18:00:00,15.967236,0.000000,synthetic_cold_temperate_benchmark
2023-09-20 19:00:00,15.289002,0.000000,synthetic_cold_temperate_benchmark
2023-09-20 20:00:00,14.532530,0.000000,synthetic_cold_temperate_benchmark
2023-09-20 21:00:00,13.749373,0.000000,synthetic_cold_temperate_benchmark
2023-09-20 22:00:00,12.992901,0.000000,synthetic_cold_temperate_benchmark
2023-09-20 23:00:00,12.314667,0.000000,synthetic_cold_temperate_benchmark
2023-09-21 00:00:00,11.592734,0.000000,synthetic_cold_temperate_benchmark
2023-09-21 01:00:00,11.201156,0.000000,synthetic_cold_temperate_benchmark
2023-09-21 02:00:00,10.998460,0.000000,synthetic_cold_temperate_benchmark
2023-09-21 03:00:00,10.998460,0.000000,synthetic_cold_temperate_benchmark
2023-09-21 04:00:00,11.201156,0.000000,synthetic_cold_temperate_benchmark
2023-09-21 05:00:00,11.592734,0.000000,synthetic_cold_temperate_benchmark
2023-09-21 06:00:00,12.146510,64.844178,synthetic_cold_temperate_benchmark
2023-09-21 07:00:00,12.824744,197.094577,synthetic_cold_temperate_benchmark
2023-09-21 08:00:00,13.581216,315.797622,synthetic_cold_temperate_benchmark
2023-09-21 09:00:00,14.364373,412.794224,synthetic_cold_temperate_benchmark
2023-09-21 10:00:00,15.120845,481.417294,synthetic_cold_temperate_benchmark
2023-09-21 11:00:00,15.799079,516.950005,synthetic_cold_temperate_benchmark
2023-09-21 12:00:00,16.352854,516.950005,synthetic_cold_temperate_benchmark
2023-09-21 13:00:00,16.744433,481.417294,synthetic_cold_temperate_benchmark
2023-09-21 14:00:00,16.947129,412.794224,synthetic_cold_temperate_benchmark
2023-09-21 15:00:00,16.947129,315.797622,synthetic_cold_temperate_benchmark
2023-09-21 16:00:00,16.744433,197.094577,synthetic_cold_temperate_benchmark
2023-09-21 17:00:00,16.352854,64.844178,synthetic_cold_temperate_benchmark
2023-09-21 18:00:00,15.799079,0.000000,synthetic_cold_temperate_benchmark
2023-09-21 19:00:00,15.120845,0.000000,synthetic_cold_temperate_benchmark
2023-09-21 20:00:00,14.364373,0.000000,synthetic_cold_temperate_benchmark
2023-09-21 21:00:00,13.581216,0.000000,synthetic_cold_temperate_benchmark
2023-09-21 22:00:00,12.824744,0.000000,synthetic_cold_temperate_benchmark
2023-09-21 23:00:00,12.146510,0.000000,synthetic_cold_temperate_benchmark
2023-09-22 00:00:00,11.423104,0.000000,synthetic_cold_temperate_benchmark
2023-09-22 01:00:00,11.031525,0.000000,synthetic_cold_temperate_benchmark
2023-09-22 02:00:00,10.828829,0.000000,synthetic_cold_temperate_benchmark
2023-09-22 03:00:00,10.828829,0.000000,synthetic_cold_temperate_benchmark
2023-09-22 04:00:00,11.031525,0.000000,synthetic_cold_temperate_benchmark
2023-09-22 05:00:00,11.423104,0.000000,synthetic_cold_temperate_benchmark
2023-09-22 06:00:00,11.976879,59.956935,synthetic_cold_temperate_benchmark
2023-09-22 07:00:00,12.655113,192.021154,synthetic_cold_temperate_benchmark
2023-09-22 08:00:00,13.411585,310.734226,synthetic_cold_temperate_benchmark
2023-09-22 09:00:00,14.194742,407.842083,synthetic_cold_temperate_benchmark
2023-09-22 10:00:00,14.951214,476.592859,synthetic_cold_temperate_benchmark
2023-09-22 11:00:00,15.629448,512.206341,synthetic_cold_temperate_benchmark
2023-09-22 12:00:00,16.183224,512.206341,synthetic_cold_temperate_benchmark
2023-09-22 13:00:00,16.574802,476.592859,synthetic_cold_temperate_benchmark
2023-09-22 14:00:00,16.777498,407.842083,synthetic_cold_temperate_benchmark
2023-09-22 15:00:00,16.777498,310.734226,synthetic_cold_temperate_benchmark
2023-09-22 16:00:00,16.574802,192.021154,synthetic_cold_temperate_benchmark
2023-09-22 17:00:00,16.183224,59.956935,synthetic_cold_temperate_benchmark
2023-09-22 18:00:00,15.629448,0.000000,synthetic_cold_temperate_benchmark
2023-09-22 19:00:00,14.951214,0.000000,synthetic_cold_temperate_benchmark
2023-09-22 20:00:00,14.194742,0.000000,synthetic_cold_temperate_benchmark
2023-09-22 21:00:00,13.411585,0.000000,synthetic_cold_temperate_benchmark
2023-09-22 22:00:00,12.655113,0.000000,synthetic_cold_temperate_benchmark
2023-09-22 23:00:00,11.976879,0.000000,synthetic_cold_temperate_benchmark
2023-09-23 00:00:00,11.252050,0.000000,synthetic_cold_temperate_benchmark
2023-09-23 01:00:00,10.860471,0.000000,synthetic_cold_temperate_benchmark
2023-09-23 02:00:00,10.657775,0.000000,synthetic_cold_temperate_benchmark
2023-09-23 03:00:00,10.657775,0.000000,synthetic_cold_temperate_benchmark
2023-09-23 04:00:00,10.860471,0.000000,synthetic_cold_temperate_benchmark
2023-09-23 05:00:00,11.252050,0.000000,synthetic_cold_temperate_benchmark
2023-09-23 06:00:00,11.805825,55.097057,synthetic_cold_temperate_benchmark
2023-09-23 07:00:00,12.484059,186.963481,synthetic_cold_temperate_benchmark
2023-09-23 08:00:00,13.240531,305.679412,synthetic_cold_temperate_benchmark
2023-09-23 09:00:00,14.023688,402.894701,synthetic_cold_temperate_benchmark
2023-09-23 10:00:00,14.780160,471.771494,synthetic_cold_temperate_benchmark
2023-09-23 11:00:00,15.458394,507.465189,synthetic_cold_temperate_benchmark
2023-09-23 12:00:00,16.012170,507.465189,synthetic_cold_temperate_benchmark
2023-09-23 13:00:00,16.403748,471.771494,synthetic_cold_temperate_benchmark
2023-09-23 14:00:00,16.606444,402.894701,synthetic_cold_temperate_benchmark
2023-09-23 15:00:00,16.606444,305.679412,synthetic_cold_temperate_benchmark
2023-09-23 16:00:00,16.403748,186.963481,synthetic_cold_temperate_benchmark
2023-09-23 17:00:00,16.012170,55.097057,synthetic_cold_temperate_benchmark
2023-09-23 18:00:00,15.458394,0.000000,synthetic_cold_temperate_benchmark
2023-09-23 19:00:00,14.780160,0.000000,synthetic_cold_temperate_benchmark
2023-09-23 20:00:00,14.023688,0.000000,synthetic_cold_temperate_benchmark
2023-09-23 21:00:00,13.240531,0.000000,synthetic_cold_temperate_benchmark
2023-09-23 22:00:00,12.484059,0.000000,synthetic_cold_temperate_benchmark
2023-09-23 23:00:00,11.805825,0.000000,synthetic_cold_temperate_benchmark
2023-09-24 00:00:00,11.079623,0.000000,synthetic_cold_temperate_benchmark
2023-09-24 01:00:00,10.688044,0.000000,synthetic_cold_temperate_benchmark
2023-09-24 02:00:00,10.485348,0.000000,synthetic_cold_temperate_benchmark
2023-09-24 03:00:00,10.485348,0.000000,synthetic_cold_temperate_benchmark
2023-09-24 04:00:00,10.688044,0.000000,synthetic_cold_temperate_benchmark
2023-09-24 05:00:00,11.079623,0.000000,synthetic_cold_temperate_benchmark
2023-09-24 06:00:00,11.633399,50.266725,synthetic_cold_temperate_benchmark
2023-09-24 07:00:00,12.311633,181.923515,synthetic_cold_temperate_benchmark
2023-09-24 08:00:00,13.068104,300.634929,synthetic_cold_temperate_benchmark
2023-09-24 09:00:00,13.851262,397.953659,synthetic_cold_temperate_benchmark
2023-09-24 10:00:00,14.607733,466.954667,synthetic_cold_temperate_benchmark
2023-09-24 11:00:00,15.285967,502.727955,synthetic_cold_temperate_benchmark
2023-09-24 12:00:00,15.839743,502.727955,synthetic_cold_temperate_benchmark
2023-09-24 13:00:00,16.231322,466.954667,synthetic_cold_temperate_benchmark
2023-09-24 14:00:00,16.434018,397.953659,synthetic_cold_temperate_benchmark
2023-09-24 15:00:00,16.434018,300.634929,synthetic_cold_temperate_benchmark
2023-09-24 16:00:00,16.231322,181.923515,synthetic_cold_temperate_benchmark
2023-09-24 17:00:00,15.839743,50.266725,synthetic_cold_temperate_benchmark
2023-09-24 18:00:00,15.285967,0.000000,synthetic_cold_temperate_benchmark
2023-09-24 19:00:00,14.607733,0.000000,synthetic_cold_temperate_benchmark
2023-09-24 20:00:00,13.851262,0.000000,synthetic_cold_temperate_benchmark
2023-09-24 21:00:00,13.068104,0.000000,synthetic_cold_temperate_benchmark
2023-09-24 22:00:00,12.311633,0.000000,synthetic_cold_temperate_benchmark
2023-09-24 23:00:00,11.633399,0.000000,synthetic_cold_temperate_benchmark
2023-09-25 00:00:00,10.905875,0.000000,synthetic_cold_temperate_benchmark
2023-09-25 01:00:00,10.514296,0.000000,synthetic_cold_temperate_benchmark
2023-09-25 02:00:00,10.311600,0.000000,synthetic_cold_temperate_benchmark
2023-09-25 03:00:00,10.311600,0.000000,synthetic_cold_temperate_benchmark
2023-09-25 04:00:00,10.514296,0.000000,synthetic_cold_temperate_benchmark
2023-09-25 05:00:00,10.905875,0.000000,synthetic_cold_temperate_benchmark
2023-09-25 06:00:00,11.459651,45.468110,synthetic_cold_temperate_benchmark
2023-09-25 07:00:00,12.137885,176.903208,synthetic_cold_temperate_benchmark
2023-09-25 08:00:00,12.894356,295.602522,synthetic_cold_temperate_benchmark
2023-09-25 09:00:00,13.677514,393.020537,synthetic_cold_temperate_benchmark
2023-09-25 10:00:00,14.433985,462.143843,synthetic_cold_temperate_benchmark
2023-09-25 11:00:00,15.112219,497.996049,synthetic_cold_temperate_benchmark
2023-09-25 12:00:00,15.665995,497.996049,synthetic_cold_temperate_benchmark
2023-09-25 13:00:00,16.057574,462.143843,synthetic_cold_temperate_benchmark
2023-09-25 14:00:00,16.260270,393.020537,synthetic_cold_temperate_benchmark
2023-09-25 15:00:00,16.260270,295.602522,synthetic_cold_temperate_benchmark
2023-09-25 16:00:00,16.057574,176.903208,synthetic_cold_temperate_benchmark
2023-09-25 17:00:00,15.665995,45.468110,synthetic_cold_temperate_benchmark
2023-09-25 18:00:00,15.112219,0.000000,synthetic_cold_temperate_benchmark
2023-09-25 19:00:00,14.433985,0.000000,synthetic_cold_temperate_benchmark
2023-09-25 20:00:00,13.677514,0.000000,synthetic_cold_temperate_benchmark
2023-09-25 21:00:00,12.894356,0.000000,synthetic_cold_temperate_benchmark
2023-09-25 22:00:00,12.137885,0.000000,synthetic_cold_temperate_benchmark
2023-09-25 23:00:00,11.459651,0.000000,synthetic_cold_temperate_benchmark
2023-09-26 00:00:00,10.730857,0.000000,synthetic_cold_temperate_benchmark
2023-09-26 01:00:00,10.339278,0.000000,synthetic_cold_temperate_benchmark
2023-09-26 02:00:00,10.136582,0.000000,synthetic_cold_temperate_benchmark
2023-09-26 03:00:00,10.136582,0.000000,synthetic_cold_temperate_benchmark
2023-09-26 04:00:00,10.339278,0.000000,synthetic_cold_temperate_benchmark
2023-09-26 05:00:00,10.730857,0.000000,synthetic_cold_temperate_benchmark
2023-09-26 06:00:00,11.284633,40.703366,synthetic_cold_temperate_benchmark
2023-09-26 07:00:00,11.962867,171.904507,synthetic_cold_temperate_benchmark
2023-09-26 08:00:00,12.719338,290.583936,synthetic_cold_temperate_benchmark
2023-09-26 09:00:00,13.502495,388.096913,synthetic_cold_temperate_benchmark
2023-09-26 10:00:00,14.258967,457.340485,synthetic_cold_temperate_benchmark
2023-09-26 11:00:00,14.937201,493.270876,synthetic_cold_temperate_benchmark
2023-09-26 12:00:00,15.490977,493.270876,synthetic_cold_temperate_benchmark
2023-09-26 13:00:00,15.882555,457.340485,synthetic_cold_temperate_benchmark
2023-09-26 14:00:00,16.085251,388.096913,synthetic_cold_temperate_benchmark
2023-09-26 15:00:00,16.085251,290.583936,synthetic_cold_temperate_benchmark
2023-09-26 16:00:00,15.882555,171.904507,synthetic_cold_temperate_benchmark
2023-09-26 17:00:00,15.490977,40.703366,synthetic_cold_temperate_benchmark
2023-09-26 18:00:00,14.937201,0.000000,synthetic_cold_temperate_benchmark
2023-09-26 19:00:00,14.258967,0.000000,synthetic_cold_temperate_benchmark
2023-09-26 20:00:00,13.502495,0.000000,synthetic_cold_temperate_benchmark
2023-09-26 21:00:00,12.719338,0.000000,synthetic_cold_temperate_benchmark
2023-09-26 22:00:00,11.962867,0.000000,synthetic_cold_temperate_benchmark
2023-09-26 23:00:00,11.284633,0.000000,synthetic_cold_temperate_benchmark
2023-09-27 00:00:00,10.554621,0.000000,synthetic_cold_temperate_benchmark
2023-09-27 01:00:00,10.163042,0.000000,synthetic_cold_temperate_benchmark
2023-09-27 02:00:00,9.960346,0.000000,synthetic_cold_temperate_benchmark
2023-09-27 03:00:00,9.960346,0.000000,synthetic_cold_temperate_benchmark
2023-09-27 04:00:00,10.163042,0.000000,synthetic_cold_temperate_benchmark
2023-09-27 05:00:00,10.554621,0.000000,synthetic_cold_temperate_benchmark
2023-09-27 06:00:00,11.108396,35.974630,synthetic_cold_temperate_benchmark
2023-09-27 07:00:00,11.786630,166.929352,synthetic_cold_temperate_benchmark
2023-09-27 08:00:00,12.543102,285.580915,synthetic_cold_temperate_benchmark
2023-09-27 09:00:00,13.326259,383.184366,synthetic_cold_temperate_benchmark
2023-09-27 10:00:00,14.082731,452.546058,synthetic_cold_temperate_benchmark
2023-09-27 11:00:00,14.760965,488.553841,synthetic_cold_temperate_benchmark
2023-09-27 12:00:00,15.314741,488.553841,synthetic_cold_temperate_benchmark
2023-09-27 13:00:00,15.706319,452.546058,synthetic_cold_temperate_benchmark
2023-09-27 14:00:00,15.909015,383.184366,synthetic_cold_temperate_benchmark
2023-09-27 15:00:00,15.909015,285.580915,synthetic_cold_temperate_benchmark
2023-09-27 16:00:00,15.706319,166.929352,synthetic_cold_temperate_benchmark
2023-09-27 17:00:00,15.314741,35.974630,synthetic_cold_temperate_benchmark
2023-09-27 18:00:00,14.760965,0.000000,synthetic_cold_temperate_benchmark
2023-09-27 19:00:00,14.082731,0.000000,synthetic_cold_temperate_benchmark
2023-09-27 20:00:00,13.326259,0.000000,synthetic_cold_temperate_benchmark
2023-09-27 21:00:00,12.543102,0.000000,synthetic_cold_temperate_benchmark
2023-09-27 22:00:00,11.786630,0.000000,synthetic_cold_temperate_benchmark
2023-09-27 23:00:00,11.108396,0.000000,synthetic_cold_temperate_benchmark
2023-09-28 00:00:00,10.377218,0.000000,synthetic_cold_temperate_benchmark
2023-09-28 01:00:00,9.985640,0.000000,synthetic_cold_temperate_benchmark
2023-09-28 02:00:00,9.782944,0.000000,synthetic_cold_temperate_benchmark
2023-09-28 03:00:00,9.782944,0.000000,synthetic_cold_temperate_benchmark
2023-09-28 04:00:00,9.985640,0.000000,synthetic_cold_temperate_benchmark
2023-09-28 05:00:00,10.377218,0.000000,synthetic_cold_temperate_benchmark
2023-09-28 06:00:00,10.930994,31.284021,synthetic_cold_temperate_benchmark
2023-09-28 07:00:00,11.609228,161.979674,synthetic_cold_temperate_benchmark
2023-09-28 08:00:00,12.365700,280.595196,synthetic_cold_temperate_benchmark
2023-09-28 09:00:00,13.148857,378.284471,synthetic_cold_temperate_benchmark
2023-09-28 10:00:00,13.905329,447.762021,synthetic_cold_temperate_benchmark
2023-09-28 11:00:00,14.583563,483.846346,synthetic_cold_temperate_benchmark
2023-09-28 12:00:00,15.137338,483.846346,synthetic_cold_temperate_benchmark
2023-09-28 13:00:00,15.528917,447.762021,synthetic_cold_temperate_benchmark
2023-09-28 14:00:00,15.731613,378.284471,synthetic_cold_temperate_benchmark
2023-09-28 15:00:00,15.731613,280.595196,synthetic_cold_temperate_benchmark
2023-09-28 16:00:00,15.528917,161.979674,synthetic_cold_temperate_benchmark
2023-09-28 17:00:00,15.137338,31.284021,synthetic_cold_temperate_benchmark
2023-09-28 18:00:00,14.583563,0.000000,synthetic_cold_temperate_benchmark
2023-09-28 19:00:00,13.905329,0.000000,synthetic_cold_temperate_benchmark
2023-09-28 20:00:00,13.148857,0.000000,synthetic_cold_temperate_benchmark
2023-09-28 21:00:00,12.365700,0.000000,synthetic_cold_temperate_benchmark
2023-09-28 22:00:00,11.609228,0.000000,synthetic_cold_temperate_benchmark
2023-09-28 23:00:00,10.930994,0.000000,synthetic_cold_temperate_benchmark
2023-09-29 00:00:00,10.198703,0.000000,synthetic_cold_temperate_benchmark
2023-09-29 01:00:00,9.807124,0.000000,synthetic_cold_temperate_benchmark
2023-09-29 02:00:00,9.604428,0.000000,synthetic_cold_temperate_benchmark
2023-09-29 03:00:00,9.604428,0.000000,synthetic_cold_temperate_benchmark
2023-09-29 04:00:00,9.807124,0.000000,synthetic_cold_temperate_benchmark
2023-09-29 05:00:00,10.198703,0.000000,synthetic_cold_temperate_benchmark
2023-09-29 06:00:00,10.752479,26.633634,synthetic_cold_temperate_benchmark
2023-09-29 07:00:00,11.430713,157.057393,synthetic_cold_temperate_benchmark
2023-09-29 08:00:00,12.187184,275.628514,synthetic_cold_temperate_benchmark
2023-09-29 09:00:00,12.970342,373.398802,synthetic_cold_temperate_benchmark
2023-09-29 10:00:00,13.726813,442.989834,synthetic_cold_temperate_benchmark
2023-09-29 11:00:00,14.405047,479.149790,synthetic_cold_temperate_benchmark
2023-09-29 12:00:00,14.958823,479.149790,synthetic_cold_temperate_benchmark
2023-09-29 13:00:00,15.350402,442.989834,synthetic_cold_temperate_benchmark
2023-09-29 14:00:00,15.553098,373.398802,synthetic_cold_temperate_benchmark
2023-09-29 15:00:00,15.553098,275.628514,synthetic_cold_temperate_benchmark
2023-09-29 16:00:00,15.350402,157.057393,synthetic_cold_temperate_benchmark
2023-09-29 17:00:00,14.958823,26.633634,synthetic_cold_temperate_benchmark
2023-09-29 18:00:00,14.405047,0.000000,synthetic_cold_temperate_benchmark
2023-09-29 19:00:00,13.726813,0.000000,synthetic_cold_temperate_benchmark
2023-09-29 20:00:00,12.970342,0.000000,synthetic_cold_temperate_benchmark
2023-09-29 21:00:00,12.187184,0.000000,synthetic_cold_temperate_benchmark
2023-09-29 22:00:00,11.430713,0.000000,synthetic_cold_temperate_benchmark
2023-09-29 23:00:00,10.752479,0.000000,synthetic_cold_temperate_benchmark
2023-09-30 00:00:00,10.019127,0.000000,synthetic_cold_temperate_benchmark
2023-09-30 01:00:00,9.627548,0.000000,synthetic_cold_temperate_benchmark
2023-09-30 02:00:00,9.424852,0.000000,synthetic_cold_temperate_benchmark
2023-09-30 03:00:00,9.424852,0.000000,synthetic_cold_temperate_benchmark
2023-09-30 04:00:00,9.627548,0.000000,synthetic_cold_temperate_benchmark
2023-09-30 05:00:00,10.019127,0.000000,synthetic_cold_temperate_benchmark
2023-09-30 06:00:00,10.572903,22.025542,synthetic_cold_temperate_benchmark
2023-09-30 07:00:00,11.251137,152.164417,synthetic_cold_temperate_benchmark
2023-09-30 08:00:00,12.007608,270.682597,synthetic_cold_temperate_benchmark
2023-09-30 09:00:00,12.790766,368.528928,synthetic_cold_temperate_benchmark
2023-09-30 10:00:00,13.547237,438.230951,synthetic_cold_temperate_benchmark
2023-09-30 11:00:00,14.225471,474.465570,synthetic_cold_temperate_benchmark
2023-09-30 12:00:00,14.779247,474.465570,synthetic_cold_temperate_benchmark
2023-09-30 13:00:00,15.170826,438.230951,synthetic_cold_temperate_benchmark
2023-09-30 14:00:00,15.373522,368.528928,synthetic_cold_temperate_benchmark
2023-09-30 15:00:00,15.373522,270.682597,synthetic_cold_temperate_benchmark
2023-09-30 16:00:00,15.170826,152.164417,synthetic_cold_temperate_benchmark
2023-09-30 17:00:00,14.779247,22.025542,synthetic_cold_temperate_benchmark
2023-09-30 18:00:00,14.225471,0.000000,synthetic_cold_temperate_benchmark
2023-09-30 19:00:00,13.547237,0.000000,synthetic_cold_temperate_benchmark
2023-09-30 20:00:00,12.790766,0.000000,synthetic_cold_temperate_benchmark
2023-09-30 21:00:00,12.007608,0.000000,synthetic_cold_temperate_benchmark
2023-09-30 22:00:00,11.251137,0.000000,synthetic_cold_temperate_benchmark
2023-09-30 23:00:00,10.572903,0.000000,synthetic_cold_temperate_benchmark
2023-10-01 00:00:00,9.838544,0.000000,synthetic_cold_temperate_benchmark
2023-10-01 01:00:00,9.446965,0.000000,synthetic_cold_temperate_benchmark
2023-10-01 02:00:00,9.244269,0.000000,synthetic_cold_temperate_benchmark
2023-10-01 03:00:00,9.244269,0.000000,synthetic_cold_temperate_benchmark
2023-10-01 04:00:00,9.446965,0.000000,synthetic_cold_temperate_benchmark
2023-10-01 05:00:00,9.838544,0.000000,synthetic_cold_temperate_benchmark
2023-10-01 06:00:00,10.392319,17.461789,synthetic_cold_temperate_benchmark
2023-10-01 07:00:00,11.070553,147.302642,synthetic_cold_temperate_benchmark
2023-10-01 08:00:00,11.827025,265.759167,synthetic_cold_temperate_benchmark
2023-10-01 09:00:00,12.610182,363.676416,synthetic_cold_temperate_benchmark
2023-10-01 10:00:00,13.366654,433.486825,synthetic_cold_temperate_benchmark
2023-10-01 11:00:00,14.044888,469.795077,synthetic_cold_temperate_benchmark
2023-10-01 12:00:00,14.598664,469.795077,synthetic_cold_temperate_benchmark
2023-10-01 13:00:00,14.990242,433.486825,synthetic_cold_temperate_benchmark
2023-10-01 14:00:00,15.192938,363.676416,synthetic_cold_temperate_benchmark
2023-10-01 15:00:00,15.192938,265.759167,synthetic_cold_temperate_benchmark
2023-10-01 16:00:00,14.990242,147.302642,synthetic_cold_temperate_benchmark
2023-10-01 17:00:00,14.598664,17.461789,synthetic_cold_temperate_benchmark
2023-10-01 18:00:00,14.044888,0.000000,synthetic_cold_temperate_benchmark
2023-10-01 19:00:00,13.366654,0.000000,synthetic_cold_temperate_benchmark
2023-10-01 20:00:00,12.610182,0.000000,synthetic_cold_temperate_benchmark
2023-10-01 21:00:00,11.827025,0.000000,synthetic_cold_temperate_benchmark
2023-10-01 22:00:00,11.070553,0.000000,synthetic_cold_temperate_benchmark
2023-10-01 23:00:00,10.392319,0.000000,synthetic_cold_temperate_benchmark
2023-10-02 00:00:00,9.657007,0.000000,synthetic_cold_temperate_benchmark
2023-10-02 01:00:00,9.265428,0.000000,synthetic_cold_temperate_benchmark
2023-10-02 02:00:00,9.062732,0.000000,synthetic_cold_temperate_benchmark
2023-10-02 03:00:00,9.062732,0.000000,synthetic_cold_temperate_benchmark
2023-10-02 04:00:00,9.265428,0.000000,synthetic_cold_temperate_benchmark
2023-10-02 05:00:00,9.657007,0.000000,synthetic_cold_temperate_benchmark
2023-10-02 06:00:00,10.210782,12.944389,synthetic_cold_temperate_benchmark
2023-10-02 07:00:00,10.889016,142.473946,synthetic_cold_temperate_benchmark
2023-10-02 08:00:00,11.645488,260.859936,synthetic_cold_temperate_benchmark
2023-10-02 09:00:00,12.428645,358.842825,synthetic_cold_temperate_benchmark
2023-10-02 10:00:00,13.185117,428.758903,synthetic_cold_temperate_benchmark
2023-10-02 11:00:00,13.863351,465.139700,synthetic_cold_temperate_benchmark
2023-10-02 12:00:00,14.417127,465.139700,synthetic_cold_temperate_benchmark
2023-10-02 13:00:00,14.808705,428.758903,synthetic_cold_temperate_benchmark
2023-10-02 14:00:00,15.011401,358.842825,synthetic_cold_temperate_benchmark
2023-10-02 15:00:00,15.011401,260.859936,synthetic_cold_temperate_benchmark
2023-10-02 16:00:00,14.808705,142.473946,synthetic_cold_temperate_benchmark
2023-10-02 17:00:00,14.417127,12.944389,synthetic_cold_temperate_benchmark
2023-10-02 18:00:00,13.863351,0.000000,synthetic_cold_temperate_benchmark
2023-10-02 19:00:00,13.185117,0.000000,synthetic_cold_temperate_benchmark
2023-10-02 20:00:00,12.428645,0.000000,synthetic_cold_temperate_benchmark
2023-10-02 21:00:00,11.645488,0.000000,synthetic_cold_temperate_benchmark
2023-10-02 22:00:00,10.889016,0.000000,synthetic_cold_temperate_benchmark
2023-10-02 23:00:00,10.210782,0.000000,synthetic_cold_temperate_benchmark
2023-10-03 00:00:00,9.474570,0.000000,synthetic_cold_temperate_benchmark
2023-10-03 01:00:00,9.082991,0.000000,synthetic_cold_temperate_benchmark
2023-10-03 02:00:00,8.880295,0.000000,synthetic_cold_temperate_benchmark
2023-10-03 03:00:00,8.880295,0.000000,synthetic_cold_temperate_benchmark
2023-10-03 04:00:00,9.082991,0.000000,synthetic_cold_temperate_benchmark
2023-10-03 05:00:00,9.474570,0.000000,synthetic_cold_temperate_benchmark
2023-10-03 06:00:00,10.028345,8.475324,synthetic_cold_temperate_benchmark
2023-10-03 07:00:00,10.706579,137.680192,synthetic_cold_temperate_benchmark
2023-10-03 08:00:00,11.463051,255.986610,synthetic_cold_temperate_benchmark
2023-10-03 09:00:00,12.246208,354.029712,synthetic_cold_temperate_benchmark
2023-10-03 10:00:00,13.002680,424.048629,synthetic_cold_temperate_benchmark
2023-10-03 11:00:00,13.680914,460.500824,synthetic_cold_temperate_benchmark
2023-10-03 12:00:00,14.234690,460.500824,synthetic_cold_temperate_benchmark
2023-10-03 13:00:00,14.626268,424.048629,synthetic_cold_temperate_benchmark
2023-10-03 14:00:00,14.828964,354.029712,synthetic_cold_temperate_benchmark
2023-10-03 15:00:00,14.828964,255.986610,synthetic_cold_temperate_benchmark
2023-10-03 16:00:00,14.626268,137.680192,synthetic_cold_temperate_benchmark
2023-10-03 17:00:00,14.234690,8.475324,synthetic_cold_temperate_benchmark
2023-10-03 18:00:00,13.680914,0.000000,synthetic_cold_temperate_benchmark
2023-10-03 19:00:00,13.002680,0.000000,synthetic_cold_temperate_benchmark
2023-10-03 20:00:00,12.246208,0.000000,synthetic_cold_temperate_benchmark
2023-10-03 21:00:00,11.463051,0.000000,synthetic_cold_temperate_benchmark
2023-10-03 22:00:00,10.706579,0.000000,synthetic_cold_temperate_benchmark
2023-10-03 23:00:00,10.028345,0.000000,synthetic_cold_temperate_benchmark
2023-10-04 00:00:00,9.291287,0.000000,synthetic_cold_temperate_benchmark
2023-10-04 01:00:00,8.899708,0.000000,synthetic_cold_temperate_benchmark
2023-10-04 02:00:00,8.697012,0.000000,synthetic_cold_temperate_benchmark
2023-10-04 03:00:00,8.697012,0.000000,synthetic_cold_temperate_benchmark
2023-10-04 04:00:00,8.899708,0.000000,synthetic_cold_temperate_benchmark
2023-10-04 05:00:00,9.291287,0.000000,synthetic_cold_temperate_benchmark
2023-10-04 06:00:00,9.845063,4.056540,synthetic_cold_temperate_benchmark
2023-10-04 07:00:00,10.523297,132.923220,synthetic_cold_temperate_benchmark
2023-10-04 08:00:00,11.279768,251.140881,synthetic_cold_temperate_benchmark
2023-10-04 09:00:00,12.062926,349.238624,synthetic_cold_temperate_benchmark
2023-10-04 10:00:00,12.819397,419.357441,synthetic_cold_temperate_benchmark
2023-10-04 11:00:00,13.497631,455.879827,synthetic_cold_temperate_benchmark
2023-10-04 12:00:00,14.051407,455.879827,synthetic_cold_temperate_benchmark
2023-10-04 13:00:00,14.442986,419.357441,synthetic_cold_temperate_benchmark
2023-10-04 14:00:00,14.645682,349.238624,synthetic_cold_temperate_benchmark
2023-10-04 15:00:00,14.645682,251.140881,synthetic_cold_temperate_benchmark
2023-10-04 16:00:00,14.442986,132.923220,synthetic_cold_temperate_benchmark
2023-10-04 17:00:00,14.051407,4.056540,synthetic_cold_temperate_benchmark
2023-10-04 18:00:00,13.497631,0.000000,synthetic_cold_temperate_benchmark
2023-10-04 19:00:00,12.819397,0.000000,synthetic_cold_temperate_benchmark
2023-10-04 20:00:00,12.062926,0.000000,synthetic_cold_temperate_benchmark
2023-10-04 21:00:00,11.279768,0.000000,synthetic_cold_temperate_benchmark
2023-10-04 22:00:00,10.523297,0.000000,synthetic_cold_temperate_benchmark
2023-10-04 23:00:00,9.845063,0.000000,synthetic_cold_temperate_benchmark
2023-10-05 00:00:00,9.107213,0.000000,synthetic_cold_temperate_benchmark
2023-10-05 01:00:00,8.715634,0.000000,synthetic_cold_temperate_benchmark
2023-10-05 02:00:00,8.512938,0.000000,synthetic_cold_temperate_benchmark
2023-10-05 03:00:00,8.512938,0.000000,synthetic_cold_temperate_benchmark
2023-10-05 04:00:00,8.715634,0.000000,synthetic_cold_temperate_benchmark
2023-10-05 05:00:00,9.107213,0.000000,synthetic_cold_temperate_benchmark
2023-10-05 06:00:00,9.660988,0.000000,synthetic_cold_temperate_benchmark
2023-10-05 07:00:00,10.339222,128.204853,synthetic_cold_temperate_benchmark
2023-10-05 08:00:00,11.095694,246.324431,synthetic_cold_temperate_benchmark
2023-10-05 09:00:00,11.878851,344.471103,synthetic_cold_temperate_benchmark
2023-10-05 10:00:00,12.635323,414.686770,synthetic_cold_temperate_benchmark
2023-10-05 11:00:00,13.313557,451.278084,synthetic_cold_temperate_benchmark
2023-10-05 12:00:00,13.867333,451.278084,synthetic_cold_temperate_benchmark
2023-10-05 13:00:00,14.258911,414.686770,synthetic_cold_temperate_benchmark
2023-10-05 14:00:00,14.461607,344.471103,synthetic_cold_temperate_benchmark
2023-10-05 15:00:00,14.461607,246.324431,synthetic_cold_temperate_benchmark
2023-10-05 16:00:00,14.258911,128.204853,synthetic_cold_temperate_benchmark
2023-10-05 17:00:00,13.867333,0.000000,synthetic_cold_temperate_benchmark
2023-10-05 18:00:00,13.313557,0.000000,synthetic_cold_temperate_benchmark
2023-10-05 19:00:00,12.635323,0.000000,synthetic_cold_temperate_benchmark
2023-10-05 20:00:00,11.878851,0.000000,synthetic_cold_temperate_benchmark
2023-10-05 21:00:00,11.095694,0.000000,synthetic_cold_temperate_benchmark
2023-10-05 22:00:00,10.339222,0.000000,synthetic_cold_temperate_benchmark
2023-10-05 23:00:00,9.660988,0.000000,synthetic_cold_temperate_benchmark
2023-10-06 00:00:00,8.922401,0.000000,synthetic_cold_temperate_benchmark
2023-10-06 01:00:00,8.530823,0.000000,synthetic_cold_temperate_benchmark
2023-10-06 02:00:00,8.328127,0.000000,synthetic_cold_temperate_benchmark
2023-10-06 03:00:00,8.328127,0.000000,synthetic_cold_temperate_benchmark
2023-10-06 04:00:00,8.530823,0.000000,synthetic_cold_temperate_benchmark
2023-10-06 05:00:00,8.922401,0.000000,synthetic_cold_temperate_benchmark
2023-10-06 06:00:00,9.476177,0.000000,synthetic_cold_temperate_benchmark
2023-10-06 07:00:00,10.154411,123.526887,synthetic_cold_temperate_benchmark
2023-10-06 08:00:00,10.910883,241.538929,synthetic_cold_temperate_benchmark
2023-10-06 09:00:00,11.694040,339.728682,synthetic_cold_temperate_benchmark
2023-10-06 10:00:00,12.450511,410.038044,synthetic_cold_temperate_benchmark
2023-10-06 11:00:00,13.128745,446.696963,synthetic_cold_temperate_benchmark
2023-10-06 12:00:00,13.682521,446.696963,synthetic_cold_temperate_benchmark
2023-10-06 13:00:00,14.074100,410.038044,synthetic_cold_temperate_benchmark
2023-10-06 14:00:00,14.276796,339.728682,synthetic_cold_temperate_benchmark
2023-10-06 15:00:00,14.276796,241.538929,synthetic_cold_temperate_benchmark
2023-10-06 16:00:00,14.074100,123.526887,synthetic_cold_temperate_benchmark
2023-10-06 17:00:00,13.682521,0.000000,synthetic_cold_temperate_benchmark
2023-10-06 18:00:00,13.128745,0.000000,synthetic_cold_temperate_benchmark
2023-10-06 19:00:00,12.450511,0.000000,synthetic_cold_temperate_benchmark
2023-10-06 20:00:00,11.694040,0.000000,synthetic_cold_temperate_benchmark
2023-10-06 21:00:00,10.910883,0.000000,synthetic_cold_temperate_benchmark
2023-10-06 22:00:00,10.154411,0.000000,synthetic_cold_temperate_benchmark
2023-10-06 23:00:00,9.476177,0.000000,synthetic_cold_temperate_benchmark
2023-10-07 00:00:00,8.736907,0.000000,synthetic_cold_temperate_benchmark
2023-10-07 01:00:00,8.345329,0.000000,synthetic_cold_temperate_benchmark
2023-10-07 02:00:00,8.142633,0.000000,synthetic_cold_temperate_benchmark
2023-10-07 03:00:00,8.142633,0.000000,synthetic_cold_temperate_benchmark
2023-10-07 04:00:00,8.345329,0.000000,synthetic_cold_temperate_benchmark
2023-10-07 05:00:00,8.736907,0.000000,synthetic_cold_temperate_benchmark
2023-10-07 06:00:00,9.290683,0.000000,synthetic_cold_temperate_benchmark
2023-10-07 07:00:00,9.968917,118.891096,synthetic_cold_temperate_benchmark
2023-10-07 08:00:00,10.725389,236.786029,synthetic_cold_temperate_benchmark
2023-10-07 09:00:00,11.508546,335.012886,synthetic_cold_temperate_benchmark
2023-10-07 10:00:00,12.265018,405.412683,synthetic_cold_temperate_benchmark
2023-10-07 11:00:00,12.943252,442.137825,synthetic_cold_temperate_benchmark
2023-10-07 12:00:00,13.497027,442.137825,synthetic_cold_temperate_benchmark
2023-10-07 13:00:00,13.888606,405.412683,synthetic_cold_temperate_benchmark
2023-10-07 14:00:00,14.091302,335.012886,synthetic_cold_temperate_benchmark
2023-10-07 15:00:00,14.091302,236.786029,synthetic_cold_temperate_benchmark
2023-10-07 16:00:00,13.888606,118.891096,synthetic_cold_temperate_benchmark
2023-10-07 17:00:00,13.497027,0.000000,synthetic_cold_temperate_benchmark
2023-10-07 18:00:00,12.943252,0.000000,synthetic_cold_temperate_benchmark
2023-10-07 19:00:00,12.265018,0.000000,synthetic_cold_temperate_benchmark
2023-10-07 20:00:00,11.508546,0.000000,synthetic_cold_temperate_benchmark
2023-10-07 21:00:00,10.725389,0.000000,synthetic_cold_temperate_benchmark
2023-10-07 22:00:00,9.968917,0.000000,synthetic_cold_temperate_benchmark
2023-10-07 23:00:00,9.290683,0.000000,synthetic_cold_temperate_benchmark
2023-10-08 00:00:00,8.550786,0.000000,synthetic_cold_temperate_benchmark
2023-10-08 01:00:00,8.159208,0.000000,synthetic_cold_temperate_benchmark
2023-10-08 02:00:00,7.956512,0.000000,synthetic_cold_temperate_benchmark
2023-10-08 03:00:00,7.956512,0.000000,synthetic_cold_temperate_benchmark
2023-10-08 04:00:00,8.159208,0.000000,synthetic_cold_temperate_benchmark
2023-10-08 05:00:00,8.550786,0.000000,synthetic_cold_temperate_benchmark
2023-10-08 06:00:00,9.104562,0.000000,synthetic_cold_temperate_benchmark
2023-10-08 07:00:00,9.782796,114.299223,synthetic_cold_temperate_benchmark
2023-10-08 08:00:00,10.539268,232.067371,synthetic_cold_temperate_benchmark
2023-10-08 09:00:00,11.322425,330.325229,synthetic_cold_temperate_benchmark
2023-10-08 10:00:00,12.078897,400.812097,synthetic_cold_temperate_benchmark
2023-10-08 11:00:00,12.757131,437.602026,synthetic_cold_temperate_benchmark
2023-10-08 12:00:00,13.310906,437.602026,synthetic_cold_temperate_benchmark
2023-10-08 13:00:00,13.702485,400.812097,synthetic_cold_temperate_benchmark
2023-10-08 14:00:00,13.905181,330.325229,synthetic_cold_temperate_benchmark
2023-10-08 15:00:00,13.905181,232.067371,synthetic_cold_temperate_benchmark
2023-10-08 16:00:00,13.702485,114.299223,synthetic_cold_temperate_benchmark
2023-10-08 17:00:00,13.310906,0.000000,synthetic_cold_temperate_benchmark
2023-10-08 18:00:00,12.757131,0.000000,synthetic_cold_temperate_benchmark
2023-10-08 19:00:00,12.078897,0.000000,synthetic_cold_temperate_benchmark
2023-10-08 20:00:00,11.322425,0.000000,synthetic_cold_temperate_benchmark
2023-10-08 21:00:00,10.539268,0.000000,synthetic_cold_temperate_benchmark
2023-10-08 22:00:00,9.782796,0.000000,synthetic_cold_temperate_benchmark
2023-10-08 23:00:00,9.104562,0.000000,synthetic_cold_temperate_benchmark
2023-10-09 00:00:00,8.364093,0.000000,synthetic_cold_temperate_benchmark
2023-10-09 01:00:00,7.972515,0.000000,synthetic_cold_temperate_benchmark
2023-10-09 02:00:00,7.769819,0.000000,synthetic_cold_temperate_benchmark
2023-10-09 03:00:00,7.769819,0.000000,synthetic_cold_temperate_benchmark
2023-10-09 04:00:00,7.972515,0.000000,synthetic_cold_temperate_benchmark
2023-10-09 05:00:00,8.364093,0.000000,synthetic_cold_temperate_benchmark
2023-10-09 06:00:00,8.917869,0.000000,synthetic_cold_temperate_benchmark
2023-10-09 07:00:00,9.596103,109.752985,synthetic_cold_temperate_benchmark
2023-10-09 08:00:00,10.352575,227.384575,synthetic_cold_temperate_benchmark
2023-10-09 09:00:00,11.135732,325.667216,synthetic_cold_temperate_benchmark
2023-10-09 10:00:00,11.892204,396.237693,synthetic_cold_temperate_benchmark
2023-10-09 11:00:00,12.570438,433.090916,synthetic_cold_temperate_benchmark
2023-10-09 12:00:00,13.124213,433.090916,synthetic_cold_temperate_benchmark
2023-10-09 13:00:00,13.515792,396.237693,synthetic_cold_temperate_benchmark
2023-10-09 14:00:00,13.718488,325.667216,synthetic_cold_temperate_benchmark
2023-10-09 15:00:00,13.718488,227.384575,synthetic_cold_temperate_benchmark
2023-10-09 16:00:00,13.515792,109.752985,synthetic_cold_temperate_benchmark
2023-10-09 17:00:00,13.124213,0.000000,synthetic_cold_temperate_benchmark
2023-10-09 18:00:00,12.570438,0.000000,synthetic_cold_temperate_benchmark
2023-10-09 19:00:00,11.892204,0.000000,synthetic_cold_temperate_benchmark
2023-10-09 20:00:00,11.135732,0.000000,synthetic_cold_temperate_benchmark
2023-10-09 21:00:00,10.352575,0.000000,synthetic_cold_temperate_benchmark
2023-10-09 22:00:00,9.596103,0.000000,synthetic_cold_temperate_benchmark
2023-10-09 23:00:00,8.917869,0.000000,synthetic_cold_temperate_benchmark
2023-10-10 00:00:00,8.176883,0.000000,synthetic_cold_temperate_benchmark
2023-10-10 01:00:00,7.785305,0.000000,synthetic_cold_temperate_benchmark
2023-10-10 02:00:00,7.582609,0.000000,synthetic_cold_temperate_benchmark
2023-10-10 03:00:00,7.582609,0.000000,synthetic_cold_temperate_benchmark
2023-10-10 04:00:00,7.785305,0.000000,synthetic_cold_temperate_benchmark
2023-10-10 05:00:00,8.176883,0.000000,synthetic_cold_temperate_benchmark
2023-10-10 06:00:00,8.730659,0.000000,synthetic_cold_temperate_benchmark
2023-10-10 07:00:00,9.408893,105.254065,synthetic_cold_temperate_benchmark
2023-10-10 08:00:00,10.165365,222.739246,synthetic_cold_temperate_benchmark
2023-10-10 09:00:00,10.948522,321.040339,synthetic_cold_temperate_benchmark
2023-10-10 10:00:00,11.704994,391.690865,synthetic_cold_temperate_benchmark
2023-10-10 11:00:00,12.383228,428.605834,synthetic_cold_temperate_benchmark
2023-10-10 12:00:00,12.937003,428.605834,synthetic_cold_temperate_benchmark
2023-10-10 13:00:00,13.328582,391.690865,synthetic_cold_temperate_benchmark
2023-10-10 14:00:00,13.531278,321.040339,synthetic_cold_temperate_benchmark
2023-10-10 15:00:00,13.531278,222.739246,synthetic_cold_temperate_benchmark
2023-10-10 16:00:00,13.328582,105.254065,synthetic_cold_temperate_benchmark
2023-10-10 17:00:00,12.937003,0.000000,synthetic_cold_temperate_benchmark
2023-10-10 18:00:00,12.383228,0.000000,synthetic_cold_temperate_benchmark
2023-10-10 19:00:00,11.704994,0.000000,synthetic_cold_temperate_benchmark
2023-10-10 20:00:00,10.948522,0.000000,synthetic_cold_temperate_benchmark
2023-10-10 21:00:00,10.165365,0.000000,synthetic_cold_temperate_benchmark
2023-10-10 22:00:00,9.408893,0.000000,synthetic_cold_temperate_benchmark
2023-10-10 23:00:00,8.730659,0.000000,synthetic_cold_temperate_benchmark
2023-10-11 00:00:00,7.989212,0.000000,synthetic_cold_temperate_benchmark
2023-10-11 01:00:00,7.597633,0.000000,synthetic_cold_temperate_benchmark
2023-10-11 02:00:00,7.394937,0.000000,synthetic_cold_temperate_benchmark
2023-10-11 03:00:00,7.394937,0.000000,synthetic_cold_temperate_benchmark
2023-10-11 04:00:00,7.597633,0.000000,synthetic_cold_temperate_benchmark
2023-10-11 05:00:00,7.989212,0.000000,synthetic_cold_temperate_benchmark
2023-10-11 06:00:00,8.542988,0.000000,synthetic_cold_temperate_benchmark
2023-10-11 07:00:00,9.221222,100.804114,synthetic_cold_temperate_benchmark
2023-10-11 08:00:00,9.977693,218.132968,synthetic_cold_temperate_benchmark
2023-10-11 09:00:00,10.760850,316.446079,synthetic_cold_temperate_benchmark
2023-10-11 10:00:00,11.517322,387.173001,synthetic_cold_temperate_benchmark
2023-10-11 11:00:00,12.195556,424.148116,synthetic_cold_temperate_benchmark
2023-10-11 12:00:00,12.749332,424.148116,synthetic_cold_temperate_benchmark
2023-10-11 13:00:00,13.140911,387.173001,synthetic_cold_temperate_benchmark
2023-10-11 14:00:00,13.343606,316.446079,synthetic_cold_temperate_benchmark
2023-10-11 15:00:00,13.343606,218.132968,synthetic_cold_temperate_benchmark
2023-10-11 16:00:00,13.140911,100.804114,synthetic_cold_temperate_benchmark
2023-10-11 17:00:00,12.749332,0.000000,synthetic_cold_temperate_benchmark
2023-10-11 18:00:00,12.195556,0.000000,synthetic_cold_temperate_benchmark
2023-10-11 19:00:00,11.517322,0.000000,synthetic_cold_temperate_benchmark
2023-10-11 20:00:00,10.760850,0.000000,synthetic_cold_temperate_benchmark
2023-10-11 21:00:00,9.977693,0.000000,synthetic_cold_temperate_benchmark
2023-10-11 22:00:00,9.221222,0.000000,synthetic_cold_temperate_benchmark
2023-10-11 23:00:00,8.542988,0.000000,synthetic_cold_temperate_benchmark
2023-10-12 00:00:00,7.801135,0.000000,synthetic_cold_temperate_benchmark
2023-10-12 01:00:00,7.409556,0.000000,synthetic_cold_temperate_benchmark
2023-10-12 02:00:00,7.206860,0.000000,synthetic_cold_temperate_benchmark
2023-10-12 03:00:00,7.206860,0.000000,synthetic_cold_temperate_benchmark
2023-10-12 04:00:00,7.409556,0.000000,synthetic_cold_temperate_benchmark
2023-10-12 05:00:00,7.801135,0.000000,synthetic_cold_temperate_benchmark
2023-10-12 06:00:00,8.354911,0.000000,synthetic_cold_temperate_benchmark
2023-10-12 07:00:00,9.033145,96.404747,synthetic_cold_temperate_benchmark
2023-10-12 08:00:00,9.789616,213.567301,synthetic_cold_temperate_benchmark
2023-10-12 09:00:00,10.572773,311.885902,synthetic_cold_temperate_benchmark
2023-10-12 10:00:00,11.329245,382.685480,synthetic_cold_temperate_benchmark
2023-10-12 11:00:00,12.007479,419.719085,synthetic_cold_temperate_benchmark
2023-10-12 12:00:00,12.561255,419.719085,synthetic_cold_temperate_benchmark
2023-10-12 13:00:00,12.952833,382.685480,synthetic_cold_temperate_benchmark
2023-10-12 14:00:00,13.155529,311.885902,synthetic_cold_temperate_benchmark
2023-10-12 15:00:00,13.155529,213.567301,synthetic_cold_temperate_benchmark
2023-10-12 16:00:00,12.952833,96.404747,synthetic_cold_temperate_benchmark
2023-10-12 17:00:00,12.561255,0.000000,synthetic_cold_temperate_benchmark
2023-10-12 18:00:00,12.007479,0.000000,synthetic_cold_temperate_benchmark
2023-10-12 19:00:00,11.329245,0.000000,synthetic_cold_temperate_benchmark
2023-10-12 20:00:00,10.572773,0.000000,synthetic_cold_temperate_benchmark
2023-10-12 21:00:00,9.789616,0.000000,synthetic_cold_temperate_benchmark
2023-10-12 22:00:00,9.033145,0.000000,synthetic_cold_temperate_benchmark
2023-10-12 23:00:00,8.354911,0.000000,synthetic_cold_temperate_benchmark
2023-10-13 00:00:00,7.612708,0.000000,synthetic_cold_temperate_benchmark
2023-10-13 01:00:00,7.221129,0.000000,synthetic_cold_temperate_benchmark
2023-10-13 02:00:00,7.018433,0.000000,synthetic_cold_temperate_benchmark
2023-10-13 03:00:00,7.018433,0.000000,synthetic_cold_temperate_benchmark
2023-10-13 04:00:00,7.221129,0.000000,synthetic_cold_temperate_benchmark
2023-10-13 05:00:00,7.612708,0.000000,synthetic_cold_temperate_benchmark
2023-10-13 06:00:00,8.166483,0.000000,synthetic_cold_temperate_benchmark
2023-10-13 07:00:00,8.844717,92.057540,synthetic_cold_temperate_benchmark
2023-10-13 08:00:00,9.601189,209.043788,synthetic_cold_temperate_benchmark
2023-10-13 09:00:00,10.384346,307.361263,synthetic_cold_temperate_benchmark
2023-10-13 10:00:00,11.140818,378.229667,synthetic_cold_temperate_benchmark
2023-10-13 11:00:00,11.819052,415.320058,synthetic_cold_temperate_benchmark
2023-10-13 12:00:00,12.372828,415.320058,synthetic_cold_temperate_benchmark
2023-10-13 13:00:00,12.764406,378.229667,synthetic_cold_temperate_benchmark
2023-10-13 14:00:00,12.967102,307.361263,synthetic_cold_temperate_benchmark
2023-10-13 15:00:00,12.967102,209.043788,synthetic_cold_temperate_benchmark
2023-10-13 16:00:00,12.764406,92.057540,synthetic_cold_temperate_benchmark
2023-10-13 17:00:00,12.372828,0.000000,synthetic_cold_temperate_benchmark
2023-10-13 18:00:00,11.819052,0.000000,synthetic_cold_temperate_benchmark
2023-10-13 19:00:00,11.140818,0.000000,synthetic_cold_temperate_benchmark
2023-10-13 20:00:00,10.384346,0.000000,synthetic_cold_temperate_benchmark
2023-10-13 21:00:00,9.601189,0.000000,synthetic_cold_temperate_benchmark
2023-10-13 22:00:00,8.844717,0.000000,synthetic_cold_temperate_benchmark
2023-10-13 23:00:00,8.166483,0.000000,synthetic_cold_temperate_benchmark
2023-10-14 00:00:00,7.423986,0.000000,synthetic_cold_temperate_benchmark
2023-10-14 01:00:00,7.032408,0.000000,synthetic_cold_temperate_benchmark
2023-10-14 02:00:00,6.829712,0.000000,synthetic_cold_temperate_benchmark
2023-10-14 03:00:00,6.829712,0.000000,synthetic_cold_temperate_benchmark
2023-10-14 04:00:00,7.032408,0.000000,synthetic_cold_temperate_benchmark
2023-10-14 05:00:00,7.423986,0.000000,synthetic_cold_temperate_benchmark
2023-10-14 06:00:00,7.977762,0.000000,synthetic_cold_temperate_benchmark
2023-10-14 07:00:00,8.655996,87.764029,synthetic_cold_temperate_benchmark
2023-10-14 08:00:00,9.412468,204.563942,synthetic_cold_temperate_benchmark
2023-10-14 09:00:00,10.195625,302.873598,synthetic_cold_temperate_benchmark
2023-10-14 10:00:00,10.952097,373.806921,synthetic_cold_temperate_benchmark
2023-10-14 11:00:00,11.630331,410.952344,synthetic_cold_temperate_benchmark
2023-10-14 12:00:00,12.184106,410.952344,synthetic_cold_temperate_benchmark
2023-10-14 13:00:00,12.575685,373.806921,synthetic_cold_temperate_benchmark
2023-10-14 14:00:00,12.778381,302.873598,synthetic_cold_temperate_benchmark
2023-10-14 15:00:00,12.778381,204.563942,synthetic_cold_temperate_benchmark
2023-10-14 16:00:00,12.575685,87.764029,synthetic_cold_temperate_benchmark
2023-10-14 17:00:00,12.184106,0.000000,synthetic_cold_temperate_benchmark
2023-10-14 18:00:00,11.630331,0.000000,synthetic_cold_temperate_benchmark
2023-10-14 19:00:00,10.952097,0.000000,synthetic_cold_temperate_benchmark
2023-10-14 20:00:00,10.195625,0.000000,synthetic_cold_temperate_benchmark
2023-10-14 21:00:00,9.412468,0.000000,synthetic_cold_temperate_benchmark
2023-10-14 22:00:00,8.655996,0.000000,synthetic_cold_temperate_benchmark
2023-10-14 23:00:00,7.977762,0.000000,synthetic_cold_temperate_benchmark
2023-10-15 00:00:00,7.235027,0.000000,synthetic_cold_temperate_benchmark
2023-10-15 01:00:00,6.843448,0.000000,synthetic_cold_temperate_benchmark
2023-10-15 02:00:00,6.640752,0.000000,synthetic_cold_temperate_benchmark
2023-10-15 03:00:00,6.640752,0.000000,synthetic_cold_temperate_benchmark
2023-10-15 04:00:00,6.843448,0.000000,synthetic_cold_temperate_benchmark
2023-10-15 05:00:00,7.235027,0.000000,synthetic_cold_temperate_benchmark
2023-10-15 06:00:00,7.788803,0.000000,synthetic_cold_temperate_benchmark
2023-10-15 07:00:00,8.467037,83.525710,synthetic_cold_temperate_benchmark
2023-10-15 08:00:00,9.223508,200.129254,synthetic_cold_temperate_benchmark
2023-10-15 09:00:00,10.006665,298.424329,synthetic_cold_temperate_benchmark
2023-10-15 10:00:00,10.763137,369.418586,synthetic_cold_temperate_benchmark
2023-10-15 11:00:00,11.441371,406.617241,synthetic_cold_temperate_benchmark
2023-10-15 12:00:00,11.995147,406.617241,synthetic_cold_temperate_benchmark
2023-10-15 13:00:00,12.386725,369.418586,synthetic_cold_temperate_benchmark
2023-10-15 14:00:00,12.589421,298.424329,synthetic_cold_temperate_benchmark
2023-10-15 15:00:00,12.589421,200.129254,synthetic_cold_temperate_benchmark
2023-10-15 16:00:00,12.386725,83.525710,synthetic_cold_temperate_benchmark
2023-10-15 17:00:00,11.995147,0.000000,synthetic_cold_temperate_benchmark
2023-10-15 18:00:00,11.441371,0.000000,synthetic_cold_temperate_benchmark
2023-10-15 19:00:00,10.763137,0.000000,synthetic_cold_temperate_benchmark
2023-10-15 20:00:00,10.006665,0.000000,synthetic_cold_temperate_benchmark
2023-10-15 21:00:00,9.223508,0.000000,synthetic_cold_temperate_benchmark
2023-10-15 22:00:00,8.467037,0.000000,synthetic_cold_temperate_benchmark
2023-10-15 23:00:00,7.788803,0.000000,synthetic_cold_temperate_benchmark
2023-10-16 00:00:00,7.045885,0.000000,synthetic_cold_temperate_benchmark
2023-10-16 01:00:00,6.654306,0.000000,synthetic_cold_temperate_benchmark
2023-10-16 02:00:00,6.451611,0.000000,synthetic_cold_temperate_benchmark
2023-10-16 03:00:00,6.451611,0.000000,synthetic_cold_temperate_benchmark
2023-10-16 04:00:00,6.654306,0.000000,synthetic_cold_temperate_benchmark
2023-10-16 05:00:00,7.045885,0.000000,synthetic_cold_temperate_benchmark
2023-10-16 06:00:00,7.599661,0.000000,synthetic_cold_temperate_benchmark
2023-10-16 07:00:00,8.277895,79.344032,synthetic_cold_temperate_benchmark
2023-10-16 08:00:00,9.034367,195.741188,synthetic_cold_temperate_benchmark
2023-10-16 09:00:00,9.817524,294.014863,synthetic_cold_temperate_benchmark
2023-10-16 10:00:00,10.573995,365.065997,synthetic_cold_temperate_benchmark
2023-10-16 11:00:00,11.252229,402.316036,synthetic_cold_temperate_benchmark
2023-10-16 12:00:00,11.806005,402.316036,synthetic_cold_temperate_benchmark
2023-10-16 13:00:00,12.197584,365.065997,synthetic_cold_temperate_benchmark
2023-10-16 14:00:00,12.400280,294.014863,synthetic_cold_temperate_benchmark
2023-10-16 15:00:00,12.400280,195.741188,synthetic_cold_temperate_benchmark
2023-10-16 16:00:00,12.197584,79.344032,synthetic_cold_temperate_benchmark
2023-10-16 17:00:00,11.806005,0.000000,synthetic_cold_temperate_benchmark
2023-10-16 18:00:00,11.252229,0.000000,synthetic_cold_temperate_benchmark
2023-10-16 19:00:00,10.573995,0.000000,synthetic_cold_temperate_benchmark
2023-10-16 20:00:00,9.817524,0.000000,synthetic_cold_temperate_benchmark
2023-10-16 21:00:00,9.034367,0.000000,synthetic_cold_temperate_benchmark
2023-10-16 22:00:00,8.277895,0.000000,synthetic_cold_temperate_benchmark
2023-10-16 23:00:00,7.599661,0.000000,synthetic_cold_temperate_benchmark
2023-10-17 00:00:00,6.856617,0.000000,synthetic_cold_temperate_benchmark
2023-10-17 01:00:00,6.465038,0.000000,synthetic_cold_temperate_benchmark
2023-10-17 02:00:00,6.262342,0.000000,synthetic_cold_temperate_benchmark
2023-10-17 03:00:00,6.262342,0.000000,synthetic_cold_temperate_benchmark
2023-10-17 04:00:00,6.465038,0.000000,synthetic_cold_temperate_benchmark
2023-10-17 05:00:00,6.856617,0.000000,synthetic_cold_temperate_benchmark
2023-10-17 06:00:00,7.410393,0.000000,synthetic_cold_temperate_benchmark
2023-10-17 07:00:00,8.088627,75.220398,synthetic_cold_temperate_benchmark
2023-10-17 08:00:00,8.845098,191.401178,synthetic_cold_temperate_benchmark
2023-10-17 09:00:00,9.628256,289.646587,synthetic_cold_temperate_benchmark
2023-10-17 10:00:00,10.384727,360.750476,synthetic_cold_temperate_benchmark
2023-10-17 11:00:00,11.062961,398.050009,synthetic_cold_temperate_benchmark
2023-10-17 12:00:00,11.616737,398.050009,synthetic_cold_temperate_benchmark
2023-10-17 13:00:00,12.008316,360.750476,synthetic_cold_temperate_benchmark
2023-10-17 14:00:00,12.211012,289.646587,synthetic_cold_temperate_benchmark
2023-10-17 15:00:00,12.211012,191.401178,synthetic_cold_temperate_benchmark
2023-10-17 16:00:00,12.008316,75.220398,synthetic_cold_temperate_benchmark
2023-10-17 17:00:00,11.616737,0.000000,synthetic_cold_temperate_benchmark
2023-10-17 18:00:00,11.062961,0.000000,synthetic_cold_temperate_benchmark
2023-10-17 19:00:00,10.384727,0.000000,synthetic_cold_temperate_benchmark
2023-10-17 20:00:00,9.628256,0.000000,synthetic_cold_temperate_benchmark
2023-10-17 21:00:00,8.845098,0.000000,synthetic_cold_temperate_benchmark
2023-10-17 22:00:00,8.088627,0.000000,synthetic_cold_temperate_benchmark
2023-10-17 23:00:00,7.410393,0.000000,synthetic_cold_temperate_benchmark
2023-10-18 00:00:00,6.667279,0.000000,synthetic_cold_temperate_benchmark
2023-10-18 01:00:00,6.275700,0.000000,synthetic_cold_temperate_benchmark
2023-10-18 02:00:00,6.073004,0.000000,synthetic_cold_temperate_benchmark
2023-10-18 03:00:00,6.073004,0.000000,synthetic_cold_temperate_benchmark
2023-10-18 04:00:00,6.275700,0.000000,synthetic_cold_temperate_benchmark
2023-10-18 05:00:00,6.667279,0.000000,synthetic_cold_temperate_benchmark
2023-10-18 06:00:00,7.221055,0.000000,synthetic_cold_temperate_benchmark
2023-10-18 07:00:00,7.899289,71.156164,synthetic_cold_temperate_benchmark
2023-10-18 08:00:00,8.655760,187.110629,synthetic_cold_temperate_benchmark
2023-10-18 09:00:00,9.438917,285.320869,synthetic_cold_temperate_benchmark
2023-10-18 10:00:00,10.195389,356.473330,synthetic_cold_temperate_benchmark
2023-10-18 11:00:00,10.873623,393.820426,synthetic_cold_temperate_benchmark
2023-10-18 12:00:00,11.427399,393.820426,synthetic_cold_temperate_benchmark
2023-10-18 13:00:00,11.818978,356.473330,synthetic_cold_temperate_benchmark
2023-10-18 14:00:00,12.021674,285.320869,synthetic_cold_temperate_benchmark
2023-10-18 15:00:00,12.021674,187.110629,synthetic_cold_temperate_benchmark
2023-10-18 16:00:00,11.818978,71.156164,synthetic_cold_temperate_benchmark
2023-10-18 17:00:00,11.427399,0.000000,synthetic_cold_temperate_benchmark
2023-10-18 18:00:00,10.873623,0.000000,synthetic_cold_temperate_benchmark
2023-10-18 19:00:00,10.195389,0.000000,synthetic_cold_temperate_benchmark
2023-10-18 20:00:00,9.438917,0.000000,synthetic_cold_temperate_benchmark
2023-10-18 21:00:00,8.655760,0.000000,synthetic_cold_temperate_benchmark
2023-10-18 22:00:00,7.899289,0.000000,synthetic_cold_temperate_benchmark
2023-10-18 23:00:00,7.221055,0.000000,synthetic_cold_temperate_benchmark
2023-10-19 00:00:00,6.477927,0.000000,synthetic_cold_temperate_benchmark
2023-10-19 01:00:00,6.086348,0.000000,synthetic_cold_temperate_benchmark
2023-10-19 02:00:00,5.883652,0.000000,synthetic_cold_temperate_benchmark
2023-10-19 03:00:00,5.883652,0.000000,synthetic_cold_temperate_benchmark
2023-10-19 04:00:00,6.086348,0.000000,synthetic_cold_temperate_benchmark
2023-10-19 05:00:00,6.477927,0.000000,synthetic_cold_temperate_benchmark
2023-10-19 06:00:00,7.031702,0.000000,synthetic_cold_temperate_benchmark
2023-10-19 07:00:00,7.709936,67.152634,synthetic_cold_temperate_benchmark
2023-10-19 08:00:00,8.466408,182.870915,synthetic_cold_temperate_benchmark
2023-10-19 09:00:00,9.249565,281.039058,synthetic_cold_temperate_benchmark
2023-10-19 10:00:00,10.006037,352.235855,synthetic_cold_temperate_benchmark
2023-10-19 11:00:00,10.684271,389.628544,synthetic_cold_temperate_benchmark
2023-10-19 12:00:00,11.238047,389.628544,synthetic_cold_temperate_benchmark
2023-10-19 13:00:00,11.629625,352.235855,synthetic_cold_temperate_benchmark
2023-10-19 14:00:00,11.832321,281.039058,synthetic_cold_temperate_benchmark
2023-10-19 15:00:00,11.832321,182.870915,synthetic_cold_temperate_benchmark
2023-10-19 16:00:00,11.629625,67.152634,synthetic_cold_temperate_benchmark
2023-10-19 17:00:00,11.238047,0.000000,synthetic_cold_temperate_benchmark
2023-10-19 18:00:00,10.684271,0.000000,synthetic_cold_temperate_benchmark
2023-10-19 19:00:00,10.006037,0.000000,synthetic_cold_temperate_benchmark
2023-10-19 20:00:00,9.249565,0.000000,synthetic_cold_temperate_benchmark
2023-10-19 21:00:00,8.466408,0.000000,synthetic_cold_temperate_benchmark
2023-10-19 22:00:00,7.709936,0.000000,synthetic_cold_temperate_benchmark
2023-10-19 23:00:00,7.031702,0.000000,synthetic_cold_temperate_benchmark
2023-10-20 00:00:00,6.288617,0.000000,synthetic_cold_temperate_benchmark
2023-10-20 01:00:00,5.897038,0.000000,synthetic_cold_temperate_benchmark
2023-10-20 02:00:00,5.694342,0.000000,synthetic_cold_temperate_benchmark
2023-10-20 03:00:00,5.694342,0.000000,synthetic_cold_temperate_benchmark
2023-10-20 04:00:00,5.897038,0.000000,synthetic_cold_temperate_benchmark
2023-10-20 05:00:00,6.288617,0.000000,synthetic_cold_temperate_benchmark
2023-10-20 06:00:00,6.842392,0.000000,synthetic_cold_temperate_benchmark
2023-10-20 07:00:00,7.520626,63.211059,synthetic_cold_temperate_benchmark
2023-10-20 08:00:00,8.277098,178.683377,synthetic_cold_temperate_benchmark
2023-10-20 09:00:00,9.060255,276.802483,synthetic_cold_temperate_benchmark
2023-10-20 10:00:00,9.816727,348.039333,synthetic_cold_temperate_benchmark
2023-10-20 11:00:00,10.494961,385.475609,synthetic_cold_temperate_benchmark
2023-10-20 12:00:00,11.048737,385.475609,synthetic_cold_temperate_benchmark
2023-10-20 13:00:00,11.440315,348.039333,synthetic_cold_temperate_benchmark
2023-10-20 14:00:00,11.643011,276.802483,synthetic_cold_temperate_benchmark
2023-10-20 15:00:00,11.643011,178.683377,synthetic_cold_temperate_benchmark
2023-10-20 16:00:00,11.440315,63.211059,synthetic_cold_temperate_benchmark
2023-10-20 17:00:00,11.048737,0.000000,synthetic_cold_temperate_benchmark
2023-10-20 18:00:00,10.494961,0.000000,synthetic_cold_temperate_benchmark
2023-10-20 19:00:00,9.816727,0.000000,synthetic_cold_temperate_benchmark
2023-10-20 20:00:00,9.060255,0.000000,synthetic_cold_temperate_benchmark
2023-10-20 21:00:00,8.277098,0.000000,synthetic_cold_temperate_benchmark
2023-10-20 22:00:00,7.520626,0.000000,synthetic_cold_temperate_benchmark
2023-10-20 23:00:00,6.842392,0.000000,synthetic_cold_temperate_benchmark
2023-10-21 00:00:00,6.099405,0.000000,synthetic_cold_temperate_benchmark
2023-10-21 01:00:00,5.707826,0.000000,synthetic_cold_temperate_benchmark
2023-10-21 02:00:00,5.505130,0.000000,synthetic_cold_temperate_benchmark
2023-10-21 03:00:00,5.505130,0.000000,synthetic_cold_temperate_benchmark
2023-10-21 04:00:00,5.707826,0.000000,synthetic_cold_temperate_benchmark
2023-10-21 05:00:00,6.099405,0.000000,synthetic_cold_temperate_benchmark
2023-10-21 06:00:00,6.653180,0.000000,synthetic_cold_temperate_benchmark
2023-10-21 07:00:00,7.331414,59.332636,synthetic_cold_temperate_benchmark
2023-10-21 08:00:00,8.087886,174.549322,synthetic_cold_temperate_benchmark
2023-10-21 09:00:00,8.871043,272.612452,synthetic_cold_temperate_benchmark
2023-10-21 10:00:00,9.627515,343.885029,synthetic_cold_temperate_benchmark
2023-10-21 11:00:00,10.305749,381.362854,synthetic_cold_temperate_benchmark
2023-10-21 12:00:00,10.859525,381.362854,synthetic_cold_temperate_benchmark
2023-10-21 13:00:00,11.251103,343.885029,synthetic_cold_temperate_benchmark
2023-10-21 14:00:00,11.453799,272.612452,synthetic_cold_temperate_benchmark
2023-10-21 15:00:00,11.453799,174.549322,synthetic_cold_temperate_benchmark
2023-10-21 16:00:00,11.251103,59.332636,synthetic_cold_temperate_benchmark
2023-10-21 17:00:00,10.859525,0.000000,synthetic_cold_temperate_benchmark
2023-10-21 18:00:00,10.305749,0.000000,synthetic_cold_temperate_benchmark
2023-10-21 19:00:00,9.627515,0.000000,synthetic_cold_temperate_benchmark
2023-10-21 20:00:00,8.871043,0.000000,synthetic_cold_temperate_benchmark
2023-10-21 21:00:00,8.087886,0.000000,synthetic_cold_temperate_benchmark
2023-10-21 22:00:00,7.331414,0.000000,synthetic_cold_temperate_benchmark
2023-10-21 23:00:00,6.653180,0.000000,synthetic_cold_temperate_benchmark
2023-10-22 00:00:00,5.910347,0.000000,synthetic_cold_temperate_benchmark
2023-10-22 01:00:00,5.518768,0.000000,synthetic_cold_temperate_benchmark
2023-10-22 02:00:00,5.316072,0.000000,synthetic_cold_temperate_benchmark
2023-10-22 03:00:00,5.316072,0.000000,synthetic_cold_temperate_benchmark
2023-10-22 04:00:00,5.518768,0.000000,synthetic_cold_temperate_benchmark
2023-10-22 05:00:00,5.910347,0.000000,synthetic_cold_temperate_benchmark
2023-10-22 06:00:00,6.464123,0.000000,synthetic_cold_temperate_benchmark
2023-10-22 07:00:00,7.142357,55.518507,synthetic_cold_temperate_benchmark
2023-10-22 08:00:00,7.898828,170.470020,synthetic_cold_temperate_benchmark
2023-10-22 09:00:00,8.681986,268.470248,synthetic_cold_temperate_benchmark
2023-10-22 10:00:00,9.438457,339.774194,synthetic_cold_temperate_benchmark
2023-10-22 11:00:00,10.116691,377.291499,synthetic_cold_temperate_benchmark
2023-10-22 12:00:00,10.670467,377.291499,synthetic_cold_temperate_benchmark
2023-10-22 13:00:00,11.062046,339.774194,synthetic_cold_temperate_benchmark
2023-10-22 14:00:00,11.264742,268.470248,synthetic_cold_temperate_benchmark
2023-10-22 15:00:00,11.264742,170.470020,synthetic_cold_temperate_benchmark
2023-10-22 16:00:00,11.062046,55.518507,synthetic_cold_temperate_benchmark
2023-10-22 17:00:00,10.670467,0.000000,synthetic_cold_temperate_benchmark
2023-10-22 18:00:00,10.116691,0.000000,synthetic_cold_temperate_benchmark
2023-10-22 19:00:00,9.438457,0.000000,synthetic_cold_temperate_benchmark
2023-10-22 20:00:00,8.681986,0.000000,synthetic_cold_temperate_benchmark
2023-10-22 21:00:00,7.898828,0.000000,synthetic_cold_temperate_benchmark
2023-10-22 22:00:00,7.142357,0.000000,synthetic_cold_temperate_benchmark
2023-10-22 23:00:00,6.464123,0.000000,synthetic_cold_temperate_benchmark
2023-10-23 00:00:00,5.721500,0.000000,synthetic_cold_temperate_benchmark
2023-10-23 01:00:00,5.329921,0.000000,synthetic_cold_temperate_benchmark
2023-10-23 02:00:00,5.127225,0.000000,synthetic_cold_temperate_benchmark
2023-10-23 03:00:00,5.127225,0.000000,synthetic_cold_temperate_benchmark
2023-10-23 04:00:00,5.329921,0.000000,synthetic_cold_temperate_benchmark
2023-10-23 05:00:00,5.721500,0.000000,synthetic_cold_temperate_benchmark
2023-10-23 06:00:00,6.275275,0.000000,synthetic_cold_temperate_benchmark
2023-10-23 07:00:00,6.953509,51.769753,synthetic_cold_temperate_benchmark
2023-10-23 08:00:00,7.709981,166.446707,synthetic_cold_temperate_benchmark
2023-10-23 09:00:00,8.493138,264.377134,synthetic_cold_temperate_benchmark
2023-10-23 10:00:00,9.249610,335.708064,synthetic_cold_temperate_benchmark
2023-10-23 11:00:00,9.927844,373.262755,synthetic_cold_temperate_benchmark
2023-10-23 12:00:00,10.481620,373.262755,synthetic_cold_temperate_benchmark
2023-10-23 13:00:00,10.873198,335.708064,synthetic_cold_temperate_benchmark
2023-10-23 14:00:00,11.075894,264.377134,synthetic_cold_temperate_benchmark
2023-10-23 15:00:00,11.075894,166.446707,synthetic_cold_temperate_benchmark
2023-10-23 16:00:00,10.873198,51.769753,synthetic_cold_temperate_benchmark
2023-10-23 17:00:00,10.481620,0.000000,synthetic_cold_temperate_benchmark
2023-10-23 18:00:00,9.927844,0.000000,synthetic_cold_temperate_benchmark
2023-10-23 19:00:00,9.249610,0.000000,synthetic_cold_temperate_benchmark
2023-10-23 20:00:00,8.493138,0.000000,synthetic_cold_temperate_benchmark
2023-10-23 21:00:00,7.709981,0.000000,synthetic_cold_temperate_benchmark
2023-10-23 22:00:00,6.953509,0.000000,synthetic_cold_temperate_benchmark
2023-10-23 23:00:00,6.275275,0.000000,synthetic_cold_temperate_benchmark
2023-10-24 00:00:00,5.532918,0.000000,synthetic_cold_temperate_benchmark
2023-10-24 01:00:00,5.141340,0.000000,synthetic_cold_temperate_benchmark
2023-10-24 02:00:00,4.938644,0.000000,synthetic_cold_temperate_benchmark
2023-10-24 03:00:00,4.938644,0.000000,synthetic_cold_temperate_benchmark
2023-10-24 04:00:00,5.141340,0.000000,synthetic_cold_temperate_benchmark
2023-10-24 05:00:00,5.532918,0.000000,synthetic_cold_temperate_benchmark
2023-10-24 06:00:00,6.086694,0.000000,synthetic_cold_temperate_benchmark
2023-10-24 07:00:00,6.764928,48.087397,synthetic_cold_temperate_benchmark
2023-10-24 08:00:00,7.521400,162.480577,synthetic_cold_temperate_benchmark
2023-10-24 09:00:00,8.304557,260.334346,synthetic_cold_temperate_benchmark
2023-10-24 10:00:00,9.061029,331.687859,synthetic_cold_temperate_benchmark
2023-10-24 11:00:00,9.739263,369.277815,synthetic_cold_temperate_benchmark
2023-10-24 12:00:00,10.293038,369.277815,synthetic_cold_temperate_benchmark
2023-10-24 13:00:00,10.684617,331.687859,synthetic_cold_temperate_benchmark
2023-10-24 14:00:00,10.887313,260.334346,synthetic_cold_temperate_benchmark
2023-10-24 15:00:00,10.887313,162.480577,synthetic_cold_temperate_benchmark
2023-10-24 16:00:00,10.684617,48.087397,synthetic_cold_temperate_benchmark
2023-10-24 17:00:00,10.293038,0.000000,synthetic_cold_temperate_benchmark
2023-10-24 18:00:00,9.739263,0.000000,synthetic_cold_temperate_benchmark
2023-10-24 19:00:00,9.061029,0.000000,synthetic_cold_temperate_benchmark
2023-10-24 20:00:00,8.304557,0.000000,synthetic_cold_temperate_benchmark
2023-10-24 21:00:00,7.521400,0.000000,synthetic_cold_temperate_benchmark
2023-10-24 22:00:00,6.764928,0.000000,synthetic_cold_temperate_benchmark
2023-10-24 23:00:00,6.086694,0.000000,synthetic_cold_temperate_benchmark
2023-10-25 00:00:00,5.344659,0.000000,synthetic_cold_temperate_benchmark
2023-10-25 01:00:00,4.953081,0.000000,synthetic_cold_temperate_benchmark
2023-10-25 02:00:00,4.750385,0.000000,synthetic_cold_temperate_benchmark
2023-10-25 03:00:00,4.750385,0.000000,synthetic_cold_temperate_benchmark
2023-10-25 04:00:00,4.953081,0.000000,synthetic_cold_temperate_benchmark
2023-10-25 05:00:00,5.344659,0.000000,synthetic_cold_temperate_benchmark
2023-10-25 06:00:00,5.898435,0.000000,synthetic_cold_temperate_benchmark
2023-10-25 07:00:00,6.576669,44.472398,synthetic_cold_temperate_benchmark
2023-10-25 08:00:00,7.333141,158.572789,synthetic_cold_temperate_benchmark
2023-10-25 09:00:00,8.116298,256.343098,synthetic_cold_temperate_benchmark
2023-10-25 10:00:00,8.872770,327.714780,synthetic_cold_temperate_benchmark
2023-10-25 11:00:00,9.551004,365.337864,synthetic_cold_temperate_benchmark
2023-10-25 12:00:00,10.104779,365.337864,synthetic_cold_temperate_benchmark
2023-10-25 13:00:00,10.496358,327.714780,synthetic_cold_temperate_benchmark
2023-10-25 14:00:00,10.699054,256.343098,synthetic_cold_temperate_benchmark
2023-10-25 15:00:00,10.699054,158.572789,synthetic_cold_temperate_benchmark
2023-10-25 16:00:00,10.496358,44.472398,synthetic_cold_temperate_benchmark
2023-10-25 17:00:00,10.104779,0.000000,synthetic_cold_temperate_benchmark
2023-10-25 18:00:00,9.551004,0.000000,synthetic_cold_temperate_benchmark
2023-10-25 19:00:00,8.872770,0.000000,synthetic_cold_temperate_benchmark
2023-10-25 20:00:00,8.116298,0.000000,synthetic_cold_temperate_benchmark
2023-10-25 21:00:00,7.333141,0.000000,synthetic_cold_temperate_benchmark
2023-10-25 22:00:00,6.576669,0.000000,synthetic_cold_temperate_benchmark
2023-10-25 23:00:00,5.898435,0.000000,synthetic_cold_temperate_benchmark
2023-10-26 00:00:00,5.156778,0.000000,synthetic_cold_temperate_benchmark
2023-10-26 01:00:00,4.765200,0.000000,synthetic_cold_temperate_benchmark
2023-10-26 02:00:00,4.562504,0.000000,synthetic_cold_temperate_benchmark
2023-10-26 03:00:00,4.562504,0.000000,synthetic_cold_temperate_benchmark
2023-10-26 04:00:00,4.765200,0.000000,synthetic_cold_temperate_benchmark
2023-10-26 05:00:00,5.156778,0.000000,synthetic_cold_temperate_benchmark
2023-10-26 06:00:00,5.710554,0.000000,synthetic_cold_temperate_benchmark
2023-10-26 07:00:00,6.388788,40.925655,synthetic_cold_temperate_benchmark
2023-10-26 08:00:00,7.145260,154.724458,synthetic_cold_temperate_benchmark
2023-10-26 09:00:00,7.928417,252.404575,synthetic_cold_temperate_benchmark
2023-10-26 10:00:00,8.684889,323.790012,synthetic_cold_temperate_benchmark
2023-10-26 11:00:00,9.363123,361.444069,synthetic_cold_temperate_benchmark
2023-10-26 12:00:00,9.916898,361.444069,synthetic_cold_temperate_benchmark
2023-10-26 13:00:00,10.308477,323.790012,synthetic_cold_temperate_benchmark
2023-10-26 14:00:00,10.511173,252.404575,synthetic_cold_temperate_benchmark
2023-10-26 15:00:00,10.511173,154.724458,synthetic_cold_temperate_benchmark
2023-10-26 16:00:00,10.308477,40.925655,synthetic_cold_temperate_benchmark
2023-10-26 17:00:00,9.916898,0.000000,synthetic_cold_temperate_benchmark
2023-10-26 18:00:00,9.363123,0.000000,synthetic_cold_temperate_benchmark
2023-10-26 19:00:00,8.684889,0.000000,synthetic_cold_temperate_benchmark
2023-10-26 20:00:00,7.928417,0.000000,synthetic_cold_temperate_benchmark
2023-10-26 21:00:00,7.145260,0.000000,synthetic_cold_temperate_benchmark
2023-10-26 22:00:00,6.388788,0.000000,synthetic_cold_temperate_benchmark
2023-10-26 23:00:00,5.710554,0.000000,synthetic_cold_temperate_benchmark
2023-10-27 00:00:00,4.969331,0.000000,synthetic_cold_temperate_benchmark
2023-10-27 01:00:00,4.577752,0.000000,synthetic_cold_temperate_benchmark
2023-10-27 02:00:00,4.375056,0.000000,synthetic_cold_temperate_benchmark
2023-10-27 03:00:00,4.375056,0.000000,synthetic_cold_temperate_benchmark
2023-10-27 04:00:00,4.577752,0.000000,synthetic_cold_temperate_benchmark
2023-10-27 05:00:00,4.969331,0.000000,synthetic_cold_temperate_benchmark
2023-10-27 06:00:00,5.523106,0.000000,synthetic_cold_temperate_benchmark
2023-10-27 07:00:00,6.201340,37.448000,synthetic_cold_temperate_benchmark
2023-10-27 08:00:00,6.957812,150.936659,synthetic_cold_temperate_benchmark
2023-10-27 09:00:00,7.740969,248.519938,synthetic_cold_temperate_benchmark
2023-10-27 10:00:00,8.497441,319.914723,synthetic_cold_temperate_benchmark
2023-10-27 11:00:00,9.175675,357.597585,synthetic_cold_temperate_benchmark
2023-10-27 12:00:00,9.729451,357.597585,synthetic_cold_temperate_benchmark
2023-10-27 13:00:00,10.121029,319.914723,synthetic_cold_temperate_benchmark
2023-10-27 14:00:00,10.323725,248.519938,synthetic_cold_temperate_benchmark
2023-10-27 15:00:00,10.323725,150.936659,synthetic_cold_temperate_benchmark
2023-10-27 16:00:00,10.121029,37.448000,synthetic_cold_temperate_benchmark
2023-10-27 17:00:00,9.729451,0.000000,synthetic_cold_temperate_benchmark
2023-10-27 18:00:00,9.175675,0.000000,synthetic_cold_temperate_benchmark
2023-10-27 19:00:00,8.497441,0.000000,synthetic_cold_temperate_benchmark
2023-10-27 20:00:00,7.740969,0.000000,synthetic_cold_temperate_benchmark
2023-10-27 21:00:00,6.957812,0.000000,synthetic_cold_temperate_benchmark
2023-10-27 22:00:00,6.201340,0.000000,synthetic_cold_temperate_benchmark
2023-10-27 23:00:00,5.523106,0.000000,synthetic_cold_temperate_benchmark
2023-10-28 00:00:00,4.782372,0.000000,synthetic_cold_temperate_benchmark
2023-10-28 01:00:00,4.390794,0.000000,synthetic_cold_temperate_benchmark
2023-10-28 02:00:00,4.188098,0.000000,synthetic_cold_temperate_benchmark
2023-10-28 03:00:00,4.188098,0.000000,synthetic_cold_temperate_benchmark
2023-10-28 04:00:00,4.390794,0.000000,synthetic_cold_temperate_benchmark
2023-10-28 05:00:00,4.782372,0.000000,synthetic_cold_temperate_benchmark
2023-10-28 06:00:00,5.336148,0.000000,synthetic_cold_temperate_benchmark
2023-10-28 07:00:00,6.014382,34.040199,synthetic_cold_temperate_benchmark
2023-10-28 08:00:00,6.770854,147.210422,synthetic_cold_temperate_benchmark
2023-10-28 09:00:00,7.554011,244.690319,synthetic_cold_temperate_benchmark
2023-10-28 10:00:00,8.310482,316.090061,synthetic_cold_temperate_benchmark
2023-10-28 11:00:00,8.988716,353.799552,synthetic_cold_temperate_benchmark
2023-10-28 12:00:00,9.542492,353.799552,synthetic_cold_temperate_benchmark
2023-10-28 13:00:00,9.934071,316.090061,synthetic_cold_temperate_benchmark
2023-10-28 14:00:00,10.136767,244.690319,synthetic_cold_temperate_benchmark
2023-10-28 15:00:00,10.136767,147.210422,synthetic_cold_temperate_benchmark
2023-10-28 16:00:00,9.934071,34.040199,synthetic_cold_temperate_benchmark
2023-10-28 17:00:00,9.542492,0.000000,synthetic_cold_temperate_benchmark
2023-10-28 18:00:00,8.988716,0.000000,synthetic_cold_temperate_benchmark
2023-10-28 19:00:00,8.310482,0.000000,synthetic_cold_temperate_benchmark
2023-10-28 20:00:00,7.554011,0.000000,synthetic_cold_temperate_benchmark
2023-10-28 21:00:00,6.770854,0.000000,synthetic_cold_temperate_benchmark
2023-10-28 22:00:00,6.014382,0.000000,synthetic_cold_temperate_benchmark
2023-10-28 23:00:00,5.336148,0.000000,synthetic_cold_temperate_benchmark
2023-10-29 00:00:00,4.595958,0.000000,synthetic_cold_temperate_benchmark
2023-10-29 01:00:00,4.204380,0.000000,synthetic_cold_temperate_benchmark
2023-10-29 02:00:00,4.001684,0.000000,synthetic_cold_temperate_benchmark
2023-10-29 03:00:00,4.001684,0.000000,synthetic_cold_temperate_benchmark
2023-10-29 04:00:00,4.204380,0.000000,synthetic_cold_temperate_benchmark
2023-10-29 05:00:00,4.595958,0.000000,synthetic_cold_temperate_benchmark
2023-10-29 06:00:00,5.149734,0.000000,synthetic_cold_temperate_benchmark
2023-10-29 07:00:00,5.827968,30.702952,synthetic_cold_temperate_benchmark
2023-10-29 08:00:00,6.584440,143.546735,synthetic_cold_temperate_benchmark
2023-10-29 09:00:00,7.367597,240.916822,synthetic_cold_temperate_benchmark
2023-10-29 10:00:00,8.124068,312.317155,synthetic_cold_temperate_benchmark
2023-10-29 11:00:00,8.802302,350.051096,synthetic_cold_temperate_benchmark
2023-10-29 12:00:00,9.356078,350.051096,synthetic_cold_temperate_benchmark
2023-10-29 13:00:00,9.747657,312.317155,synthetic_cold_temperate_benchmark
2023-10-29 14:00:00,9.950353,240.916822,synthetic_cold_temperate_benchmark
2023-10-29 15:00:00,9.950353,143.546735,synthetic_cold_temperate_benchmark
2023-10-29 16:00:00,9.747657,30.702952,synthetic_cold_temperate_benchmark
2023-10-29 17:00:00,9.356078,0.000000,synthetic_cold_temperate_benchmark
2023-10-29 18:00:00,8.802302,0.000000,synthetic_cold_temperate_benchmark
2023-10-29 19:00:00,8.124068,0.000000,synthetic_cold_temperate_benchmark
2023-10-29 20:00:00,7.367597,0.000000,synthetic_cold_temperate_benchmark
2023-10-29 21:00:00,6.584440,0.000000,synthetic_cold_temperate_benchmark
2023-10-29 22:00:00,5.827968,0.000000,synthetic_cold_temperate_benchmark
2023-10-29 23:00:00,5.149734,0.000000,synthetic_cold_temperate_benchmark
2023-10-30 00:00:00,4.410144,0.000000,synthetic_cold_temperate_benchmark
2023-10-30 01:00:00,4.018565,0.000000,synthetic_cold_temperate_benchmark
2023-10-30 02:00:00,3.815869,0.000000,synthetic_cold_temperate_benchmark
2023-10-30 03:00:00,3.815869,0.000000,synthetic_cold_temperate_benchmark
2023-10-30 04:00:00,4.018565,0.000000,synthetic_cold_temperate_benchmark
2023-10-30 05:00:00,4.410144,0.000000,synthetic_cold_temperate_benchmark
2023-10-30 06:00:00,4.963920,0.000000,synthetic_cold_temperate_benchmark
2023-10-30 07:00:00,5.642154,27.436891,synthetic_cold_temperate_benchmark
2023-10-30 08:00:00,6.398625,139.946540,synthetic_cold_temperate_benchmark
2023-10-30 09:00:00,7.181782,237.200523,synthetic_cold_temperate_benchmark
2023-10-30 10:00:00,7.938254,308.597115,synthetic_cold_temperate_benchmark
2023-10-30 11:00:00,8.616488,346.353326,synthetic_cold_temperate_benchmark
2023-10-30 12:00:00,9.170264,346.353326,synthetic_cold_temperate_benchmark
2023-10-30 13:00:00,9.561842,308.597115,synthetic_cold_temperate_benchmark
2023-10-30 14:00:00,9.764538,237.200523,synthetic_cold_temperate_benchmark
2023-10-30 15:00:00,9.764538,139.946540,synthetic_cold_temperate_benchmark
2023-10-30 16:00:00,9.561842,27.436891,synthetic_cold_temperate_benchmark
2023-10-30 17:00:00,9.170264,0.000000,synthetic_cold_temperate_benchmark
2023-10-30 18:00:00,8.616488,0.000000,synthetic_cold_temperate_benchmark
2023-10-30 19:00:00,7.938254,0.000000,synthetic_cold_temperate_benchmark
2023-10-30 20:00:00,7.181782,0.000000,synthetic_cold_temperate_benchmark
2023-10-30 21:00:00,6.398625,0.000000,synthetic_cold_temperate_benchmark
2023-10-30 22:00:00,5.642154,0.000000,synthetic_cold_temperate_benchmark
2023-10-30 23:00:00,4.963920,0.000000,synthetic_cold_temperate_benchmark
2023-10-31 00:00:00,4.224984,0.000000,synthetic_cold_temperate_benchmark
2023-10-31 01:00:00,3.833406,0.000000,synthetic_cold_temperate_benchmark
2023-10-31 02:00:00,3.630710,0.000000,synthetic_cold_temperate_benchmark
2023-10-31 03:00:00,3.630710,0.000000,synthetic_cold_temperate_benchmark
2023-10-31 04:00:00,3.833406,0.000000,synthetic_cold_temperate_benchmark
2023-10-31 05:00:00,4.224984,0.000000,synthetic_cold_temperate_benchmark
2023-10-31 06:00:00,4.778760,0.000000,synthetic_cold_temperate_benchmark
2023-10-31 07:00:00,5.456994,24.242576,synthetic_cold_temperate_benchmark
2023-10-31 08:00:00,6.213466,136.410735,synthetic_cold_temperate_benchmark
2023-10-31 09:00:00,6.996623,233.542466,synthetic_cold_temperate_benchmark
2023-10-31 10:00:00,7.753095,304.931033,synthetic_cold_temperate_benchmark
2023-10-31 11:00:00,8.431329,342.707339,synthetic_cold_temperate_benchmark
2023-10-31 12:00:00,8.985104,342.707339,synthetic_cold_temperate_benchmark
2023-10-31 13:00:00,9.376683,304.931033,synthetic_cold_temperate_benchmark
2023-10-31 14:00:00,9.579379,233.542466,synthetic_cold_temperate_benchmark
2023-10-31 15:00:00,9.579379,136.410735,synthetic_cold_temperate_benchmark
2023-10-31 16:00:00,9.376683,24.242576,synthetic_cold_temperate_benchmark
2023-10-31 17:00:00,8.985104,0.000000,synthetic_cold_temperate_benchmark
2023-10-31 18:00:00,8.431329,0.000000,synthetic_cold_temperate_benchmark
2023-10-31 19:00:00,7.753095,0.000000,synthetic_cold_temperate_benchmark
2023-10-31 20:00:00,6.996623,0.000000,synthetic_cold_temperate_benchmark
2023-10-31 21:00:00,6.213466,0.000000,synthetic_cold_temperate_benchmark
2023-10-31 22:00:00,5.456994,0.000000,synthetic_cold_temperate_benchmark
2023-10-31 23:00:00,4.778760,0.000000,synthetic_cold_temperate_benchmark
2023-11-01 00:00:00,4.040535,0.000000,synthetic_cold_temperate_benchmark
2023-11-01 01:00:00,3.648956,0.000000,synthetic_cold_temperate_benchmark
2023-11-01 02:00:00,3.446260,0.000000,synthetic_cold_temperate_benchmark
2023-11-01 03:00:00,3.446260,0.000000,synthetic_cold_temperate_benchmark
2023-11-01 04:00:00,3.648956,0.000000,synthetic_cold_temperate_benchmark
2023-11-01 05:00:00,4.040535,0.000000,synthetic_cold_temperate_benchmark
2023-11-01 06:00:00,4.594310,0.000000,synthetic_cold_temperate_benchmark
2023-11-01 07:00:00,5.272544,21.120502,synthetic_cold_temperate_benchmark
2023-11-01 08:00:00,6.029016,132.940168,synthetic_cold_temperate_benchmark
2023-11-01 09:00:00,6.812173,229.943668,synthetic_cold_temperate_benchmark
2023-11-01 10:00:00,7.568645,301.319977,synthetic_cold_temperate_benchmark
2023-11-01 11:00:00,8.246879,339.114213,synthetic_cold_temperate_benchmark
2023-11-01 12:00:00,8.800655,339.114213,synthetic_cold_temperate_benchmark
2023-11-01 13:00:00,9.192233,301.319977,synthetic_cold_temperate_benchmark
2023-11-01 14:00:00,9.394929,229.943668,synthetic_cold_temperate_benchmark
2023-11-01 15:00:00,9.394929,132.940168,synthetic_cold_temperate_benchmark
2023-11-01 16:00:00,9.192233,21.120502,synthetic_cold_temperate_benchmark
2023-11-01 17:00:00,8.800655,0.000000,synthetic_cold_temperate_benchmark
2023-11-01 18:00:00,8.246879,0.000000,synthetic_cold_temperate_benchmark
2023-11-01 19:00:00,7.568645,0.000000,synthetic_cold_temperate_benchmark
2023-11-01 20:00:00,6.812173,0.000000,synthetic_cold_temperate_benchmark
2023-11-01 21:00:00,6.029016,0.000000,synthetic_cold_temperate_benchmark
2023-11-01 22:00:00,5.272544,0.000000,synthetic_cold_temperate_benchmark
2023-11-01 23:00:00,4.594310,0.000000,synthetic_cold_temperate_benchmark
2023-11-02 00:00:00,3.856849,0.000000,synthetic_cold_temperate_benchmark
2023-11-02 01:00:00,3.465271,0.000000,synthetic_cold_temperate_benchmark
2023-11-02 02:00:00,3.262575,0.000000,synthetic_cold_temperate_benchmark
2023-11-02 03:00:00,3.262575,0.000000,synthetic_cold_temperate_benchmark
2023-11-02 04:00:00,3.465271,0.000000,synthetic_cold_temperate_benchmark
2023-11-02 05:00:00,3.856849,0.000000,synthetic_cold_temperate_benchmark
2023-11-02 06:00:00,4.410625,0.000000,synthetic_cold_temperate_benchmark
2023-11-02 07:00:00,5.088859,18.071090,synthetic_cold_temperate_benchmark
2023-11-02 08:00:00,5.845331,129.535642,synthetic_cold_temperate_benchmark
2023-11-02 09:00:00,6.628488,226.405113,synthetic_cold_temperate_benchmark
2023-11-02 10:00:00,7.384960,297.764997,synthetic_cold_temperate_benchmark
2023-11-02 11:00:00,8.063194,335.575010,synthetic_cold_temperate_benchmark
2023-11-02 12:00:00,8.616969,335.575010,synthetic_cold_temperate_benchmark
2023-11-02 13:00:00,9.008548,297.764997,synthetic_cold_temperate_benchmark
2023-11-02 14:00:00,9.211244,226.405113,synthetic_cold_temperate_benchmark
2023-11-02 15:00:00,9.211244,129.535642,synthetic_cold_temperate_benchmark
2023-11-02 16:00:00,9.008548,18.071090,synthetic_cold_temperate_benchmark
2023-11-02 17:00:00,8.616969,0.000000,synthetic_cold_temperate_benchmark
2023-11-02 18:00:00,8.063194,0.000000,synthetic_cold_temperate_benchmark
2023-11-02 19:00:00,7.384960,0.000000,synthetic_cold_temperate_benchmark
2023-11-02 20:00:00,6.628488,0.000000,synthetic_cold_temperate_benchmark
2023-11-02 21:00:00,5.845331,0.000000,synthetic_cold_temperate_benchmark
2023-11-02 22:00:00,5.088859,0.000000,synthetic_cold_temperate_benchmark
2023-11-02 23:00:00,4.410625,0.000000,synthetic_cold_temperate_benchmark
2023-11-03 00:00:00,3.673983,0.000000,synthetic_cold_temperate_benchmark
2023-11-03 01:00:00,3.282404,0.000000,synthetic_cold_temperate_benchmark
2023-11-03 02:00:00,3.079708,0.000000,synthetic_cold_temperate_benchmark
2023-11-03 03:00:00,3.079708,0.000000,synthetic_cold_temperate_benchmark
2023-11-03 04:00:00,3.282404,0.000000,synthetic_cold_temperate_benchmark
2023-11-03 05:00:00,3.673983,0.000000,synthetic_cold_temperate_benchmark
2023-11-03 06:00:00,4.227758,0.000000,synthetic_cold_temperate_benchmark
2023-11-03 07:00:00,4.905992,15.094691,synthetic_cold_temperate_benchmark
2023-11-03 08:00:00,5.662464,126.197912,synthetic_cold_temperate_benchmark
2023-11-03 09:00:00,6.445621,222.927754,synthetic_cold_temperate_benchmark
2023-11-03 10:00:00,7.202093,294.267121,synthetic_cold_temperate_benchmark
2023-11-03 11:00:00,7.880327,332.090778,synthetic_cold_temperate_benchmark
2023-11-03 12:00:00,8.434103,332.090778,synthetic_cold_temperate_benchmark
2023-11-03 13:00:00,8.825681,294.267121,synthetic_cold_temperate_benchmark
2023-11-03 14:00:00,9.028377,222.927754,synthetic_cold_temperate_benchmark
2023-11-03 15:00:00,9.028377,126.197912,synthetic_cold_temperate_benchmark
2023-11-03 16:00:00,8.825681,15.094691,synthetic_cold_temperate_benchmark
2023-11-03 17:00:00,8.434103,0.000000,synthetic_cold_temperate_benchmark
2023-11-03 18:00:00,7.880327,0.000000,synthetic_cold_temperate_benchmark
2023-11-03 19:00:00,7.202093,0.000000,synthetic_cold_temperate_benchmark
2023-11-03 20:00:00,6.445621,0.000000,synthetic_cold_temperate_benchmark
2023-11-03 21:00:00,5.662464,0.000000,synthetic_cold_temperate_benchmark
2023-11-03 22:00:00,4.905992,0.000000,synthetic_cold_temperate_benchmark
2023-11-03 23:00:00,4.227758,0.000000,synthetic_cold_temperate_benchmark
2023-11-04 00:00:00,3.491989,0.000000,synthetic_cold_temperate_benchmark
2023-11-04 01:00:00,3.100410,0.000000,synthetic_cold_temperate_benchmark
2023-11-04 02:00:00,2.897714,0.000000,synthetic_cold_temperate_benchmark
2023-11-04 03:00:00,2.897714,0.000000,synthetic_cold_temperate_benchmark
2023-11-04 04:00:00,3.100410,0.000000,synthetic_cold_temperate_benchmark
2023-11-04 05:00:00,3.491989,0.000000,synthetic_cold_temperate_benchmark
2023-11-04 06:00:00,4.045765,0.000000,synthetic_cold_temperate_benchmark
2023-11-04 07:00:00,4.723999,12.191587,synthetic_cold_temperate_benchmark
2023-11-04 08:00:00,5.480470,122.927685,synthetic_cold_temperate_benchmark
2023-11-04 09:00:00,6.263628,219.512512,synthetic_cold_temperate_benchmark
2023-11-04 10:00:00,7.020099,290.827355,synthetic_cold_temperate_benchmark
2023-11-04 11:00:00,7.698333,328.662545,synthetic_cold_temperate_benchmark
2023-11-04 12:00:00,8.252109,328.662545,synthetic_cold_temperate_benchmark
2023-11-04 13:00:00,8.643688,290.827355,synthetic_cold_temperate_benchmark
2023-11-04 14:00:00,8.846384,219.512512,synthetic_cold_temperate_benchmark
2023-11-04 15:00:00,8.846384,122.927685,synthetic_cold_temperate_benchmark
2023-11-04 16:00:00,8.643688,12.191587,synthetic_cold_temperate_benchmark
2023-11-04 17:00:00,8.252109,0.000000,synthetic_cold_temperate_benchmark
2023-11-04 18:00:00,7.698333,0.000000,synthetic_cold_temperate_benchmark
2023-11-04 19:00:00,7.020099,0.000000,synthetic_cold_temperate_benchmark
2023-11-04 20:00:00,6.263628,0.000000,synthetic_cold_temperate_benchmark
2023-11-04 21:00:00,5.480470,0.000000,synthetic_cold_temperate_benchmark
2023-11-04 22:00:00,4.723999,0.000000,synthetic_cold_temperate_benchmark
2023-11-04 23:00:00,4.045765,0.000000,synthetic_cold_temperate_benchmark
2023-11-05 00:00:00,3.310922,0.000000,synthetic_cold_temperate_benchmark
2023-11-05 01:00:00,2.919344,0.000000,synthetic_cold_temperate_benchmark
2023-11-05 02:00:00,2.716648,0.000000,synthetic_cold_temperate_benchmark
2023-11-05 03:00:00,2.716648,0.000000,synthetic_cold_temperate_benchmark
2023-11-05 04:00:00,2.919344,0.000000,synthetic_cold_temperate_benchmark
2023-11-05 05:00:00,3.310922,0.000000,synthetic_cold_temperate_benchmark
2023-11-05 06:00:00,3.864698,0.000000,synthetic_cold_temperate_benchmark
2023-11-05 07:00:00,4.542932,9.361989,synthetic_cold_temperate_benchmark
2023-11-05 08:00:00,5.299404,119.725617,synthetic_cold_temperate_benchmark
2023-11-05 09:00:00,6.082561,216.160276,synthetic_cold_temperate_benchmark
2023-11-05 10:00:00,6.839032,287.446684,synthetic_cold_temperate_benchmark
2023-11-05 11:00:00,7.517266,325.291324,synthetic_cold_temperate_benchmark
2023-11-05 12:00:00,8.071042,325.291324,synthetic_cold_temperate_benchmark
2023-11-05 13:00:00,8.462621,287.446684,synthetic_cold_temperate_benchmark
2023-11-05 14:00:00,8.665317,216.160276,synthetic_cold_temperate_benchmark
2023-11-05 15:00:00,8.665317,119.725617,synthetic_cold_temperate_benchmark
2023-11-05 16:00:00,8.462621,9.361989,synthetic_cold_temperate_benchmark
2023-11-05 17:00:00,8.071042,0.000000,synthetic_cold_temperate_benchmark
2023-11-05 18:00:00,7.517266,0.000000,synthetic_cold_temperate_benchmark
2023-11-05 19:00:00,6.839032,0.000000,synthetic_cold_temperate_benchmark
2023-11-05 20:00:00,6.082561,0.000000,synthetic_cold_temperate_benchmark
2023-11-05 21:00:00,5.299404,0.000000,synthetic_cold_temperate_benchmark
2023-11-05 22:00:00,4.542932,0.000000,synthetic_cold_temperate_benchmark
2023-11-05 23:00:00,3.864698,0.000000,synthetic_cold_temperate_benchmark
2023-11-06 00:00:00,3.130836,0.000000,synthetic_cold_temperate_benchmark
2023-11-06 01:00:00,2.739257,0.000000,synthetic_cold_temperate_benchmark
2023-11-06 02:00:00,2.536561,0.000000,synthetic_cold_temperate_benchmark
2023-11-06 03:00:00,2.536561,0.000000,synthetic_cold_temperate_benchmark
2023-11-06 04:00:00,2.739257,0.000000,synthetic_cold_temperate_benchmark
2023-11-06 05:00:00,3.130836,0.000000,synthetic_cold_temperate_benchmark
2023-11-06 06:00:00,3.684612,0.000000,synthetic_cold_temperate_benchmark
2023-11-06 07:00:00,4.362846,6.606034,synthetic_cold_temperate_benchmark
2023-11-06 08:00:00,5.119317,116.592318,synthetic_cold_temperate_benchmark
2023-11-06 09:00:00,5.902474,212.871902,synthetic_cold_temperate_benchmark
2023-11-06 10:00:00,6.658946,284.126068,synthetic_cold_temperate_benchmark
2023-11-06 11:00:00,7.337180,321.978112,synthetic_cold_temperate_benchmark
2023-11-06 12:00:00,7.890956,321.978112,synthetic_cold_temperate_benchmark
2023-11-06 13:00:00,8.282534,284.126068,synthetic_cold_temperate_benchmark
2023-11-06 14:00:00,8.485230,212.871902,synthetic_cold_temperate_benchmark
2023-11-06 15:00:00,8.485230,116.592318,synthetic_cold_temperate_benchmark
2023-11-06 16:00:00,8.282534,6.606034,synthetic_cold_temperate_benchmark
2023-11-06 17:00:00,7.890956,0.000000,synthetic_cold_temperate_benchmark
2023-11-06 18:00:00,7.337180,0.000000,synthetic_cold_temperate_benchmark
2023-11-06 19:00:00,6.658946,0.000000,synthetic_cold_temperate_benchmark
2023-11-06 20:00:00,5.902474,0.000000,synthetic_cold_temperate_benchmark
2023-11-06 21:00:00,5.119317,0.000000,synthetic_cold_temperate_benchmark
2023-11-06 22:00:00,4.362846,0.000000,synthetic_cold_temperate_benchmark
2023-11-06 23:00:00,3.684612,0.000000,synthetic_cold_temperate_benchmark
2023-11-07 00:00:00,2.951783,0.000000,synthetic_cold_temperate_benchmark
2023-11-07 01:00:00,2.560205,0.000000,synthetic_cold_temperate_benchmark
2023-11-07 02:00:00,2.357509,0.000000,synthetic_cold_temperate_benchmark
2023-11-07 03:00:00,2.357509,0.000000,synthetic_cold_temperate_benchmark
2023-11-07 04:00:00,2.560205,0.000000,synthetic_cold_temperate_benchmark
2023-11-07 05:00:00,2.951783,0.000000,synthetic_cold_temperate_benchmark
2023-11-07 06:00:00,3.505559,0.000000,synthetic_cold_temperate_benchmark
2023-11-07 07:00:00,4.183793,3.923795,synthetic_cold_temperate_benchmark
2023-11-07 08:00:00,4.940265,113.528347,synthetic_cold_temperate_benchmark
2023-11-07 09:00:00,5.723422,209.648212,synthetic_cold_temperate_benchmark
2023-11-07 10:00:00,6.479894,280.866447,synthetic_cold_temperate_benchmark
2023-11-07 11:00:00,7.158128,318.723883,synthetic_cold_temperate_benchmark
2023-11-07 12:00:00,7.711903,318.723883,synthetic_cold_temperate_benchmark
2023-11-07 13:00:00,8.103482,280.866447,synthetic_cold_temperate_benchmark
2023-11-07 14:00:00,8.306178,209.648212,synthetic_cold_temperate_benchmark
2023-11-07 15:00:00,8.306178,113.528347,synthetic_cold_temperate_benchmark
2023-11-07 16:00:00,8.103482,3.923795,synthetic_cold_temperate_benchmark
2023-11-07 17:00:00,7.711903,0.000000,synthetic_cold_temperate_benchmark
2023-11-07 18:00:00,7.158128,0.000000,synthetic_cold_temperate_benchmark
2023-11-07 19:00:00,6.479894,0.000000,synthetic_cold_temperate_benchmark
2023-11-07 20:00:00,5.723422,0.000000,synthetic_cold_temperate_benchmark
2023-11-07 21:00:00,4.940265,0.000000,synthetic_cold_temperate_benchmark
2023-11-07 22:00:00,4.183793,0.000000,synthetic_cold_temperate_benchmark
2023-11-07 23:00:00,3.505559,0.000000,synthetic_cold_temperate_benchmark
2023-11-08 00:00:00,2.773818,0.000000,synthetic_cold_temperate_benchmark
2023-11-08 01:00:00,2.382239,0.000000,synthetic_cold_temperate_benchmark
2023-11-08 02:00:00,2.179543,0.000000,synthetic_cold_temperate_benchmark
2023-11-08 03:00:00,2.179543,0.000000,synthetic_cold_temperate_benchmark
2023-11-08 04:00:00,2.382239,0.000000,synthetic_cold_temperate_benchmark
2023-11-08 05:00:00,2.773818,0.000000,synthetic_cold_temperate_benchmark
2023-11-08 06:00:00,3.327594,0.000000,synthetic_cold_temperate_benchmark
2023-11-08 07:00:00,4.005828,1.315271,synthetic_cold_temperate_benchmark
2023-11-08 08:00:00,4.762299,110.534215,synthetic_cold_temperate_benchmark
2023-11-08 09:00:00,5.545457,206.489996,synthetic_cold_temperate_benchmark
2023-11-08 10:00:00,6.301928,277.668738,synthetic_cold_temperate_benchmark
2023-11-08 11:00:00,6.980162,315.529599,synthetic_cold_temperate_benchmark
2023-11-08 12:00:00,7.533938,315.529599,synthetic_cold_temperate_benchmark
2023-11-08 13:00:00,7.925517,277.668738,synthetic_cold_temperate_benchmark
2023-11-08 14:00:00,8.128213,206.489996,synthetic_cold_temperate_benchmark
2023-11-08 15:00:00,8.128213,110.534215,synthetic_cold_temperate_benchmark
2023-11-08 16:00:00,7.925517,1.315271,synthetic_cold_temperate_benchmark
2023-11-08 17:00:00,7.533938,0.000000,synthetic_cold_temperate_benchmark
2023-11-08 18:00:00,6.980162,0.000000,synthetic_cold_temperate_benchmark
2023-11-08 19:00:00,6.301928,0.000000,synthetic_cold_temperate_benchmark
2023-11-08 20:00:00,5.545457,0.000000,synthetic_cold_temperate_benchmark
2023-11-08 21:00:00,4.762299,0.000000,synthetic_cold_temperate_benchmark
2023-11-08 22:00:00,4.005828,0.000000,synthetic_cold_temperate_benchmark
2023-11-08 23:00:00,3.327594,0.000000,synthetic_cold_temperate_benchmark
2023-11-09 00:00:00,2.596992,0.000000,synthetic_cold_temperate_benchmark
2023-11-09 01:00:00,2.205414,0.000000,synthetic_cold_temperate_benchmark
2023-11-09 02:00:00,2.002718,0.000000,synthetic_cold_temperate_benchmark
2023-11-09 03:00:00,2.002718,0.000000,synthetic_cold_temperate_benchmark
2023-11-09 04:00:00,2.205414,0.000000,synthetic_cold_temperate_benchmark
2023-11-09 05:00:00,2.596992,0.000000,synthetic_cold_temperate_benchmark
2023-11-09 06:00:00,3.150768,0.000000,synthetic_cold_temperate_benchmark
2023-11-09 07:00:00,3.829002,0.000000,synthetic_cold_temperate_benchmark
2023-11-09 08:00:00,4.585474,107.610383,synthetic_cold_temperate_benchmark
2023-11-09 09:00:00,5.368631,203.398010,synthetic_cold_temperate_benchmark
2023-11-09 10:00:00,6.125103,274.533833,synthetic_cold_temperate_benchmark
2023-11-09 11:00:00,6.803337,312.396200,synthetic_cold_temperate_benchmark
2023-11-09 12:00:00,7.357112,312.396200,synthetic_cold_temperate_benchmark
2023-11-09 13:00:00,7.748691,274.533833,synthetic_cold_temperate_benchmark
2023-11-09 14:00:00,7.951387,203.398010,synthetic_cold_temperate_benchmark
2023-11-09 15:00:00,7.951387,107.610383,synthetic_cold_temperate_benchmark
2023-11-09 16:00:00,7.748691,0.000000,synthetic_cold_temperate_benchmark
2023-11-09 17:00:00,7.357112,0.000000,synthetic_cold_temperate_benchmark
2023-11-09 18:00:00,6.803337,0.000000,synthetic_cold_temperate_benchmark
2023-11-09 19:00:00,6.125103,0.000000,synthetic_cold_temperate_benchmark
2023-11-09 20:00:00,5.368631,0.000000,synthetic_cold_temperate_benchmark
2023-11-09 21:00:00,4.585474,0.000000,synthetic_cold_temperate_benchmark
2023-11-09 22:00:00,3.829002,0.000000,synthetic_cold_temperate_benchmark
2023-11-09 23:00:00,3.150768,0.000000,synthetic_cold_temperate_benchmark
2023-11-10 00:00:00,2.421359,0.000000,synthetic_cold_temperate_benchmark
2023-11-10 01:00:00,2.029780,0.000000,synthetic_cold_temperate_benchmark
2023-11-10 02:00:00,1.827084,0.000000,synthetic_cold_temperate_benchmark
2023-11-10 03:00:00,1.827084,0.000000,synthetic_cold_temperate_benchmark
2023-11-10 04:00:00,2.029780,0.000000,synthetic_cold_temperate_benchmark
2023-11-10 05:00:00,2.421359,0.000000,synthetic_cold_temperate_benchmark
2023-11-10 06:00:00,2.975134,0.000000,synthetic_cold_temperate_benchmark
2023-11-10 07:00:00,3.653368,0.000000,synthetic_cold_temperate_benchmark
2023-11-10 08:00:00,4.409840,104.757263,synthetic_cold_temperate_benchmark
2023-11-10 09:00:00,5.192997,200.372977,synthetic_cold_temperate_benchmark
2023-11-10 10:00:00,5.949469,271.462601,synthetic_cold_temperate_benchmark
2023-11-10 11:00:00,6.627703,309.324609,synthetic_cold_temperate_benchmark
2023-11-10 12:00:00,7.181479,309.324609,synthetic_cold_temperate_benchmark
2023-11-10 13:00:00,7.573057,271.462601,synthetic_cold_temperate_benchmark
2023-11-10 14:00:00,7.775753,200.372977,synthetic_cold_temperate_benchmark
2023-11-10 15:00:00,7.775753,104.757263,synthetic_cold_temperate_benchmark
2023-11-10 16:00:00,7.573057,0.000000,synthetic_cold_temperate_benchmark
2023-11-10 17:00:00,7.181479,0.000000,synthetic_cold_temperate_benchmark
2023-11-10 18:00:00,6.627703,0.000000,synthetic_cold_temperate_benchmark
2023-11-10 19:00:00,5.949469,0.000000,synthetic_cold_temperate_benchmark
2023-11-10 20:00:00,5.192997,0.000000,synthetic_cold_temperate_benchmark
2023-11-10 21:00:00,4.409840,0.000000,synthetic_cold_temperate_benchmark
2023-11-10 22:00:00,3.653368,0.000000,synthetic_cold_temperate_benchmark
2023-11-10 23:00:00,2.975134,0.000000,synthetic_cold_temperate_benchmark
2023-11-11 00:00:00,2.246969,0.000000,synthetic_cold_temperate_benchmark
2023-11-11 01:00:00,1.855390,0.000000,synthetic_cold_temperate_benchmark
2023-11-11 02:00:00,1.652694,0.000000,synthetic_cold_temperate_benchmark
2023-11-11 03:00:00,1.652694,0.000000,synthetic_cold_temperate_benchmark
2023-11-11 04:00:00,1.855390,0.000000,synthetic_cold_temperate_benchmark
2023-11-11 05:00:00,2.246969,0.000000,synthetic_cold_temperate_benchmark
2023-11-11 06:00:00,2.800745,0.000000,synthetic_cold_temperate_benchmark
2023-11-11 07:00:00,3.478979,0.000000,synthetic_cold_temperate_benchmark
2023-11-11 08:00:00,4.235450,101.975221,synthetic_cold_temperate_benchmark
2023-11-11 09:00:00,5.018608,197.415585,synthetic_cold_temperate_benchmark
2023-11-11 10:00:00,5.775079,268.455888,synthetic_cold_temperate_benchmark
2023-11-11 11:00:00,6.453313,306.315729,synthetic_cold_temperate_benchmark
2023-11-11 12:00:00,7.007089,306.315729,synthetic_cold_temperate_benchmark
2023-11-11 13:00:00,7.398668,268.455888,synthetic_cold_temperate_benchmark
2023-11-11 14:00:00,7.601364,197.415585,synthetic_cold_temperate_benchmark
2023-11-11 15:00:00,7.601364,101.975221,synthetic_cold_temperate_benchmark
2023-11-11 16:00:00,7.398668,0.000000,synthetic_cold_temperate_benchmark
2023-11-11 17:00:00,7.007089,0.000000,synthetic_cold_temperate_benchmark
2023-11-11 18:00:00,6.453313,0.000000,synthetic_cold_temperate_benchmark
2023-11-11 19:00:00,5.775079,0.000000,synthetic_cold_temperate_benchmark
2023-11-11 20:00:00,5.018608,0.000000,synthetic_cold_temperate_benchmark
2023-11-11 21:00:00,4.235450,0.000000,synthetic_cold_temperate_benchmark
2023-11-11 22:00:00,3.478979,0.000000,synthetic_cold_temperate_benchmark
2023-11-11 23:00:00,2.800745,0.000000,synthetic_cold_temperate_benchmark
2023-11-12 00:00:00,2.073875,0.000000,synthetic_cold_temperate_benchmark
2023-11-12 01:00:00,1.682297,0.000000,synthetic_cold_temperate_benchmark
2023-11-12 02:00:00,1.479601,0.000000,synthetic_cold_temperate_benchmark
2023-11-12 03:00:00,1.479601,0.000000,synthetic_cold_temperate_benchmark
2023-11-12 04:00:00,1.682297,0.000000,synthetic_cold_temperate_benchmark
2023-11-12 05:00:00,2.073875,0.000000,synthetic_cold_temperate_benchmark
2023-11-12 06:00:00,2.627651,0.000000,synthetic_cold_temperate_benchmark
2023-11-12 07:00:00,3.305885,0.000000,synthetic_cold_temperate_benchmark
2023-11-12 08:00:00,4.062357,99.264573,synthetic_cold_temperate_benchmark
2023-11-12 09:00:00,4.845514,194.526489,synthetic_cold_temperate_benchmark
2023-11-12 10:00:00,5.601986,265.514515,synthetic_cold_temperate_benchmark
2023-11-12 11:00:00,6.280220,303.370445,synthetic_cold_temperate_benchmark
2023-11-12 12:00:00,6.833995,303.370445,synthetic_cold_temperate_benchmark
2023-11-12 13:00:00,7.225574,265.514515,synthetic_cold_temperate_benchmark
2023-11-12 14:00:00,7.428270,194.526489,synthetic_cold_temperate_benchmark
2023-11-12 15:00:00,7.428270,99.264573,synthetic_cold_temperate_benchmark
2023-11-12 16:00:00,7.225574,0.000000,synthetic_cold_temperate_benchmark
2023-11-12 17:00:00,6.833995,0.000000,synthetic_cold_temperate_benchmark
2023-11-12 18:00:00,6.280220,0.000000,synthetic_cold_temperate_benchmark
2023-11-12 19:00:00,5.601986,0.000000,synthetic_cold_temperate_benchmark
2023-11-12 20:00:00,4.845514,0.000000,synthetic_cold_temperate_benchmark
2023-11-12 21:00:00,4.062357,0.000000,synthetic_cold_temperate_benchmark
2023-11-12 22:00:00,3.305885,0.000000,synthetic_cold_temperate_benchmark
2023-11-12 23:00:00,2.627651,0.000000,synthetic_cold_temperate_benchmark
2023-11-13 00:00:00,1.902129,0.000000,synthetic_cold_temperate_benchmark
2023-11-13 01:00:00,1.510550,0.000000,synthetic_cold_temperate_benchmark
2023-11-13 02:00:00,1.307854,0.000000,synthetic_cold_temperate_benchmark
2023-11-13 03:00:00,1.307854,0.000000,synthetic_cold_temperate_benchmark
2023-11-13 04:00:00,1.510550,0.000000,synthetic_cold_temperate_benchmark
2023-11-13 05:00:00,1.902129,0.000000,synthetic_cold_temperate_benchmark
2023-11-13 06:00:00,2.455904,0.000000,synthetic_cold_temperate_benchmark
2023-11-13 07:00:00,3.134138,0.000000,synthetic_cold_temperate_benchmark
2023-11-13 08:00:00,3.890610,96.625589,synthetic_cold_temperate_benchmark
2023-11-13 09:00:00,4.673767,191.706311,synthetic_cold_temperate_benchmark
2023-11-13 10:00:00,5.430239,262.639280,synthetic_cold_temperate_benchmark
2023-11-13 11:00:00,6.108473,300.489621,synthetic_cold_temperate_benchmark
2023-11-13 12:00:00,6.662249,300.489621,synthetic_cold_temperate_benchmark
2023-11-13 13:00:00,7.053827,262.639280,synthetic_cold_temperate_benchmark
2023-11-13 14:00:00,7.256523,191.706311,synthetic_cold_temperate_benchmark
2023-11-13 15:00:00,7.256523,96.625589,synthetic_cold_temperate_benchmark
2023-11-13 16:00:00,7.053827,0.000000,synthetic_cold_temperate_benchmark
2023-11-13 17:00:00,6.662249,0.000000,synthetic_cold_temperate_benchmark
2023-11-13 18:00:00,6.108473,0.000000,synthetic_cold_temperate_benchmark
2023-11-13 19:00:00,5.430239,0.000000,synthetic_cold_temperate_benchmark
2023-11-13 20:00:00,4.673767,0.000000,synthetic_cold_temperate_benchmark
2023-11-13 21:00:00,3.890610,0.000000,synthetic_cold_temperate_benchmark
2023-11-13 22:00:00,3.134138,0.000000,synthetic_cold_temperate_benchmark
2023-11-13 23:00:00,2.455904,0.000000,synthetic_cold_temperate_benchmark
2023-11-14 00:00:00,1.731780,0.000000,synthetic_cold_temperate_benchmark
2023-11-14 01:00:00,1.340201,0.000000,synthetic_cold_temperate_benchmark
2023-11-14 02:00:00,1.137505,0.000000,synthetic_cold_temperate_benchmark
2023-11-14 03:00:00,1.137505,0.000000,synthetic_cold_temperate_benchmark
2023-11-14 04:00:00,1.340201,0.000000,synthetic_cold_temperate_benchmark
2023-11-14 05:00:00,1.731780,0.000000,synthetic_cold_temperate_benchmark
2023-11-14 06:00:00,2.285556,0.000000,synthetic_cold_temperate_benchmark
2023-11-14 07:00:00,2.963790,0.000000,synthetic_cold_temperate_benchmark
2023-11-14 08:00:00,3.720261,94.058494,synthetic_cold_temperate_benchmark
2023-11-14 09:00:00,4.503419,188.955639,synthetic_cold_temperate_benchmark
2023-11-14 10:00:00,5.259890,259.830956,synthetic_cold_temperate_benchmark
2023-11-14 11:00:00,5.938124,297.674104,synthetic_cold_temperate_benchmark
2023-11-14 12:00:00,6.491900,297.674104,synthetic_cold_temperate_benchmark
2023-11-14 13:00:00,6.883479,259.830956,synthetic_cold_temperate_benchmark
2023-11-14 14:00:00,7.086175,188.955639,synthetic_cold_temperate_benchmark
2023-11-14 15:00:00,7.086175,94.058494,synthetic_cold_temperate_benchmark
2023-11-14 16:00:00,6.883479,0.000000,synthetic_cold_temperate_benchmark
2023-11-14 17:00:00,6.491900,0.000000,synthetic_cold_temperate_benchmark
2023-11-14 18:00:00,5.938124,0.000000,synthetic_cold_temperate_benchmark
2023-11-14 19:00:00,5.259890,0.000000,synthetic_cold_temperate_benchmark
2023-11-14 20:00:00,4.503419,0.000000,synthetic_cold_temperate_benchmark
2023-11-14 21:00:00,3.720261,0.000000,synthetic_cold_temperate_benchmark
2023-11-14 22:00:00,2.963790,0.000000,synthetic_cold_temperate_benchmark
2023-11-14 23:00:00,2.285556,0.000000,synthetic_cold_temperate_benchmark
2023-11-15 00:00:00,1.562880,0.000000,synthetic_cold_temperate_benchmark
2023-11-15 01:00:00,1.171301,0.000000,synthetic_cold_temperate_benchmark
2023-11-15 02:00:00,0.968605,0.000000,synthetic_cold_temperate_benchmark
2023-11-15 03:00:00,0.968605,0.000000,synthetic_cold_temperate_benchmark
2023-11-15 04:00:00,1.171301,0.000000,synthetic_cold_temperate_benchmark
2023-11-15 05:00:00,1.562880,0.000000,synthetic_cold_temperate_benchmark
2023-11-15 06:00:00,2.116656,0.000000,synthetic_cold_temperate_benchmark
2023-11-15 07:00:00,2.794890,0.000000,synthetic_cold_temperate_benchmark
2023-11-15 08:00:00,3.551361,91.563467,synthetic_cold_temperate_benchmark
2023-11-15 09:00:00,4.334518,186.275028,synthetic_cold_temperate_benchmark
2023-11-15 10:00:00,5.090990,257.090292,synthetic_cold_temperate_benchmark
2023-11-15 11:00:00,5.769224,294.924719,synthetic_cold_temperate_benchmark
2023-11-15 12:00:00,6.323000,294.924719,synthetic_cold_temperate_benchmark
2023-11-15 13:00:00,6.714578,257.090292,synthetic_cold_temperate_benchmark
2023-11-15 14:00:00,6.917274,186.275028,synthetic_cold_temperate_benchmark
2023-11-15 15:00:00,6.917274,91.563467,synthetic_cold_temperate_benchmark
2023-11-15 16:00:00,6.714578,0.000000,synthetic_cold_temperate_benchmark
2023-11-15 17:00:00,6.323000,0.000000,synthetic_cold_temperate_benchmark
2023-11-15 18:00:00,5.769224,0.000000,synthetic_cold_temperate_benchmark
2023-11-15 19:00:00,5.090990,0.000000,synthetic_cold_temperate_benchmark
2023-11-15 20:00:00,4.334518,0.000000,synthetic_cold_temperate_benchmark
2023-11-15 21:00:00,3.551361,0.000000,synthetic_cold_temperate_benchmark
2023-11-15 22:00:00,2.794890,0.000000,synthetic_cold_temperate_benchmark
2023-11-15 23:00:00,2.116656,0.000000,synthetic_cold_temperate_benchmark
2023-11-16 00:00:00,1.395478,0.000000,synthetic_cold_temperate_benchmark
2023-11-16 01:00:00,1.003900,0.000000,synthetic_cold_temperate_benchmark
2023-11-16 02:00:00,0.801204,0.000000,synthetic_cold_temperate_benchmark
2023-11-16 03:00:00,0.801204,0.000000,synthetic_cold_temperate_benchmark
2023-11-16 04:00:00,1.003900,0.000000,synthetic_cold_temperate_benchmark
2023-11-16 05:00:00,1.395478,0.000000,synthetic_cold_temperate_benchmark
2023-11-16 06:00:00,1.949254,0.000000,synthetic_cold_temperate_benchmark
2023-11-16 07:00:00,2.627488,0.000000,synthetic_cold_temperate_benchmark
2023-11-16 08:00:00,3.383960,89.140642,synthetic_cold_temperate_benchmark
2023-11-16 09:00:00,4.167117,183.665001,synthetic_cold_temperate_benchmark
2023-11-16 10:00:00,4.923589,254.418011,synthetic_cold_temperate_benchmark
2023-11-16 11:00:00,5.601822,292.242271,synthetic_cold_temperate_benchmark
2023-11-16 12:00:00,6.155598,292.242271,synthetic_cold_temperate_benchmark
2023-11-16 13:00:00,6.547177,254.418011,synthetic_cold_temperate_benchmark
2023-11-16 14:00:00,6.749873,183.665001,synthetic_cold_temperate_benchmark
2023-11-16 15:00:00,6.749873,89.140642,synthetic_cold_temperate_benchmark
2023-11-16 16:00:00,6.547177,0.000000,synthetic_cold_temperate_benchmark
2023-11-16 17:00:00,6.155598,0.000000,synthetic_cold_temperate_benchmark
2023-11-16 18:00:00,5.601822,0.000000,synthetic_cold_temperate_benchmark
2023-11-16 19:00:00,4.923589,0.000000,synthetic_cold_temperate_benchmark
2023-11-16 20:00:00,4.167117,0.000000,synthetic_cold_temperate_benchmark
2023-11-16 21:00:00,3.383960,0.000000,synthetic_cold_temperate_benchmark
2023-11-16 22:00:00,2.627488,0.000000,synthetic_cold_temperate_benchmark
2023-11-16 23:00:00,1.949254,0.000000,synthetic_cold_temperate_benchmark
2023-11-17 00:00:00,1.229625,0.000000,synthetic_cold_temperate_benchmark
2023-11-17 01:00:00,0.838046,0.000000,synthetic_cold_temperate_benchmark
2023-11-17 02:00:00,0.635350,0.000000,synthetic_cold_temperate_benchmark
2023-11-17 03:00:00,0.635350,0.000000,synthetic_cold_temperate_benchmark
2023-11-17 04:00:00,0.838046,0.000000,synthetic_cold_temperate_benchmark
2023-11-17 05:00:00,1.229625,0.000000,synthetic_cold_temperate_benchmark
2023-11-17 06:00:00,1.783400,0.000000,synthetic_cold_temperate_benchmark
2023-11-17 07:00:00,2.461634,0.000000,synthetic_cold_temperate_benchmark
2023-11-17 08:00:00,3.218106,86.790113,synthetic_cold_temperate_benchmark
2023-11-17 09:00:00,4.001263,181.126047,synthetic_cold_temperate_benchmark
2023-11-17 10:00:00,4.757735,251.814815,synthetic_cold_temperate_benchmark
2023-11-17 11:00:00,5.435969,289.627546,synthetic_cold_temperate_benchmark
2023-11-17 12:00:00,5.989745,289.627546,synthetic_cold_temperate_benchmark
2023-11-17 13:00:00,6.381323,251.814815,synthetic_cold_temperate_benchmark
2023-11-17 14:00:00,6.584019,181.126047,synthetic_cold_temperate_benchmark
2023-11-17 15:00:00,6.584019,86.790113,synthetic_cold_temperate_benchmark
2023-11-17 16:00:00,6.381323,0.000000,synthetic_cold_temperate_benchmark
2023-11-17 17:00:00,5.989745,0.000000,synthetic_cold_temperate_benchmark
2023-11-17 18:00:00,5.435969,0.000000,synthetic_cold_temperate_benchmark
2023-11-17 19:00:00,4.757735,0.000000,synthetic_cold_temperate_benchmark
2023-11-17 20:00:00,4.001263,0.000000,synthetic_cold_temperate_benchmark
2023-11-17 21:00:00,3.218106,0.000000,synthetic_cold_temperate_benchmark
2023-11-17 22:00:00,2.461634,0.000000,synthetic_cold_temperate_benchmark
2023-11-17 23:00:00,1.783400,0.000000,synthetic_cold_temperate_benchmark
2023-11-18 00:00:00,1.065368,0.000000,synthetic_cold_temperate_benchmark
2023-11-18 01:00:00,0.673790,0.000000,synthetic_cold_temperate_benchmark
2023-11-18 02:00:00,0.471094,0.000000,synthetic_cold_temperate_benchmark
2023-11-18 03:00:00,0.471094,0.000000,synthetic_cold_temperate_benchmark
2023-11-18 04:00:00,0.673790,0.000000,synthetic_cold_temperate_benchmark
2023-11-18 05:00:00,1.065368,0.000000,synthetic_cold_temperate_benchmark
2023-11-18 06:00:00,1.619144,0.000000,synthetic_cold_temperate_benchmark
2023-11-18 07:00:00,2.297378,0.000000,synthetic_cold_temperate_benchmark
2023-11-18 08:00:00,3.053850,84.511932,synthetic_cold_temperate_benchmark
2023-11-18 09:00:00,3.837007,178.658625,synthetic_cold_temperate_benchmark
2023-11-18 10:00:00,4.593479,249.281378,synthetic_cold_temperate_benchmark
2023-11-18 11:00:00,5.271713,287.081309,synthetic_cold_temperate_benchmark
2023-11-18 12:00:00,5.825488,287.081309,synthetic_cold_temperate_benchmark
2023-11-18 13:00:00,6.217067,249.281378,synthetic_cold_temperate_benchmark
2023-11-18 14:00:00,6.419763,178.658625,synthetic_cold_temperate_benchmark
2023-11-18 15:00:00,6.419763,84.511932,synthetic_cold_temperate_benchmark
2023-11-18 16:00:00,6.217067,0.000000,synthetic_cold_temperate_benchmark
2023-11-18 17:00:00,5.825488,0.000000,synthetic_cold_temperate_benchmark
2023-11-18 18:00:00,5.271713,0.000000,synthetic_cold_temperate_benchmark
2023-11-18 19:00:00,4.593479,0.000000,synthetic_cold_temperate_benchmark
2023-11-18 20:00:00,3.837007,0.000000,synthetic_cold_temperate_benchmark
2023-11-18 21:00:00,3.053850,0.000000,synthetic_cold_temperate_benchmark
2023-11-18 22:00:00,2.297378,0.000000,synthetic_cold_temperate_benchmark
2023-11-18 23:00:00,1.619144,0.000000,synthetic_cold_temperate_benchmark
2023-11-19 00:00:00,0.902758,0.000000,synthetic_cold_temperate_benchmark
2023-11-19 01:00:00,0.511179,0.000000,synthetic_cold_temperate_benchmark
2023-11-19 02:00:00,0.308483,0.000000,synthetic_cold_temperate_benchmark
2023-11-19 03:00:00,0.308483,0.000000,synthetic_cold_temperate_benchmark
2023-11-19 04:00:00,0.511179,0.000000,synthetic_cold_temperate_benchmark
2023-11-19 05:00:00,0.902758,0.000000,synthetic_cold_temperate_benchmark
2023-11-19 06:00:00,1.456534,0.000000,synthetic_cold_temperate_benchmark
2023-11-19 07:00:00,2.134768,0.000000,synthetic_cold_temperate_benchmark
2023-11-19 08:00:00,2.891239,82.306109,synthetic_cold_temperate_benchmark
2023-11-19 09:00:00,3.674397,176.263163,synthetic_cold_temperate_benchmark
2023-11-19 10:00:00,4.430868,246.818352,synthetic_cold_temperate_benchmark
2023-11-19 11:00:00,5.109102,284.604303,synthetic_cold_temperate_benchmark
2023-11-19 12:00:00,5.662878,284.604303,synthetic_cold_temperate_benchmark
2023-11-19 13:00:00,6.054457,246.818352,synthetic_cold_temperate_benchmark
2023-11-19 14:00:00,6.257153,176.263163,synthetic_cold_temperate_benchmark
2023-11-19 15:00:00,6.257153,82.306109,synthetic_cold_temperate_benchmark
2023-11-19 16:00:00,6.054457,0.000000,synthetic_cold_temperate_benchmark
2023-11-19 17:00:00,5.662878,0.000000,synthetic_cold_temperate_benchmark
2023-11-19 18:00:00,5.109102,0.000000,synthetic_cold_temperate_benchmark
2023-11-19 19:00:00,4.430868,0.000000,synthetic_cold_temperate_benchmark
2023-11-19 20:00:00,3.674397,0.000000,synthetic_cold_temperate_benchmark
2023-11-19 21:00:00,2.891239,0.000000,synthetic_cold_temperate_benchmark
2023-11-19 22:00:00,2.134768,0.000000,synthetic_cold_temperate_benchmark
2023-11-19 23:00:00,1.456534,0.000000,synthetic_cold_temperate_benchmark
2023-11-20 00:00:00,0.741842,0.000000,synthetic_cold_temperate_benchmark
2023-11-20 01:00:00,0.350263,0.000000,synthetic_cold_temperate_benchmark
2023-11-20 02:00:00,0.147567,0.000000,synthetic_cold_temperate_benchmark
2023-11-20 03:00:00,0.147567,0.000000,synthetic_cold_temperate_benchmark
2023-11-20 04:00:00,0.350263,0.000000,synthetic_cold_temperate_benchmark
2023-11-20 05:00:00,0.741842,0.000000,synthetic_cold_temperate_benchmark
2023-11-20 06:00:00,1.295618,0.000000,synthetic_cold_temperate_benchmark
2023-11-20 07:00:00,1.973852,0.000000,synthetic_cold_temperate_benchmark
2023-11-20 08:00:00,2.730323,80.172622,synthetic_cold_temperate_benchmark
2023-11-20 09:00:00,3.513480,173.940057,synthetic_cold_temperate_benchmark
2023-11-20 10:00:00,4.269952,244.426364,synthetic_cold_temperate_benchmark
2023-11-20 11:00:00,4.948186,282.197253,synthetic_cold_temperate_benchmark
2023-11-20 12:00:00,5.501962,282.197253,synthetic_cold_temperate_benchmark
2023-11-20 13:00:00,5.893540,244.426364,synthetic_cold_temperate_benchmark
2023-11-20 14:00:00,6.096236,173.940057,synthetic_cold_temperate_benchmark
2023-11-20 15:00:00,6.096236,80.172622,synthetic_cold_temperate_benchmark
2023-11-20 16:00:00,5.893540,0.000000,synthetic_cold_temperate_benchmark
2023-11-20 17:00:00,5.501962,0.000000,synthetic_cold_temperate_benchmark
2023-11-20 18:00:00,4.948186,0.000000,synthetic_cold_temperate_benchmark
2023-11-20 19:00:00,4.269952,0.000000,synthetic_cold_temperate_benchmark
2023-11-20 20:00:00,3.513480,0.000000,synthetic_cold_temperate_benchmark
2023-11-20 21:00:00,2.730323,0.000000,synthetic_cold_temperate_benchmark
2023-11-20 22:00:00,1.973852,0.000000,synthetic_cold_temperate_benchmark
2023-11-20 23:00:00,1.295618,0.000000,synthetic_cold_temperate_benchmark
2023-11-21 00:00:00,0.582667,0.000000,synthetic_cold_temperate_benchmark
2023-11-21 01:00:00,0.191089,0.000000,synthetic_cold_temperate_benchmark
2023-11-21 02:00:00,-0.011607,0.000000,synthetic_cold_temperate_benchmark
2023-11-21 03:00:00,-0.011607,0.000000,synthetic_cold_temperate_benchmark
2023-11-21 04:00:00,0.191089,0.000000,synthetic_cold_temperate_benchmark
2023-11-21 05:00:00,0.582667,0.000000,synthetic_cold_temperate_benchmark
2023-11-21 06:00:00,1.136443,0.000000,synthetic_cold_temperate_benchmark
2023-11-21 07:00:00,1.814677,0.000000,synthetic_cold_temperate_benchmark
2023-11-21 08:00:00,2.571149,78.111407,synthetic_cold_temperate_benchmark
2023-11-21 09:00:00,3.354306,171.689675,synthetic_cold_temperate_benchmark
2023-11-21 10:00:00,4.110778,242.106015,synthetic_cold_temperate_benchmark
2023-11-21 11:00:00,4.789012,279.860859,synthetic_cold_temperate_benchmark
2023-11-21 12:00:00,5.342787,279.860859,synthetic_cold_temperate_benchmark
2023-11-21 13:00:00,5.734366,242.106015,synthetic_cold_temperate_benchmark
2023-11-21 14:00:00,5.937062,171.689675,synthetic_cold_temperate_benchmark
2023-11-21 15:00:00,5.937062,78.111407,synthetic_cold_temperate_benchmark
2023-11-21 16:00:00,5.734366,0.000000,synthetic_cold_temperate_benchmark
2023-11-21 17:00:00,5.342787,0.000000,synthetic_cold_temperate_benchmark
2023-11-21 18:00:00,4.789012,0.000000,synthetic_cold_temperate_benchmark
2023-11-21 19:00:00,4.110778,0.000000,synthetic_cold_temperate_benchmark
2023-11-21 20:00:00,3.354306,0.000000,synthetic_cold_temperate_benchmark
2023-11-21 21:00:00,2.571149,0.000000,synthetic_cold_temperate_benchmark
2023-11-21 22:00:00,1.814677,0.000000,synthetic_cold_temperate_benchmark
2023-11-21 23:00:00,1.136443,0.000000,synthetic_cold_temperate_benchmark
2023-11-22 00:00:00,0.425282,0.000000,synthetic_cold_temperate_benchmark
2023-11-22 01:00:00,0.033703,0.000000,synthetic_cold_temperate_benchmark
2023-11-22 02:00:00,-0.168993,0.000000,synthetic_cold_temperate_benchmark
2023-11-22 03:00:00,-0.168993,0.000000,synthetic_cold_temperate_benchmark
2023-11-22 04:00:00,0.033703,0.000000,synthetic_cold_temperate_benchmark
2023-11-22 05:00:00,0.425282,0.000000,synthetic_cold_temperate_benchmark
2023-11-22 06:00:00,0.979058,0.000000,synthetic_cold_temperate_benchmark
2023-11-22 07:00:00,1.657292,0.000000,synthetic_cold_temperate_benchmark
2023-11-22 08:00:00,2.413763,76.122372,synthetic_cold_temperate_benchmark
2023-11-22 09:00:00,3.196921,169.512355,synthetic_cold_temperate_benchmark
2023-11-22 10:00:00,3.953392,239.857886,synthetic_cold_temperate_benchmark
2023-11-22 11:00:00,4.631626,277.595802,synthetic_cold_temperate_benchmark
2023-11-22 12:00:00,5.185402,277.595802,synthetic_cold_temperate_benchmark
2023-11-22 13:00:00,5.576981,239.857886,synthetic_cold_temperate_benchmark
2023-11-22 14:00:00,5.779677,169.512355,synthetic_cold_temperate_benchmark
2023-11-22 15:00:00,5.779677,76.122372,synthetic_cold_temperate_benchmark
2023-11-22 16:00:00,5.576981,0.000000,synthetic_cold_temperate_benchmark
2023-11-22 17:00:00,5.185402,0.000000,synthetic_cold_temperate_benchmark
2023-11-22 18:00:00,4.631626,0.000000,synthetic_cold_temperate_benchmark
2023-11-22 19:00:00,3.953392,0.000000,synthetic_cold_temperate_benchmark
2023-11-22 20:00:00,3.196921,0.000000,synthetic_cold_temperate_benchmark
2023-11-22 21:00:00,2.413763,0.000000,synthetic_cold_temperate_benchmark
2023-11-22 22:00:00,1.657292,0.000000,synthetic_cold_temperate_benchmark
2023-11-22 23:00:00,0.979058,0.000000,synthetic_cold_temperate_benchmark
2023-11-23 00:00:00,0.269732,0.000000,synthetic_cold_temperate_benchmark
2023-11-23 01:00:00,-0.121846,0.000000,synthetic_cold_temperate_benchmark
2023-11-23 02:00:00,-0.324542,0.000000,synthetic_cold_temperate_benchmark
2023-11-23 03:00:00,-0.324542,0.000000,synthetic_cold_temperate_benchmark
2023-11-23 04:00:00,-0.121846,0.000000,synthetic_cold_temperate_benchmark
2023-11-23 05:00:00,0.269732,0.000000,synthetic_cold_temperate_benchmark
2023-11-23 06:00:00,0.823508,0.000000,synthetic_cold_temperate_benchmark
2023-11-23 07:00:00,1.501742,0.000000,synthetic_cold_temperate_benchmark
2023-11-23 08:00:00,2.258214,74.205388,synthetic_cold_temperate_benchmark
2023-11-23 09:00:00,3.041371,167.408407,synthetic_cold_temperate_benchmark
2023-11-23 10:00:00,3.797843,237.682529,synthetic_cold_temperate_benchmark
2023-11-23 11:00:00,4.476077,275.402743,synthetic_cold_temperate_benchmark
2023-11-23 12:00:00,5.029852,275.402743,synthetic_cold_temperate_benchmark
2023-11-23 13:00:00,5.421431,237.682529,synthetic_cold_temperate_benchmark
2023-11-23 14:00:00,5.624127,167.408407,synthetic_cold_temperate_benchmark
2023-11-23 15:00:00,5.624127,74.205388,synthetic_cold_temperate_benchmark
2023-11-23 16:00:00,5.421431,0.000000,synthetic_cold_temperate_benchmark
2023-11-23 17:00:00,5.029852,0.000000,synthetic_cold_temperate_benchmark
2023-11-23 18:00:00,4.476077,0.000000,synthetic_cold_temperate_benchmark
2023-11-23 19:00:00,3.797843,0.000000,synthetic_cold_temperate_benchmark
2023-11-23 20:00:00,3.041371,0.000000,synthetic_cold_temperate_benchmark
2023-11-23 21:00:00,2.258214,0.000000,synthetic_cold_temperate_benchmark
2023-11-23 22:00:00,1.501742,0.000000,synthetic_cold_temperate_benchmark
2023-11-23 23:00:00,0.823508,0.000000,synthetic_cold_temperate_benchmark
2023-11-24 00:00:00,0.116064,0.000000,synthetic_cold_temperate_benchmark
2023-11-24 01:00:00,-0.275514,0.000000,synthetic_cold_temperate_benchmark
2023-11-24 02:00:00,-0.478210,0.000000,synthetic_cold_temperate_benchmark
2023-11-24 03:00:00,-0.478210,0.000000,synthetic_cold_temperate_benchmark
2023-11-24 04:00:00,-0.275514,0.000000,synthetic_cold_temperate_benchmark
2023-11-24 05:00:00,0.116064,0.000000,synthetic_cold_temperate_benchmark
2023-11-24 06:00:00,0.669840,0.000000,synthetic_cold_temperate_benchmark
2023-11-24 07:00:00,1.348074,0.000000,synthetic_cold_temperate_benchmark
2023-11-24 08:00:00,2.104546,72.360301,synthetic_cold_temperate_benchmark
2023-11-24 09:00:00,2.887703,165.378115,synthetic_cold_temperate_benchmark
2023-11-24 10:00:00,3.644174,235.580477,synthetic_cold_temperate_benchmark
2023-11-24 11:00:00,4.322408,273.282318,synthetic_cold_temperate_benchmark
2023-11-24 12:00:00,4.876184,273.282318,synthetic_cold_temperate_benchmark
2023-11-24 13:00:00,5.267763,235.580477,synthetic_cold_temperate_benchmark
2023-11-24 14:00:00,5.470459,165.378115,synthetic_cold_temperate_benchmark
2023-11-24 15:00:00,5.470459,72.360301,synthetic_cold_temperate_benchmark
2023-11-24 16:00:00,5.267763,0.000000,synthetic_cold_temperate_benchmark
2023-11-24 17:00:00,4.876184,0.000000,synthetic_cold_temperate_benchmark
2023-11-24 18:00:00,4.322408,0.000000,synthetic_cold_temperate_benchmark
2023-11-24 19:00:00,3.644174,0.000000,synthetic_cold_temperate_benchmark
2023-11-24 20:00:00,2.887703,0.000000,synthetic_cold_temperate_benchmark
2023-11-24 21:00:00,2.104546,0.000000,synthetic_cold_temperate_benchmark
2023-11-24 22:00:00,1.348074,0.000000,synthetic_cold_temperate_benchmark
2023-11-24 23:00:00,0.669840,0.000000,synthetic_cold_temperate_benchmark
2023-11-25 00:00:00,-0.035677,0.000000,synthetic_cold_temperate_benchmark
2023-11-25 01:00:00,-0.427255,0.000000,synthetic_cold_temperate_benchmark
2023-11-25 02:00:00,-0.629951,0.000000,synthetic_cold_temperate_benchmark
2023-11-25 03:00:00,-0.629951,0.000000,synthetic_cold_temperate_benchmark
2023-11-25 04:00:00,-0.427255,0.000000,synthetic_cold_temperate_benchmark
2023-11-25 05:00:00,-0.035677,0.000000,synthetic_cold_temperate_benchmark
2023-11-25 06:00:00,0.518099,0.000000,synthetic_cold_temperate_benchmark
2023-11-25 07:00:00,1.196333,0.000000,synthetic_cold_temperate_benchmark
2023-11-25 08:00:00,1.952805,70.586928,synthetic_cold_temperate_benchmark
2023-11-25 09:00:00,2.735962,163.421736,synthetic_cold_temperate_benchmark
2023-11-25 10:00:00,3.492434,233.552236,synthetic_cold_temperate_benchmark
2023-11-25 11:00:00,4.170668,271.235144,synthetic_cold_temperate_benchmark
2023-11-25 12:00:00,4.724443,271.235144,synthetic_cold_temperate_benchmark
2023-11-25 13:00:00,5.116022,233.552236,synthetic_cold_temperate_benchmark
2023-11-25 14:00:00,5.318718,163.421736,synthetic_cold_temperate_benchmark
2023-11-25 15:00:00,5.318718,70.586928,synthetic_cold_temperate_benchmark
2023-11-25 16:00:00,5.116022,0.000000,synthetic_cold_temperate_benchmark
2023-11-25 17:00:00,4.724443,0.000000,synthetic_cold_temperate_benchmark
2023-11-25 18:00:00,4.170668,0.000000,synthetic_cold_temperate_benchmark
2023-11-25 19:00:00,3.492434,0.000000,synthetic_cold_temperate_benchmark
2023-11-25 20:00:00,2.735962,0.000000,synthetic_cold_temperate_benchmark
2023-11-25 21:00:00,1.952805,0.000000,synthetic_cold_temperate_benchmark
2023-11-25 22:00:00,1.196333,0.000000,synthetic_cold_temperate_benchmark
2023-11-25 23:00:00,0.518099,0.000000,synthetic_cold_temperate_benchmark
2023-11-26 00:00:00,-0.185445,0.000000,synthetic_cold_temperate_benchmark
2023-11-26 01:00:00,-0.577024,0.000000,synthetic_cold_temperate_benchmark
2023-11-26 02:00:00,-0.779720,0.000000,synthetic_cold_temperate_benchmark
2023-11-26 03:00:00,-0.779720,0.000000,synthetic_cold_temperate_benchmark
2023-11-26 04:00:00,-0.577024,0.000000,synthetic_cold_temperate_benchmark
2023-11-26 05:00:00,-0.185445,0.000000,synthetic_cold_temperate_benchmark
2023-11-26 06:00:00,0.368330,0.000000,synthetic_cold_temperate_benchmark
2023-11-26 07:00:00,1.046564,0.000000,synthetic_cold_temperate_benchmark
2023-11-26 08:00:00,1.803036,68.885061,synthetic_cold_temperate_benchmark
2023-11-26 09:00:00,2.586193,161.539503,synthetic_cold_temperate_benchmark
2023-11-26 10:00:00,3.342665,231.598291,synthetic_cold_temperate_benchmark
2023-11-26 11:00:00,4.020899,269.261814,synthetic_cold_temperate_benchmark
2023-11-26 12:00:00,4.574675,269.261814,synthetic_cold_temperate_benchmark
2023-11-26 13:00:00,4.966253,231.598291,synthetic_cold_temperate_benchmark
2023-11-26 14:00:00,5.168949,161.539503,synthetic_cold_temperate_benchmark
2023-11-26 15:00:00,5.168949,68.885061,synthetic_cold_temperate_benchmark
2023-11-26 16:00:00,4.966253,0.000000,synthetic_cold_temperate_benchmark
2023-11-26 17:00:00,4.574675,0.000000,synthetic_cold_temperate_benchmark
2023-11-26 18:00:00,4.020899,0.000000,synthetic_cold_temperate_benchmark
2023-11-26 19:00:00,3.342665,0.000000,synthetic_cold_temperate_benchmark
2023-11-26 20:00:00,2.586193,0.000000,synthetic_cold_temperate_benchmark
2023-11-26 21:00:00,1.803036,0.000000,synthetic_cold_temperate_benchmark
2023-11-26 22:00:00,1.046564,0.000000,synthetic_cold_temperate_benchmark
2023-11-26 23:00:00,0.368330,0.000000,synthetic_cold_temperate_benchmark
2023-11-27 00:00:00,-0.333198,0.000000,synthetic_cold_temperate_benchmark
2023-11-27 01:00:00,-0.724776,0.000000,synthetic_cold_temperate_benchmark
2023-11-27 02:00:00,-0.927472,0.000000,synthetic_cold_temperate_benchmark
2023-11-27 03:00:00,-0.927472,0.000000,synthetic_cold_temperate_benchmark
2023-11-27 04:00:00,-0.724776,0.000000,synthetic_cold_temperate_benchmark
2023-11-27 05:00:00,-0.333198,0.000000,synthetic_cold_temperate_benchmark
2023-11-27 06:00:00,0.220578,0.000000,synthetic_cold_temperate_benchmark
2023-11-27 07:00:00,0.898812,0.000000,synthetic_cold_temperate_benchmark
2023-11-27 08:00:00,1.655284,67.254472,synthetic_cold_temperate_benchmark
2023-11-27 09:00:00,2.438441,159.731626,synthetic_cold_temperate_benchmark
2023-11-27 10:00:00,3.194913,229.719103,synthetic_cold_temperate_benchmark
2023-11-27 11:00:00,3.873147,267.362902,synthetic_cold_temperate_benchmark
2023-11-27 12:00:00,4.426922,267.362902,synthetic_cold_temperate_benchmark
2023-11-27 13:00:00,4.818501,229.719103,synthetic_cold_temperate_benchmark
2023-11-27 14:00:00,5.021197,159.731626,synthetic_cold_temperate_benchmark
2023-11-27 15:00:00,5.021197,67.254472,synthetic_cold_temperate_benchmark
2023-11-27 16:00:00,4.818501,0.000000,synthetic_cold_temperate_benchmark
2023-11-27 17:00:00,4.426922,0.000000,synthetic_cold_temperate_benchmark
2023-11-27 18:00:00,3.873147,0.000000,synthetic_cold_temperate_benchmark
2023-11-27 19:00:00,3.194913,0.000000,synthetic_cold_temperate_benchmark
2023-11-27 20:00:00,2.438441,0.000000,synthetic_cold_temperate_benchmark
2023-11-27 21:00:00,1.655284,0.000000,synthetic_cold_temperate_benchmark
2023-11-27 22:00:00,0.898812,0.000000,synthetic_cold_temperate_benchmark
2023-11-27 23:00:00,0.220578,0.000000,synthetic_cold_temperate_benchmark
2023-11-28 00:00:00,-0.478889,0.000000,synthetic_cold_temperate_benchmark
2023-11-28 01:00:00,-0.870468,0.000000,synthetic_cold_temperate_benchmark
2023-11-28 02:00:00,-1.073164,0.000000,synthetic_cold_temperate_benchmark
2023-11-28 03:00:00,-1.073164,0.000000,synthetic_cold_temperate_benchmark
2023-11-28 04:00:00,-0.870468,0.000000,synthetic_cold_temperate_benchmark
2023-11-28 05:00:00,-0.478889,0.000000,synthetic_cold_temperate_benchmark
2023-11-28 06:00:00,0.074886,0.000000,synthetic_cold_temperate_benchmark
2023-11-28 07:00:00,0.753120,0.000000,synthetic_cold_temperate_benchmark
2023-11-28 08:00:00,1.509592,65.694911,synthetic_cold_temperate_benchmark
2023-11-28 09:00:00,2.292749,157.998290,synthetic_cold_temperate_benchmark
2023-11-28 10:00:00,3.049221,227.915111,synthetic_cold_temperate_benchmark
2023-11-28 11:00:00,3.727455,265.538957,synthetic_cold_temperate_benchmark
2023-11-28 12:00:00,4.281231,265.538957,synthetic_cold_temperate_benchmark
2023-11-28 13:00:00,4.672809,227.915111,synthetic_cold_temperate_benchmark
2023-11-28 14:00:00,4.875505,157.998290,synthetic_cold_temperate_benchmark
2023-11-28 15:00:00,4.875505,65.694911,synthetic_cold_temperate_benchmark
2023-11-28 16:00:00,4.672809,0.000000,synthetic_cold_temperate_benchmark
2023-11-28 17:00:00,4.281231,0.000000,synthetic_cold_temperate_benchmark
2023-11-28 18:00:00,3.727455,0.000000,synthetic_cold_temperate_benchmark
2023-11-28 19:00:00,3.049221,0.000000,synthetic_cold_temperate_benchmark
2023-11-28 20:00:00,2.292749,0.000000,synthetic_cold_temperate_benchmark
2023-11-28 21:00:00,1.509592,0.000000,synthetic_cold_temperate_benchmark
2023-11-28 22:00:00,0.753120,0.000000,synthetic_cold_temperate_benchmark
2023-11-28 23:00:00,0.074886,0.000000,synthetic_cold_temperate_benchmark
2023-11-29 00:00:00,-0.622477,0.000000,synthetic_cold_temperate_benchmark
2023-11-29 01:00:00,-1.014056,0.000000,synthetic_cold_temperate_benchmark
2023-11-29 02:00:00,-1.216752,0.000000,synthetic_cold_temperate_benchmark
2023-11-29 03:00:00,-1.216752,0.000000,synthetic_cold_temperate_benchmark
2023-11-29 04:00:00,-1.014056,0.000000,synthetic_cold_temperate_benchmark
2023-11-29 05:00:00,-0.622477,0.000000,synthetic_cold_temperate_benchmark
2023-11-29 06:00:00,-0.068702,0.000000,synthetic_cold_temperate_benchmark
2023-11-29 07:00:00,0.609532,0.000000,synthetic_cold_temperate_benchmark
2023-11-29 08:00:00,1.366004,64.206113,synthetic_cold_temperate_benchmark
2023-11-29 09:00:00,2.149161,156.339661,synthetic_cold_temperate_benchmark
2023-11-29 10:00:00,2.905633,226.186731,synthetic_cold_temperate_benchmark
2023-11-29 11:00:00,3.583867,263.790507,synthetic_cold_temperate_benchmark
2023-11-29 12:00:00,4.137643,263.790507,synthetic_cold_temperate_benchmark
2023-11-29 13:00:00,4.529221,226.186731,synthetic_cold_temperate_benchmark
2023-11-29 14:00:00,4.731917,156.339661,synthetic_cold_temperate_benchmark
2023-11-29 15:00:00,4.731917,64.206113,synthetic_cold_temperate_benchmark
2023-11-29 16:00:00,4.529221,0.000000,synthetic_cold_temperate_benchmark
2023-11-29 17:00:00,4.137643,0.000000,synthetic_cold_temperate_benchmark
2023-11-29 18:00:00,3.583867,0.000000,synthetic_cold_temperate_benchmark
2023-11-29 19:00:00,2.905633,0.000000,synthetic_cold_temperate_benchmark
2023-11-29 20:00:00,2.149161,0.000000,synthetic_cold_temperate_benchmark
2023-11-29 21:00:00,1.366004,0.000000,synthetic_cold_temperate_benchmark
2023-11-29 22:00:00,0.609532,0.000000,synthetic_cold_temperate_benchmark
2023-11-29 23:00:00,-0.068702,0.000000,synthetic_cold_temperate_benchmark
2023-11-30 00:00:00,-0.763920,0.000000,synthetic_cold_temperate_benchmark
2023-11-30 01:00:00,-1.155498,0.000000,synthetic_cold_temperate_benchmark
2023-11-30 02:00:00,-1.358194,0.000000,synthetic_cold_temperate_benchmark
2023-11-30 03:00:00,-1.358194,0.000000,synthetic_cold_temperate_benchmark
2023-11-30 04:00:00,-1.155498,0.000000,synthetic_cold_temperate_benchmark
2023-11-30 05:00:00,-0.763920,0.000000,synthetic_cold_temperate_benchmark
2023-11-30 06:00:00,-0.210144,0.000000,synthetic_cold_temperate_benchmark
2023-11-30 07:00:00,0.468090,0.000000,synthetic_cold_temperate_benchmark
2023-11-30 08:00:00,1.224562,62.787798,synthetic_cold_temperate_benchmark
2023-11-30 09:00:00,2.007719,154.755885,synthetic_cold_temperate_benchmark
2023-11-30 10:00:00,2.764191,224.534358,synthetic_cold_temperate_benchmark
2023-11-30 11:00:00,3.442425,262.118057,synthetic_cold_temperate_benchmark
2023-11-30 12:00:00,3.996200,262.118057,synthetic_cold_temperate_benchmark
2023-11-30 13:00:00,4.387779,224.534358,synthetic_cold_temperate_benchmark
2023-11-30 14:00:00,4.590475,154.755885,synthetic_cold_temperate_benchmark
2023-11-30 15:00:00,4.590475,62.787798,synthetic_cold_temperate_benchmark
2023-11-30 16:00:00,4.387779,0.000000,synthetic_cold_temperate_benchmark
2023-11-30 17:00:00,3.996200,0.000000,synthetic_cold_temperate_benchmark
2023-11-30 18:00:00,3.442425,0.000000,synthetic_cold_temperate_benchmark
2023-11-30 19:00:00,2.764191,0.000000,synthetic_cold_temperate_benchmark
2023-11-30 20:00:00,2.007719,0.000000,synthetic_cold_temperate_benchmark
2023-11-30 21:00:00,1.224562,0.000000,synthetic_cold_temperate_benchmark
2023-11-30 22:00:00,0.468090,0.000000,synthetic_cold_temperate_benchmark
2023-11-30 23:00:00,-0.210144,0.000000,synthetic_cold_temperate_benchmark
2023-12-01 00:00:00,-0.903174,0.000000,synthetic_cold_temperate_benchmark
2023-12-01 01:00:00,-1.294752,0.000000,synthetic_cold_temperate_benchmark
2023-12-01 02:00:00,-1.497448,0.000000,synthetic_cold_temperate_benchmark
2023-12-01 03:00:00,-1.497448,0.000000,synthetic_cold_temperate_benchmark
2023-12-01 04:00:00,-1.294752,0.000000,synthetic_cold_temperate_benchmark
2023-12-01 05:00:00,-0.903174,0.000000,synthetic_cold_temperate_benchmark
2023-12-01 06:00:00,-0.349398,0.000000,synthetic_cold_temperate_benchmark
2023-12-01 07:00:00,0.328836,0.000000,synthetic_cold_temperate_benchmark
2023-12-01 08:00:00,1.085308,61.439676,synthetic_cold_temperate_benchmark
2023-12-01 09:00:00,1.868465,153.247088,synthetic_cold_temperate_benchmark
2023-12-01 10:00:00,2.624937,222.958364,synthetic_cold_temperate_benchmark
2023-12-01 11:00:00,3.303171,260.522090,synthetic_cold_temperate_benchmark
2023-12-01 12:00:00,3.856946,260.522090,synthetic_cold_temperate_benchmark
2023-12-01 13:00:00,4.248525,222.958364,synthetic_cold_temperate_benchmark
2023-12-01 14:00:00,4.451221,153.247088,synthetic_cold_temperate_benchmark
2023-12-01 15:00:00,4.451221,61.439676,synthetic_cold_temperate_benchmark
2023-12-01 16:00:00,4.248525,0.000000,synthetic_cold_temperate_benchmark
2023-12-01 17:00:00,3.856946,0.000000,synthetic_cold_temperate_benchmark
2023-12-01 18:00:00,3.303171,0.000000,synthetic_cold_temperate_benchmark
2023-12-01 19:00:00,2.624937,0.000000,synthetic_cold_temperate_benchmark
2023-12-01 20:00:00,1.868465,0.000000,synthetic_cold_temperate_benchmark
2023-12-01 21:00:00,1.085308,0.000000,synthetic_cold_temperate_benchmark
2023-12-01 22:00:00,0.328836,0.000000,synthetic_cold_temperate_benchmark
2023-12-01 23:00:00,-0.349398,0.000000,synthetic_cold_temperate_benchmark
2023-12-02 00:00:00,-1.040199,0.000000,synthetic_cold_temperate_benchmark
2023-12-02 01:00:00,-1.431777,0.000000,synthetic_cold_temperate_benchmark
2023-12-02 02:00:00,-1.634473,0.000000,synthetic_cold_temperate_benchmark
2023-12-02 03:00:00,-1.634473,0.000000,synthetic_cold_temperate_benchmark
2023-12-02 04:00:00,-1.431777,0.000000,synthetic_cold_temperate_benchmark
2023-12-02 05:00:00,-1.040199,0.000000,synthetic_cold_temperate_benchmark
2023-12-02 06:00:00,-0.486423,0.000000,synthetic_cold_temperate_benchmark
2023-12-02 07:00:00,0.191811,0.000000,synthetic_cold_temperate_benchmark
2023-12-02 08:00:00,0.948283,60.161447,synthetic_cold_temperate_benchmark
2023-12-02 09:00:00,1.731440,151.813380,synthetic_cold_temperate_benchmark
2023-12-02 10:00:00,2.487912,221.459101,synthetic_cold_temperate_benchmark
2023-12-02 11:00:00,3.166146,259.003067,synthetic_cold_temperate_benchmark
2023-12-02 12:00:00,3.719922,259.003067,synthetic_cold_temperate_benchmark
2023-12-02 13:00:00,4.111500,221.459101,synthetic_cold_temperate_benchmark
2023-12-02 14:00:00,4.314196,151.813380,synthetic_cold_temperate_benchmark
2023-12-02 15:00:00,4.314196,60.161447,synthetic_cold_temperate_benchmark
2023-12-02 16:00:00,4.111500,0.000000,synthetic_cold_temperate_benchmark
2023-12-02 17:00:00,3.719922,0.000000,synthetic_cold_temperate_benchmark
2023-12-02 18:00:00,3.166146,0.000000,synthetic_cold_temperate_benchmark
2023-12-02 19:00:00,2.487912,0.000000,synthetic_cold_temperate_benchmark
2023-12-02 20:00:00,1.731440,0.000000,synthetic_cold_temperate_benchmark
2023-12-02 21:00:00,0.948283,0.000000,synthetic_cold_temperate_benchmark
2023-12-02 22:00:00,0.191811,0.000000,synthetic_cold_temperate_benchmark
2023-12-02 23:00:00,-0.486423,0.000000,synthetic_cold_temperate_benchmark
2023-12-03 00:00:00,-1.174953,0.000000,synthetic_cold_temperate_benchmark
2023-12-03 01:00:00,-1.566532,0.000000,synthetic_cold_temperate_benchmark
2023-12-03 02:00:00,-1.769228,0.000000,synthetic_cold_temperate_benchmark
2023-12-03 03:00:00,-1.769228,0.000000,synthetic_cold_temperate_benchmark
2023-12-03 04:00:00,-1.566532,0.000000,synthetic_cold_temperate_benchmark
2023-12-03 05:00:00,-1.174953,0.000000,synthetic_cold_temperate_benchmark
2023-12-03 06:00:00,-0.621178,0.000000,synthetic_cold_temperate_benchmark
2023-12-03 07:00:00,0.057056,0.000000,synthetic_cold_temperate_benchmark
2023-12-03 08:00:00,0.813528,58.952806,synthetic_cold_temperate_benchmark
2023-12-03 09:00:00,1.596685,150.454854,synthetic_cold_temperate_benchmark
2023-12-03 10:00:00,2.353157,220.036900,synthetic_cold_temperate_benchmark
2023-12-03 11:00:00,3.031391,257.561426,synthetic_cold_temperate_benchmark
2023-12-03 12:00:00,3.585167,257.561426,synthetic_cold_temperate_benchmark
2023-12-03 13:00:00,3.976745,220.036900,synthetic_cold_temperate_benchmark
2023-12-03 14:00:00,4.179441,150.454854,synthetic_cold_temperate_benchmark
2023-12-03 15:00:00,4.179441,58.952806,synthetic_cold_temperate_benchmark
2023-12-03 16:00:00,3.976745,0.000000,synthetic_cold_temperate_benchmark
2023-12-03 17:00:00,3.585167,0.000000,synthetic_cold_temperate_benchmark
2023-12-03 18:00:00,3.031391,0.000000,synthetic_cold_temperate_benchmark
2023-12-03 19:00:00,2.353157,0.000000,synthetic_cold_temperate_benchmark
2023-12-03 20:00:00,1.596685,0.000000,synthetic_cold_temperate_benchmark
2023-12-03 21:00:00,0.813528,0.000000,synthetic_cold_temperate_benchmark
2023-12-03 22:00:00,0.057056,0.000000,synthetic_cold_temperate_benchmark
2023-12-03 23:00:00,-0.621178,0.000000,synthetic_cold_temperate_benchmark
2023-12-04 00:00:00,-1.307399,0.000000,synthetic_cold_temperate_benchmark
2023-12-04 01:00:00,-1.698977,0.000000,synthetic_cold_temperate_benchmark
2023-12-04 02:00:00,-1.901673,0.000000,synthetic_cold_temperate_benchmark
2023-12-04 03:00:00,-1.901673,0.000000,synthetic_cold_temperate_benchmark
2023-12-04 04:00:00,-1.698977,0.000000,synthetic_cold_temperate_benchmark
2023-12-04 05:00:00,-1.307399,0.000000,synthetic_cold_temperate_benchmark
2023-12-04 06:00:00,-0.753623,0.000000,synthetic_cold_temperate_benchmark
2023-12-04 07:00:00,-0.075389,0.000000,synthetic_cold_temperate_benchmark
2023-12-04 08:00:00,0.681083,57.813443,synthetic_cold_temperate_benchmark
2023-12-04 09:00:00,1.464240,149.171589,synthetic_cold_temperate_benchmark
2023-12-04 10:00:00,2.220712,218.692071,synthetic_cold_temperate_benchmark
2023-12-04 11:00:00,2.898946,256.197582,synthetic_cold_temperate_benchmark
2023-12-04 12:00:00,3.452721,256.197582,synthetic_cold_temperate_benchmark
2023-12-04 13:00:00,3.844300,218.692071,synthetic_cold_temperate_benchmark
2023-12-04 14:00:00,4.046996,149.171589,synthetic_cold_temperate_benchmark
2023-12-04 15:00:00,4.046996,57.813443,synthetic_cold_temperate_benchmark
2023-12-04 16:00:00,3.844300,0.000000,synthetic_cold_temperate_benchmark
2023-12-04 17:00:00,3.452721,0.000000,synthetic_cold_temperate_benchmark
2023-12-04 18:00:00,2.898946,0.000000,synthetic_cold_temperate_benchmark
2023-12-04 19:00:00,2.220712,0.000000,synthetic_cold_temperate_benchmark
2023-12-04 20:00:00,1.464240,0.000000,synthetic_cold_temperate_benchmark
2023-12-04 21:00:00,0.681083,0.000000,synthetic_cold_temperate_benchmark
2023-12-04 22:00:00,-0.075389,0.000000,synthetic_cold_temperate_benchmark
2023-12-04 23:00:00,-0.753623,0.000000,synthetic_cold_temperate_benchmark
2023-12-05 00:00:00,-1.437495,0.000000,synthetic_cold_temperate_benchmark
2023-12-05 01:00:00,-1.829073,0.000000,synthetic_cold_temperate_benchmark
2023-12-05 02:00:00,-2.031769,0.000000,synthetic_cold_temperate_benchmark
2023-12-05 03:00:00,-2.031769,0.000000,synthetic_cold_temperate_benchmark
2023-12-05 04:00:00,-1.829073,0.000000,synthetic_cold_temperate_benchmark
2023-12-05 05:00:00,-1.437495,0.000000,synthetic_cold_temperate_benchmark
2023-12-05 06:00:00,-0.883719,0.000000,synthetic_cold_temperate_benchmark
2023-12-05 07:00:00,-0.205485,0.000000,synthetic_cold_temperate_benchmark
2023-12-05 08:00:00,0.550987,56.743051,synthetic_cold_temperate_benchmark
2023-12-05 09:00:00,1.334144,147.963650,synthetic_cold_temperate_benchmark
2023-12-05 10:00:00,2.090616,217.424904,synthetic_cold_temperate_benchmark
2023-12-05 11:00:00,2.768849,254.911927,synthetic_cold_temperate_benchmark
2023-12-05 12:00:00,3.322625,254.911927,synthetic_cold_temperate_benchmark
2023-12-05 13:00:00,3.714204,217.424904,synthetic_cold_temperate_benchmark
2023-12-05 14:00:00,3.916900,147.963650,synthetic_cold_temperate_benchmark
2023-12-05 15:00:00,3.916900,56.743051,synthetic_cold_temperate_benchmark
2023-12-05 16:00:00,3.714204,0.000000,synthetic_cold_temperate_benchmark
2023-12-05 17:00:00,3.322625,0.000000,synthetic_cold_temperate_benchmark
2023-12-05 18:00:00,2.768849,0.000000,synthetic_cold_temperate_benchmark
2023-12-05 19:00:00,2.090616,0.000000,synthetic_cold_temperate_benchmark
2023-12-05 20:00:00,1.334144,0.000000,synthetic_cold_temperate_benchmark
2023-12-05 21:00:00,0.550987,0.000000,synthetic_cold_temperate_benchmark
2023-12-05 22:00:00,-0.205485,0.000000,synthetic_cold_temperate_benchmark
2023-12-05 23:00:00,-0.883719,0.000000,synthetic_cold_temperate_benchmark
2023-12-06 00:00:00,-1.565203,0.000000,synthetic_cold_temperate_benchmark
2023-12-06 01:00:00,-1.956782,0.000000,synthetic_cold_temperate_benchmark
2023-12-06 02:00:00,-2.159478,0.000000,synthetic_cold_temperate_benchmark
2023-12-06 03:00:00,-2.159478,0.000000,synthetic_cold_temperate_benchmark
2023-12-06 04:00:00,-1.956782,0.000000,synthetic_cold_temperate_benchmark
2023-12-06 05:00:00,-1.565203,0.000000,synthetic_cold_temperate_benchmark
2023-12-06 06:00:00,-1.011428,0.000000,synthetic_cold_temperate_benchmark
2023-12-06 07:00:00,-0.333194,0.000000,synthetic_cold_temperate_benchmark
2023-12-06 08:00:00,0.423278,55.741322,synthetic_cold_temperate_benchmark
2023-12-06 09:00:00,1.206435,146.831092,synthetic_cold_temperate_benchmark
2023-12-06 10:00:00,1.962907,216.235670,synthetic_cold_temperate_benchmark
2023-12-06 11:00:00,2.641141,253.704832,synthetic_cold_temperate_benchmark
2023-12-06 12:00:00,3.194917,253.704832,synthetic_cold_temperate_benchmark
2023-12-06 13:00:00,3.586495,216.235670,synthetic_cold_temperate_benchmark
2023-12-06 14:00:00,3.789191,146.831092,synthetic_cold_temperate_benchmark
2023-12-06 15:00:00,3.789191,55.741322,synthetic_cold_temperate_benchmark
2023-12-06 16:00:00,3.586495,0.000000,synthetic_cold_temperate_benchmark
2023-12-06 17:00:00,3.194917,0.000000,synthetic_cold_temperate_benchmark
2023-12-06 18:00:00,2.641141,0.000000,synthetic_cold_temperate_benchmark
2023-12-06 19:00:00,1.962907,0.000000,synthetic_cold_temperate_benchmark
2023-12-06 20:00:00,1.206435,0.000000,synthetic_cold_temperate_benchmark
2023-12-06 21:00:00,0.423278,0.000000,synthetic_cold_temperate_benchmark
2023-12-06 22:00:00,-0.333194,0.000000,synthetic_cold_temperate_benchmark
2023-12-06 23:00:00,-1.011428,0.000000,synthetic_cold_temperate_benchmark
2023-12-07 00:00:00,-1.690486,0.000000,synthetic_cold_temperate_benchmark
2023-12-07 01:00:00,-2.082065,0.000000,synthetic_cold_temperate_benchmark
2023-12-07 02:00:00,-2.284761,0.000000,synthetic_cold_temperate_benchmark
2023-12-07 03:00:00,-2.284761,0.000000,synthetic_cold_temperate_benchmark
2023-12-07 04:00:00,-2.082065,0.000000,synthetic_cold_temperate_benchmark
2023-12-07 05:00:00,-1.690486,0.000000,synthetic_cold_temperate_benchmark
2023-12-07 06:00:00,-1.136711,0.000000,synthetic_cold_temperate_benchmark
2023-12-07 07:00:00,-0.458477,0.000000,synthetic_cold_temperate_benchmark
2023-12-07 08:00:00,0.297995,54.807955,synthetic_cold_temperate_benchmark
2023-12-07 09:00:00,1.081152,145.773956,synthetic_cold_temperate_benchmark
2023-12-07 10:00:00,1.837624,215.124620,synthetic_cold_temperate_benchmark
2023-12-07 11:00:00,2.515858,252.576642,synthetic_cold_temperate_benchmark
2023-12-07 12:00:00,3.069634,252.576642,synthetic_cold_temperate_benchmark
2023-12-07 13:00:00,3.461212,215.124620,synthetic_cold_temperate_benchmark
2023-12-07 14:00:00,3.663908,145.773956,synthetic_cold_temperate_benchmark
2023-12-07 15:00:00,3.663908,54.807955,synthetic_cold_temperate_benchmark
2023-12-07 16:00:00,3.461212,0.000000,synthetic_cold_temperate_benchmark
2023-12-07 17:00:00,3.069634,0.000000,synthetic_cold_temperate_benchmark
2023-12-07 18:00:00,2.515858,0.000000,synthetic_cold_temperate_benchmark
2023-12-07 19:00:00,1.837624,0.000000,synthetic_cold_temperate_benchmark
2023-12-07 20:00:00,1.081152,0.000000,synthetic_cold_temperate_benchmark
2023-12-07 21:00:00,0.297995,0.000000,synthetic_cold_temperate_benchmark
2023-12-07 22:00:00,-0.458477,0.000000,synthetic_cold_temperate_benchmark
2023-12-07 23:00:00,-1.136711,0.000000,synthetic_cold_temperate_benchmark
2023-12-08 00:00:00,-1.813307,0.000000,synthetic_cold_temperate_benchmark
2023-12-08 01:00:00,-2.204886,0.000000,synthetic_cold_temperate_benchmark
2023-12-08 02:00:00,-2.407582,0.000000,synthetic_cold_temperate_benchmark
2023-12-08 03:00:00,-2.407582,0.000000,synthetic_cold_temperate_benchmark
2023-12-08 04:00:00,-2.204886,0.000000,synthetic_cold_temperate_benchmark
2023-12-08 05:00:00,-1.813307,0.000000,synthetic_cold_temperate_benchmark
2023-12-08 06:00:00,-1.259531,0.000000,synthetic_cold_temperate_benchmark
2023-12-08 07:00:00,-0.581297,0.000000,synthetic_cold_temperate_benchmark
2023-12-08 08:00:00,0.175174,53.942655,synthetic_cold_temperate_benchmark
2023-12-08 09:00:00,0.958332,144.792277,synthetic_cold_temperate_benchmark
2023-12-08 10:00:00,1.714803,214.091987,synthetic_cold_temperate_benchmark
2023-12-08 11:00:00,2.393037,251.527681,synthetic_cold_temperate_benchmark
2023-12-08 12:00:00,2.946813,251.527681,synthetic_cold_temperate_benchmark
2023-12-08 13:00:00,3.338392,214.091987,synthetic_cold_temperate_benchmark
2023-12-08 14:00:00,3.541088,144.792277,synthetic_cold_temperate_benchmark
2023-12-08 15:00:00,3.541088,53.942655,synthetic_cold_temperate_benchmark
2023-12-08 16:00:00,3.338392,0.000000,synthetic_cold_temperate_benchmark
2023-12-08 17:00:00,2.946813,0.000000,synthetic_cold_temperate_benchmark
2023-12-08 18:00:00,2.393037,0.000000,synthetic_cold_temperate_benchmark
2023-12-08 19:00:00,1.714803,0.000000,synthetic_cold_temperate_benchmark
2023-12-08 20:00:00,0.958332,0.000000,synthetic_cold_temperate_benchmark
2023-12-08 21:00:00,0.175174,0.000000,synthetic_cold_temperate_benchmark
2023-12-08 22:00:00,-0.581297,0.000000,synthetic_cold_temperate_benchmark
2023-12-08 23:00:00,-1.259531,0.000000,synthetic_cold_temperate_benchmark
2023-12-09 00:00:00,-1.933629,0.000000,synthetic_cold_temperate_benchmark
2023-12-09 01:00:00,-2.325207,0.000000,synthetic_cold_temperate_benchmark
2023-12-09 02:00:00,-2.527903,0.000000,synthetic_cold_temperate_benchmark
2023-12-09 03:00:00,-2.527903,0.000000,synthetic_cold_temperate_benchmark
2023-12-09 04:00:00,-2.325207,0.000000,synthetic_cold_temperate_benchmark
2023-12-09 05:00:00,-1.933629,0.000000,synthetic_cold_temperate_benchmark
2023-12-09 06:00:00,-1.379853,0.000000,synthetic_cold_temperate_benchmark
2023-12-09 07:00:00,-0.701619,0.000000,synthetic_cold_temperate_benchmark
2023-12-09 08:00:00,0.054853,53.145138,synthetic_cold_temperate_benchmark
2023-12-09 09:00:00,0.838010,143.886080,synthetic_cold_temperate_benchmark
2023-12-09 10:00:00,1.594482,213.137985,synthetic_cold_temperate_benchmark
2023-12-09 11:00:00,2.272716,250.558251,synthetic_cold_temperate_benchmark
2023-12-09 12:00:00,2.826491,250.558251,synthetic_cold_temperate_benchmark
2023-12-09 13:00:00,3.218070,213.137985,synthetic_cold_temperate_benchmark
2023-12-09 14:00:00,3.420766,143.886080,synthetic_cold_temperate_benchmark
2023-12-09 15:00:00,3.420766,53.145138,synthetic_cold_temperate_benchmark
2023-12-09 16:00:00,3.218070,0.000000,synthetic_cold_temperate_benchmark
2023-12-09 17:00:00,2.826491,0.000000,synthetic_cold_temperate_benchmark
2023-12-09 18:00:00,2.272716,0.000000,synthetic_cold_temperate_benchmark
2023-12-09 19:00:00,1.594482,0.000000,synthetic_cold_temperate_benchmark
2023-12-09 20:00:00,0.838010,0.000000,synthetic_cold_temperate_benchmark
2023-12-09 21:00:00,0.054853,0.000000,synthetic_cold_temperate_benchmark
2023-12-09 22:00:00,-0.701619,0.000000,synthetic_cold_temperate_benchmark
2023-12-09 23:00:00,-1.379853,0.000000,synthetic_cold_temperate_benchmark
2023-12-10 00:00:00,-2.051416,0.000000,synthetic_cold_temperate_benchmark
2023-12-10 01:00:00,-2.442994,0.000000,synthetic_cold_temperate_benchmark
2023-12-10 02:00:00,-2.645690,0.000000,synthetic_cold_temperate_benchmark
2023-12-10 03:00:00,-2.645690,0.000000,synthetic_cold_temperate_benchmark
2023-12-10 04:00:00,-2.442994,0.000000,synthetic_cold_temperate_benchmark
2023-12-10 05:00:00,-2.051416,0.000000,synthetic_cold_temperate_benchmark
2023-12-10 06:00:00,-1.497640,0.000000,synthetic_cold_temperate_benchmark
2023-12-10 07:00:00,-0.819406,0.000000,synthetic_cold_temperate_benchmark
2023-12-10 08:00:00,-0.062934,52.415130,synthetic_cold_temperate_benchmark
2023-12-10 09:00:00,0.720223,143.055382,synthetic_cold_temperate_benchmark
2023-12-10 10:00:00,1.476695,212.262811,synthetic_cold_temperate_benchmark
2023-12-10 11:00:00,2.154929,249.668629,synthetic_cold_temperate_benchmark
2023-12-10 12:00:00,2.708704,249.668629,synthetic_cold_temperate_benchmark
2023-12-10 13:00:00,3.100283,212.262811,synthetic_cold_temperate_benchmark
2023-12-10 14:00:00,3.302979,143.055382,synthetic_cold_temperate_benchmark
2023-12-10 15:00:00,3.302979,52.415130,synthetic_cold_temperate_benchmark
2023-12-10 16:00:00,3.100283,0.000000,synthetic_cold_temperate_benchmark
2023-12-10 17:00:00,2.708704,0.000000,synthetic_cold_temperate_benchmark
2023-12-10 18:00:00,2.154929,0.000000,synthetic_cold_temperate_benchmark
2023-12-10 19:00:00,1.476695,0.000000,synthetic_cold_temperate_benchmark
2023-12-10 20:00:00,0.720223,0.000000,synthetic_cold_temperate_benchmark
2023-12-10 21:00:00,-0.062934,0.000000,synthetic_cold_temperate_benchmark
2023-12-10 22:00:00,-0.819406,0.000000,synthetic_cold_temperate_benchmark
2023-12-10 23:00:00,-1.497640,0.000000,synthetic_cold_temperate_benchmark
2023-12-11 00:00:00,-2.166633,0.000000,synthetic_cold_temperate_benchmark
2023-12-11 01:00:00,-2.558212,0.000000,synthetic_cold_temperate_benchmark
2023-12-11 02:00:00,-2.760908,0.000000,synthetic_cold_temperate_benchmark
2023-12-11 03:00:00,-2.760908,0.000000,synthetic_cold_temperate_benchmark
2023-12-11 04:00:00,-2.558212,0.000000,synthetic_cold_temperate_benchmark
2023-12-11 05:00:00,-2.166633,0.000000,synthetic_cold_temperate_benchmark
2023-12-11 06:00:00,-1.612857,0.000000,synthetic_cold_temperate_benchmark
2023-12-11 07:00:00,-0.934623,0.000000,synthetic_cold_temperate_benchmark
2023-12-11 08:00:00,-0.178152,51.752375,synthetic_cold_temperate_benchmark
2023-12-11 09:00:00,0.605005,142.300197,synthetic_cold_temperate_benchmark
2023-12-11 10:00:00,1.361477,211.466641,synthetic_cold_temperate_benchmark
2023-12-11 11:00:00,2.039711,248.859071,synthetic_cold_temperate_benchmark
2023-12-11 12:00:00,2.593487,248.859071,synthetic_cold_temperate_benchmark
2023-12-11 13:00:00,2.985065,211.466641,synthetic_cold_temperate_benchmark
2023-12-11 14:00:00,3.187761,142.300197,synthetic_cold_temperate_benchmark
2023-12-11 15:00:00,3.187761,51.752375,synthetic_cold_temperate_benchmark
2023-12-11 16:00:00,2.985065,0.000000,synthetic_cold_temperate_benchmark
2023-12-11 17:00:00,2.593487,0.000000,synthetic_cold_temperate_benchmark
2023-12-11 18:00:00,2.039711,0.000000,synthetic_cold_temperate_benchmark
2023-12-11 19:00:00,1.361477,0.000000,synthetic_cold_temperate_benchmark
2023-12-11 20:00:00,0.605005,0.000000,synthetic_cold_temperate_benchmark
2023-12-11 21:00:00,-0.178152,0.000000,synthetic_cold_temperate_benchmark
2023-12-11 22:00:00,-0.934623,0.000000,synthetic_cold_temperate_benchmark
2023-12-11 23:00:00,-1.612857,0.000000,synthetic_cold_temperate_benchmark
2023-12-12 00:00:00,-2.279247,0.000000,synthetic_cold_temperate_benchmark
2023-12-12 01:00:00,-2.670826,0.000000,synthetic_cold_temperate_benchmark
2023-12-12 02:00:00,-2.873522,0.000000,synthetic_cold_temperate_benchmark
2023-12-12 03:00:00,-2.873522,0.000000,synthetic_cold_temperate_benchmark
2023-12-12 04:00:00,-2.670826,0.000000,synthetic_cold_temperate_benchmark
2023-12-12 05:00:00,-2.279247,0.000000,synthetic_cold_temperate_benchmark
2023-12-12 06:00:00,-1.725471,0.000000,synthetic_cold_temperate_benchmark
2023-12-12 07:00:00,-1.047237,0.000000,synthetic_cold_temperate_benchmark
2023-12-12 08:00:00,-0.290766,51.156629,synthetic_cold_temperate_benchmark
2023-12-12 09:00:00,0.492392,141.620533,synthetic_cold_temperate_benchmark
2023-12-12 10:00:00,1.248863,210.749637,synthetic_cold_temperate_benchmark
2023-12-12 11:00:00,1.927097,248.129807,synthetic_cold_temperate_benchmark
2023-12-12 12:00:00,2.480873,248.129807,synthetic_cold_temperate_benchmark
2023-12-12 13:00:00,2.872452,210.749637,synthetic_cold_temperate_benchmark
2023-12-12 14:00:00,3.075148,141.620533,synthetic_cold_temperate_benchmark
2023-12-12 15:00:00,3.075148,51.156629,synthetic_cold_temperate_benchmark
2023-12-12 16:00:00,2.872452,0.000000,synthetic_cold_temperate_benchmark
2023-12-12 17:00:00,2.480873,0.000000,synthetic_cold_temperate_benchmark
2023-12-12 18:00:00,1.927097,0.000000,synthetic_cold_temperate_benchmark
2023-12-12 19:00:00,1.248863,0.000000,synthetic_cold_temperate_benchmark
2023-12-12 20:00:00,0.492392,0.000000,synthetic_cold_temperate_benchmark
2023-12-12 21:00:00,-0.290766,0.000000,synthetic_cold_temperate_benchmark
2023-12-12 22:00:00,-1.047237,0.000000,synthetic_cold_temperate_benchmark
2023-12-12 23:00:00,-1.725471,0.000000,synthetic_cold_temperate_benchmark
2023-12-13 00:00:00,-2.389224,0.000000,synthetic_cold_temperate_benchmark
2023-12-13 01:00:00,-2.780802,0.000000,synthetic_cold_temperate_benchmark
2023-12-13 02:00:00,-2.983498,0.000000,synthetic_cold_temperate_benchmark
2023-12-13 03:00:00,-2.983498,0.000000,synthetic_cold_temperate_benchmark
2023-12-13 04:00:00,-2.780802,0.000000,synthetic_cold_temperate_benchmark
2023-12-13 05:00:00,-2.389224,0.000000,synthetic_cold_temperate_benchmark
2023-12-13 06:00:00,-1.835448,0.000000,synthetic_cold_temperate_benchmark
2023-12-13 07:00:00,-1.157214,0.000000,synthetic_cold_temperate_benchmark
2023-12-13 08:00:00,-0.400742,50.627669,synthetic_cold_temperate_benchmark
2023-12-13 09:00:00,0.382415,141.016392,synthetic_cold_temperate_benchmark
2023-12-13 10:00:00,1.138887,210.111944,synthetic_cold_temperate_benchmark
2023-12-13 11:00:00,1.817121,247.481047,synthetic_cold_temperate_benchmark
2023-12-13 12:00:00,2.370896,247.481047,synthetic_cold_temperate_benchmark
2023-12-13 13:00:00,2.762475,210.111944,synthetic_cold_temperate_benchmark
2023-12-13 14:00:00,2.965171,141.016392,synthetic_cold_temperate_benchmark
2023-12-13 15:00:00,2.965171,50.627669,synthetic_cold_temperate_benchmark
2023-12-13 16:00:00,2.762475,0.000000,synthetic_cold_temperate_benchmark
2023-12-13 17:00:00,2.370896,0.000000,synthetic_cold_temperate_benchmark
2023-12-13 18:00:00,1.817121,0.000000,synthetic_cold_temperate_benchmark
2023-12-13 19:00:00,1.138887,0.000000,synthetic_cold_temperate_benchmark
2023-12-13 20:00:00,0.382415,0.000000,synthetic_cold_temperate_benchmark
2023-12-13 21:00:00,-0.400742,0.000000,synthetic_cold_temperate_benchmark
2023-12-13 22:00:00,-1.157214,0.000000,synthetic_cold_temperate_benchmark
2023-12-13 23:00:00,-1.835448,0.000000,synthetic_cold_temperate_benchmark
2023-12-14 00:00:00,-2.496531,0.000000,synthetic_cold_temperate_benchmark
2023-12-14 01:00:00,-2.888110,0.000000,synthetic_cold_temperate_benchmark
2023-12-14 02:00:00,-3.090806,0.000000,synthetic_cold_temperate_benchmark
2023-12-14 03:00:00,-3.090806,0.000000,synthetic_cold_temperate_benchmark
2023-12-14 04:00:00,-2.888110,0.000000,synthetic_cold_temperate_benchmark
2023-12-14 05:00:00,-2.496531,0.000000,synthetic_cold_temperate_benchmark
2023-12-14 06:00:00,-1.942755,0.000000,synthetic_cold_temperate_benchmark
2023-12-14 07:00:00,-1.264521,0.000000,synthetic_cold_temperate_benchmark
2023-12-14 08:00:00,-0.508050,50.165293,synthetic_cold_temperate_benchmark
2023-12-14 09:00:00,0.275108,140.487776,synthetic_cold_temperate_benchmark
2023-12-14 10:00:00,1.031579,209.553687,synthetic_cold_temperate_benchmark
2023-12-14 11:00:00,1.709813,246.912976,synthetic_cold_temperate_benchmark
2023-12-14 12:00:00,2.263589,246.912976,synthetic_cold_temperate_benchmark
2023-12-14 13:00:00,2.655168,209.553687,synthetic_cold_temperate_benchmark
2023-12-14 14:00:00,2.857864,140.487776,synthetic_cold_temperate_benchmark
2023-12-14 15:00:00,2.857864,50.165293,synthetic_cold_temperate_benchmark
2023-12-14 16:00:00,2.655168,0.000000,synthetic_cold_temperate_benchmark
2023-12-14 17:00:00,2.263589,0.000000,synthetic_cold_temperate_benchmark
2023-12-14 18:00:00,1.709813,0.000000,synthetic_cold_temperate_benchmark
2023-12-14 19:00:00,1.031579,0.000000,synthetic_cold_temperate_benchmark
2023-12-14 20:00:00,0.275108,0.000000,synthetic_cold_temperate_benchmark
2023-12-14 21:00:00,-0.508050,0.000000,synthetic_cold_temperate_benchmark
2023-12-14 22:00:00,-1.264521,0.000000,synthetic_cold_temperate_benchmark
2023-12-14 23:00:00,-1.942755,0.000000,synthetic_cold_temperate_benchmark
2023-12-15 00:00:00,-2.601137,0.000000,synthetic_cold_temperate_benchmark
2023-12-15 01:00:00,-2.992715,0.000000,synthetic_cold_temperate_benchmark
2023-12-15 02:00:00,-3.195411,0.000000,synthetic_cold_temperate_benchmark
2023-12-15 03:00:00,-3.195411,0.000000,synthetic_cold_temperate_benchmark
2023-12-15 04:00:00,-2.992715,0.000000,synthetic_cold_temperate_benchmark
2023-12-15 05:00:00,-2.601137,0.000000,synthetic_cold_temperate_benchmark
2023-12-15 06:00:00,-2.047361,0.000000,synthetic_cold_temperate_benchmark
2023-12-15 07:00:00,-1.369127,0.000000,synthetic_cold_temperate_benchmark
2023-12-15 08:00:00,-0.612655,49.769319,synthetic_cold_temperate_benchmark
2023-12-15 09:00:00,0.170502,140.034684,synthetic_cold_temperate_benchmark
2023-12-15 10:00:00,0.926974,209.074978,synthetic_cold_temperate_benchmark
2023-12-15 11:00:00,1.605208,246.425756,synthetic_cold_temperate_benchmark
2023-12-15 12:00:00,2.158983,246.425756,synthetic_cold_temperate_benchmark
2023-12-15 13:00:00,2.550562,209.074978,synthetic_cold_temperate_benchmark
2023-12-15 14:00:00,2.753258,140.034684,synthetic_cold_temperate_benchmark
2023-12-15 15:00:00,2.753258,49.769319,synthetic_cold_temperate_benchmark
2023-12-15 16:00:00,2.550562,0.000000,synthetic_cold_temperate_benchmark
2023-12-15 17:00:00,2.158983,0.000000,synthetic_cold_temperate_benchmark
2023-12-15 18:00:00,1.605208,0.000000,synthetic_cold_temperate_benchmark
2023-12-15 19:00:00,0.926974,0.000000,synthetic_cold_temperate_benchmark
2023-12-15 20:00:00,0.170502,0.000000,synthetic_cold_temperate_benchmark
2023-12-15 21:00:00,-0.612655,0.000000,synthetic_cold_temperate_benchmark
2023-12-15 22:00:00,-1.369127,0.000000,synthetic_cold_temperate_benchmark
2023-12-15 23:00:00,-2.047361,0.000000,synthetic_cold_temperate_benchmark
2023-12-16 00:00:00,-2.703010,0.000000,synthetic_cold_temperate_benchmark
2023-12-16 01:00:00,-3.094589,0.000000,synthetic_cold_temperate_benchmark
2023-12-16 02:00:00,-3.297285,0.000000,synthetic_cold_temperate_benchmark
2023-12-16 03:00:00,-3.297285,0.000000,synthetic_cold_temperate_benchmark
2023-12-16 04:00:00,-3.094589,0.000000,synthetic_cold_temperate_benchmark
2023-12-16 05:00:00,-2.703010,0.000000,synthetic_cold_temperate_benchmark
2023-12-16 06:00:00,-2.149234,0.000000,synthetic_cold_temperate_benchmark
2023-12-16 07:00:00,-1.471000,0.000000,synthetic_cold_temperate_benchmark
2023-12-16 08:00:00,-0.714529,49.439588,synthetic_cold_temperate_benchmark
2023-12-16 09:00:00,0.068628,139.657115,synthetic_cold_temperate_benchmark
2023-12-16 10:00:00,0.825100,208.675911,synthetic_cold_temperate_benchmark
2023-12-16 11:00:00,1.503334,246.019527,synthetic_cold_temperate_benchmark
2023-12-16 12:00:00,2.057110,246.019527,synthetic_cold_temperate_benchmark
2023-12-16 13:00:00,2.448688,208.675911,synthetic_cold_temperate_benchmark
2023-12-16 14:00:00,2.651384,139.657115,synthetic_cold_temperate_benchmark
2023-12-16 15:00:00,2.651384,49.439588,synthetic_cold_temperate_benchmark
2023-12-16 16:00:00,2.448688,0.000000,synthetic_cold_temperate_benchmark
2023-12-16 17:00:00,2.057110,0.000000,synthetic_cold_temperate_benchmark
2023-12-16 18:00:00,1.503334,0.000000,synthetic_cold_temperate_benchmark
2023-12-16 19:00:00,0.825100,0.000000,synthetic_cold_temperate_benchmark
2023-12-16 20:00:00,0.068628,0.000000,synthetic_cold_temperate_benchmark
2023-12-16 21:00:00,-0.714529,0.000000,synthetic_cold_temperate_benchmark
2023-12-16 22:00:00,-1.471000,0.000000,synthetic_cold_temperate_benchmark
2023-12-16 23:00:00,-2.149234,0.000000,synthetic_cold_temperate_benchmark
2023-12-17 00:00:00,-2.802121,0.000000,synthetic_cold_temperate_benchmark
2023-12-17 01:00:00,-3.193700,0.000000,synthetic_cold_temperate_benchmark
2023-12-17 02:00:00,-3.396396,0.000000,synthetic_cold_temperate_benchmark
2023-12-17 03:00:00,-3.396396,0.000000,synthetic_cold_temperate_benchmark
2023-12-17 04:00:00,-3.193700,0.000000,synthetic_cold_temperate_benchmark
2023-12-17 05:00:00,-2.802121,0.000000,synthetic_cold_temperate_benchmark
2023-12-17 06:00:00,-2.248345,0.000000,synthetic_cold_temperate_benchmark
2023-12-17 07:00:00,-1.570111,0.000000,synthetic_cold_temperate_benchmark
2023-12-17 08:00:00,-0.813640,49.175967,synthetic_cold_temperate_benchmark
2023-12-17 09:00:00,-0.030482,139.355064,synthetic_cold_temperate_benchmark
2023-12-17 10:00:00,0.725989,208.356564,synthetic_cold_temperate_benchmark
2023-12-17 11:00:00,1.404223,245.694404,synthetic_cold_temperate_benchmark
2023-12-17 12:00:00,1.957999,245.694404,synthetic_cold_temperate_benchmark
2023-12-17 13:00:00,2.349578,208.356564,synthetic_cold_temperate_benchmark
2023-12-17 14:00:00,2.552274,139.355064,synthetic_cold_temperate_benchmark
2023-12-17 15:00:00,2.552274,49.175967,synthetic_cold_temperate_benchmark
2023-12-17 16:00:00,2.349578,0.000000,synthetic_cold_temperate_benchmark
2023-12-17 17:00:00,1.957999,0.000000,synthetic_cold_temperate_benchmark
2023-12-17 18:00:00,1.404223,0.000000,synthetic_cold_temperate_benchmark
2023-12-17 19:00:00,0.725989,0.000000,synthetic_cold_temperate_benchmark
2023-12-17 20:00:00,-0.030482,0.000000,synthetic_cold_temperate_benchmark
2023-12-17 21:00:00,-0.813640,0.000000,synthetic_cold_temperate_benchmark
2023-12-17 22:00:00,-1.570111,0.000000,synthetic_cold_temperate_benchmark
2023-12-17 23:00:00,-2.248345,0.000000,synthetic_cold_temperate_benchmark
2023-12-18 00:00:00,-2.898440,0.000000,synthetic_cold_temperate_benchmark
2023-12-18 01:00:00,-3.290018,0.000000,synthetic_cold_temperate_benchmark
2023-12-18 02:00:00,-3.492714,0.000000,synthetic_cold_temperate_benchmark
2023-12-18 03:00:00,-3.492714,0.000000,synthetic_cold_temperate_benchmark
2023-12-18 04:00:00,-3.290018,0.000000,synthetic_cold_temperate_benchmark
2023-12-18 05:00:00,-2.898440,0.000000,synthetic_cold_temperate_benchmark
2023-12-18 06:00:00,-2.344664,0.000000,synthetic_cold_temperate_benchmark
2023-12-18 07:00:00,-1.666430,0.000000,synthetic_cold_temperate_benchmark
2023-12-18 08:00:00,-0.909958,48.978347,synthetic_cold_temperate_benchmark
2023-12-18 09:00:00,-0.126801,139.128529,synthetic_cold_temperate_benchmark
2023-12-18 10:00:00,0.629670,208.116999,synthetic_cold_temperate_benchmark
2023-12-18 11:00:00,1.307904,245.450481,synthetic_cold_temperate_benchmark
2023-12-18 12:00:00,1.861680,245.450481,synthetic_cold_temperate_benchmark
2023-12-18 13:00:00,2.253259,208.116999,synthetic_cold_temperate_benchmark
2023-12-18 14:00:00,2.455955,139.128529,synthetic_cold_temperate_benchmark
2023-12-18 15:00:00,2.455955,48.978347,synthetic_cold_temperate_benchmark
2023-12-18 16:00:00,2.253259,0.000000,synthetic_cold_temperate_benchmark
2023-12-18 17:00:00,1.861680,0.000000,synthetic_cold_temperate_benchmark
2023-12-18 18:00:00,1.307904,0.000000,synthetic_cold_temperate_benchmark
2023-12-18 19:00:00,0.629670,0.000000,synthetic_cold_temperate_benchmark
2023-12-18 20:00:00,-0.126801,0.000000,synthetic_cold_temperate_benchmark
2023-12-18 21:00:00,-0.909958,0.000000,synthetic_cold_temperate_benchmark
2023-12-18 22:00:00,-1.666430,0.000000,synthetic_cold_temperate_benchmark
2023-12-18 23:00:00,-2.344664,0.000000,synthetic_cold_temperate_benchmark
2023-12-19 00:00:00,-2.991938,0.000000,synthetic_cold_temperate_benchmark
2023-12-19 01:00:00,-3.383517,0.000000,synthetic_cold_temperate_benchmark
2023-12-19 02:00:00,-3.586213,0.000000,synthetic_cold_temperate_benchmark
2023-12-19 03:00:00,-3.586213,0.000000,synthetic_cold_temperate_benchmark
2023-12-19 04:00:00,-3.383517,0.000000,synthetic_cold_temperate_benchmark
2023-12-19 05:00:00,-2.991938,0.000000,synthetic_cold_temperate_benchmark
2023-12-19 06:00:00,-2.438162,0.000000,synthetic_cold_temperate_benchmark
2023-12-19 07:00:00,-1.759928,0.000000,synthetic_cold_temperate_benchmark
2023-12-19 08:00:00,-1.003457,48.846646,synthetic_cold_temperate_benchmark
2023-12-19 09:00:00,-0.220300,138.977507,synthetic_cold_temperate_benchmark
2023-12-19 10:00:00,0.536172,207.957263,synthetic_cold_temperate_benchmark
2023-12-19 11:00:00,1.214406,245.287827,synthetic_cold_temperate_benchmark
2023-12-19 12:00:00,1.768182,245.287827,synthetic_cold_temperate_benchmark
2023-12-19 13:00:00,2.159760,207.957263,synthetic_cold_temperate_benchmark
2023-12-19 14:00:00,2.362456,138.977507,synthetic_cold_temperate_benchmark
2023-12-19 15:00:00,2.362456,48.846646,synthetic_cold_temperate_benchmark
2023-12-19 16:00:00,2.159760,0.000000,synthetic_cold_temperate_benchmark
2023-12-19 17:00:00,1.768182,0.000000,synthetic_cold_temperate_benchmark
2023-12-19 18:00:00,1.214406,0.000000,synthetic_cold_temperate_benchmark
2023-12-19 19:00:00,0.536172,0.000000,synthetic_cold_temperate_benchmark
2023-12-19 20:00:00,-0.220300,0.000000,synthetic_cold_temperate_benchmark
2023-12-19 21:00:00,-1.003457,0.000000,synthetic_cold_temperate_benchmark
2023-12-19 22:00:00,-1.759928,0.000000,synthetic_cold_temperate_benchmark
2023-12-19 23:00:00,-2.438162,0.000000,synthetic_cold_temperate_benchmark
2023-12-20 00:00:00,-3.082588,0.000000,synthetic_cold_temperate_benchmark
2023-12-20 01:00:00,-3.474167,0.000000,synthetic_cold_temperate_benchmark
2023-12-20 02:00:00,-3.676863,0.000000,synthetic_cold_temperate_benchmark
2023-12-20 03:00:00,-3.676863,0.000000,synthetic_cold_temperate_benchmark
2023-12-20 04:00:00,-3.474167,0.000000,synthetic_cold_temperate_benchmark
2023-12-20 05:00:00,-3.082588,0.000000,synthetic_cold_temperate_benchmark
2023-12-20 06:00:00,-2.528813,0.000000,synthetic_cold_temperate_benchmark
2023-12-20 07:00:00,-1.850579,0.000000,synthetic_cold_temperate_benchmark
2023-12-20 08:00:00,-1.094107,48.780809,synthetic_cold_temperate_benchmark
2023-12-20 09:00:00,-0.310950,138.901997,synthetic_cold_temperate_benchmark
2023-12-20 10:00:00,0.445522,207.877388,synthetic_cold_temperate_benchmark
2023-12-20 11:00:00,1.123756,245.206488,synthetic_cold_temperate_benchmark
2023-12-20 12:00:00,1.677532,245.206488,synthetic_cold_temperate_benchmark
2023-12-20 13:00:00,2.069110,207.877388,synthetic_cold_temperate_benchmark
2023-12-20 14:00:00,2.271806,138.901997,synthetic_cold_temperate_benchmark
2023-12-20 15:00:00,2.271806,48.780809,synthetic_cold_temperate_benchmark
2023-12-20 16:00:00,2.069110,0.000000,synthetic_cold_temperate_benchmark
2023-12-20 17:00:00,1.677532,0.000000,synthetic_cold_temperate_benchmark
2023-12-20 18:00:00,1.123756,0.000000,synthetic_cold_temperate_benchmark
2023-12-20 19:00:00,0.445522,0.000000,synthetic_cold_temperate_benchmark
2023-12-20 20:00:00,-0.310950,0.000000,synthetic_cold_temperate_benchmark
2023-12-20 21:00:00,-1.094107,0.000000,synthetic_cold_temperate_benchmark
2023-12-20 22:00:00,-1.850579,0.000000,synthetic_cold_temperate_benchmark
2023-12-20 23:00:00,-2.528813,0.000000,synthetic_cold_temperate_benchmark
2023-12-21 00:00:00,-3.170363,0.000000,synthetic_cold_temperate_benchmark
2023-12-21 01:00:00,-3.561942,0.000000,synthetic_cold_temperate_benchmark
2023-12-21 02:00:00,-3.764638,0.000000,synthetic_cold_temperate_benchmark
2023-12-21 03:00:00,-3.764638,0.000000,synthetic_cold_temperate_benchmark
2023-12-21 04:00:00,-3.561942,0.000000,synthetic_cold_temperate_benchmark
2023-12-21 05:00:00,-3.170363,0.000000,synthetic_cold_temperate_benchmark
2023-12-21 06:00:00,-2.616588,0.000000,synthetic_cold_temperate_benchmark
2023-12-21 07:00:00,-1.938354,0.000000,synthetic_cold_temperate_benchmark
2023-12-21 08:00:00,-1.181882,48.780809,synthetic_cold_temperate_benchmark
2023-12-21 09:00:00,-0.398725,138.901997,synthetic_cold_temperate_benchmark
2023-12-21 10:00:00,0.357747,207.877388,synthetic_cold_temperate_benchmark
2023-12-21 11:00:00,1.035981,245.206488,synthetic_cold_temperate_benchmark
2023-12-21 12:00:00,1.589757,245.206488,synthetic_cold_temperate_benchmark
2023-12-21 13:00:00,1.981335,207.877388,synthetic_cold_temperate_benchmark
2023-12-21 14:00:00,2.184031,138.901997,synthetic_cold_temperate_benchmark
2023-12-21 15:00:00,2.184031,48.780809,synthetic_cold_temperate_benchmark
2023-12-21 16:00:00,1.981335,0.000000,synthetic_cold_temperate_benchmark
2023-12-21 17:00:00,1.589757,0.000000,synthetic_cold_temperate_benchmark
2023-12-21 18:00:00,1.035981,0.000000,synthetic_cold_temperate_benchmark
2023-12-21 19:00:00,0.357747,0.000000,synthetic_cold_temperate_benchmark
2023-12-21 20:00:00,-0.398725,0.000000,synthetic_cold_temperate_benchmark
2023-12-21 21:00:00,-1.181882,0.000000,synthetic_cold_temperate_benchmark
2023-12-21 22:00:00,-1.938354,0.000000,synthetic_cold_temperate_benchmark
2023-12-21 23:00:00,-2.616588,0.000000,synthetic_cold_temperate_benchmark
2023-12-22 00:00:00,-3.255237,0.000000,synthetic_cold_temperate_benchmark
2023-12-22 01:00:00,-3.646816,0.000000,synthetic_cold_temperate_benchmark
2023-12-22 02:00:00,-3.849512,0.000000,synthetic_cold_temperate_benchmark
2023-12-22 03:00:00,-3.849512,0.000000,synthetic_cold_temperate_benchmark
2023-12-22 04:00:00,-3.646816,0.000000,synthetic_cold_temperate_benchmark
2023-12-22 05:00:00,-3.255237,0.000000,synthetic_cold_temperate_benchmark
2023-12-22 06:00:00,-2.701462,0.000000,synthetic_cold_temperate_benchmark
2023-12-22 07:00:00,-2.023228,0.000000,synthetic_cold_temperate_benchmark
2023-12-22 08:00:00,-1.266756,48.846646,synthetic_cold_temperate_benchmark
2023-12-22 09:00:00,-0.483599,138.977507,synthetic_cold_temperate_benchmark
2023-12-22 10:00:00,0.272873,207.957263,synthetic_cold_temperate_benchmark
2023-12-22 11:00:00,0.951107,245.287827,synthetic_cold_temperate_benchmark
2023-12-22 12:00:00,1.504883,245.287827,synthetic_cold_temperate_benchmark
2023-12-22 13:00:00,1.896461,207.957263,synthetic_cold_temperate_benchmark
2023-12-22 14:00:00,2.099157,138.977507,synthetic_cold_temperate_benchmark
2023-12-22 15:00:00,2.099157,48.846646,synthetic_cold_temperate_benchmark
2023-12-22 16:00:00,1.896461,0.000000,synthetic_cold_temperate_benchmark
2023-12-22 17:00:00,1.504883,0.000000,synthetic_cold_temperate_benchmark
2023-12-22 18:00:00,0.951107,0.000000,synthetic_cold_temperate_benchmark
2023-12-22 19:00:00,0.272873,0.000000,synthetic_cold_temperate_benchmark
2023-12-22 20:00:00,-0.483599,0.000000,synthetic_cold_temperate_benchmark
2023-12-22 21:00:00,-1.266756,0.000000,synthetic_cold_temperate_benchmark
2023-12-22 22:00:00,-2.023228,0.000000,synthetic_cold_temperate_benchmark
2023-12-22 23:00:00,-2.701462,0.000000,synthetic_cold_temperate_benchmark
2023-12-23 00:00:00,-3.337185,0.000000,synthetic_cold_temperate_benchmark
2023-12-23 01:00:00,-3.728764,0.000000,synthetic_cold_temperate_benchmark
2023-12-23 02:00:00,-3.931460,0.000000,synthetic_cold_temperate_benchmark
2023-12-23 03:00:00,-3.931460,0.000000,synthetic_cold_temperate_benchmark
2023-12-23 04:00:00,-3.728764,0.000000,synthetic_cold_temperate_benchmark
2023-12-23 05:00:00,-3.337185,0.000000,synthetic_cold_temperate_benchmark
2023-12-23 06:00:00,-2.783409,0.000000,synthetic_cold_temperate_benchmark
2023-12-23 07:00:00,-2.105175,0.000000,synthetic_cold_temperate_benchmark
2023-12-23 08:00:00,-1.348704,48.978347,synthetic_cold_temperate_benchmark
2023-12-23 09:00:00,-0.565547,139.128529,synthetic_cold_temperate_benchmark
2023-12-23 10:00:00,0.190925,208.116999,synthetic_cold_temperate_benchmark
2023-12-23 11:00:00,0.869159,245.450481,synthetic_cold_temperate_benchmark
2023-12-23 12:00:00,1.422935,245.450481,synthetic_cold_temperate_benchmark
2023-12-23 13:00:00,1.814514,208.116999,synthetic_cold_temperate_benchmark
2023-12-23 14:00:00,2.017209,139.128529,synthetic_cold_temperate_benchmark
2023-12-23 15:00:00,2.017209,48.978347,synthetic_cold_temperate_benchmark
2023-12-23 16:00:00,1.814514,0.000000,synthetic_cold_temperate_benchmark
2023-12-23 17:00:00,1.422935,0.000000,synthetic_cold_temperate_benchmark
2023-12-23 18:00:00,0.869159,0.000000,synthetic_cold_temperate_benchmark
2023-12-23 19:00:00,0.190925,0.000000,synthetic_cold_temperate_benchmark
2023-12-23 20:00:00,-0.565547,0.000000,synthetic_cold_temperate_benchmark
2023-12-23 21:00:00,-1.348704,0.000000,synthetic_cold_temperate_benchmark
2023-12-23 22:00:00,-2.105175,0.000000,synthetic_cold_temperate_benchmark
2023-12-23 23:00:00,-2.783409,0.000000,synthetic_cold_temperate_benchmark
2023-12-24 00:00:00,-3.416182,0.000000,synthetic_cold_temperate_benchmark
2023-12-24 01:00:00,-3.807761,0.000000,synthetic_cold_temperate_benchmark
2023-12-24 02:00:00,-4.010457,0.000000,synthetic_cold_temperate_benchmark
2023-12-24 03:00:00,-4.010457,0.000000,synthetic_cold_temperate_benchmark
2023-12-24 04:00:00,-3.807761,0.000000,synthetic_cold_temperate_benchmark
2023-12-24 05:00:00,-3.416182,0.000000,synthetic_cold_temperate_benchmark
2023-12-24 06:00:00,-2.862407,0.000000,synthetic_cold_temperate_benchmark
2023-12-24 07:00:00,-2.184173,0.000000,synthetic_cold_temperate_benchmark
2023-12-24 08:00:00,-1.427701,49.175967,synthetic_cold_temperate_benchmark
2023-12-24 09:00:00,-0.644544,139.355064,synthetic_cold_temperate_benchmark
2023-12-24 10:00:00,0.111928,208.356564,synthetic_cold_temperate_benchmark
2023-12-24 11:00:00,0.790162,245.694404,synthetic_cold_temperate_benchmark
2023-12-24 12:00:00,1.343938,245.694404,synthetic_cold_temperate_benchmark
2023-12-24 13:00:00,1.735516,208.356564,synthetic_cold_temperate_benchmark
2023-12-24 14:00:00,1.938212,139.355064,synthetic_cold_temperate_benchmark
2023-12-24 15:00:00,1.938212,49.175967,synthetic_cold_temperate_benchmark
2023-12-24 16:00:00,1.735516,0.000000,synthetic_cold_temperate_benchmark
2023-12-24 17:00:00,1.343938,0.000000,synthetic_cold_temperate_benchmark
2023-12-24 18:00:00,0.790162,0.000000,synthetic_cold_temperate_benchmark
2023-12-24 19:00:00,0.111928,0.000000,synthetic_cold_temperate_benchmark
2023-12-24 20:00:00,-0.644544,0.000000,synthetic_cold_temperate_benchmark
2023-12-24 21:00:00,-1.427701,0.000000,synthetic_cold_temperate_benchmark
2023-12-24 22:00:00,-2.184173,0.000000,synthetic_cold_temperate_benchmark
2023-12-24 23:00:00,-2.862407,0.000000,synthetic_cold_temperate_benchmark
2023-12-25 00:00:00,-3.492206,0.000000,synthetic_cold_temperate_benchmark
2023-12-25 01:00:00,-3.883784,0.000000,synthetic_cold_temperate_benchmark
2023-12-25 02:00:00,-4.086480,0.000000,synthetic_cold_temperate_benchmark
2023-12-25 03:00:00,-4.086480,0.000000,synthetic_cold_temperate_benchmark
2023-12-25 04:00:00,-3.883784,0.000000,synthetic_cold_temperate_benchmark
2023-12-25 05:00:00,-3.492206,0.000000,synthetic_cold_temperate_benchmark
2023-12-25 06:00:00,-2.938430,0.000000,synthetic_cold_temperate_benchmark
2023-12-25 07:00:00,-2.260196,0.000000,synthetic_cold_temperate_benchmark
2023-12-25 08:00:00,-1.503724,49.439588,synthetic_cold_temperate_benchmark
2023-12-25 09:00:00,-0.720567,139.657115,synthetic_cold_temperate_benchmark
2023-12-25 10:00:00,0.035905,208.675911,synthetic_cold_temperate_benchmark
2023-12-25 11:00:00,0.714139,246.019527,synthetic_cold_temperate_benchmark
2023-12-25 12:00:00,1.267914,246.019527,synthetic_cold_temperate_benchmark
2023-12-25 13:00:00,1.659493,208.675911,synthetic_cold_temperate_benchmark
2023-12-25 14:00:00,1.862189,139.657115,synthetic_cold_temperate_benchmark
2023-12-25 15:00:00,1.862189,49.439588,synthetic_cold_temperate_benchmark
2023-12-25 16:00:00,1.659493,0.000000,synthetic_cold_temperate_benchmark
2023-12-25 17:00:00,1.267914,0.000000,synthetic_cold_temperate_benchmark
2023-12-25 18:00:00,0.714139,0.000000,synthetic_cold_temperate_benchmark
2023-12-25 19:00:00,0.035905,0.000000,synthetic_cold_temperate_benchmark
2023-12-25 20:00:00,-0.720567,0.000000,synthetic_cold_temperate_benchmark
2023-12-25 21:00:00,-1.503724,0.000000,synthetic_cold_temperate_benchmark
2023-12-25 22:00:00,-2.260196,0.000000,synthetic_cold_temperate_benchmark
2023-12-25 23:00:00,-2.938430,0.000000,synthetic_cold_temperate_benchmark
2023-12-26 00:00:00,-3.565233,0.000000,synthetic_cold_temperate_benchmark
2023-12-26 01:00:00,-3.956811,0.000000,synthetic_cold_temperate_benchmark
2023-12-26 02:00:00,-4.159507,0.000000,synthetic_cold_temperate_benchmark
2023-12-26 03:00:00,-4.159507,0.000000,synthetic_cold_temperate_benchmark
2023-12-26 04:00:00,-3.956811,0.000000,synthetic_cold_temperate_benchmark
2023-12-26 05:00:00,-3.565233,0.000000,synthetic_cold_temperate_benchmark
2023-12-26 06:00:00,-3.011457,0.000000,synthetic_cold_temperate_benchmark
2023-12-26 07:00:00,-2.333223,0.000000,synthetic_cold_temperate_benchmark
2023-12-26 08:00:00,-1.576751,49.769319,synthetic_cold_temperate_benchmark
2023-12-26 09:00:00,-0.793594,140.034684,synthetic_cold_temperate_benchmark
2023-12-26 10:00:00,-0.037122,209.074978,synthetic_cold_temperate_benchmark
2023-12-26 11:00:00,0.641112,246.425756,synthetic_cold_temperate_benchmark
2023-12-26 12:00:00,1.194887,246.425756,synthetic_cold_temperate_benchmark
2023-12-26 13:00:00,1.586466,209.074978,synthetic_cold_temperate_benchmark
2023-12-26 14:00:00,1.789162,140.034684,synthetic_cold_temperate_benchmark
2023-12-26 15:00:00,1.789162,49.769319,synthetic_cold_temperate_benchmark
2023-12-26 16:00:00,1.586466,0.000000,synthetic_cold_temperate_benchmark
2023-12-26 17:00:00,1.194887,0.000000,synthetic_cold_temperate_benchmark
2023-12-26 18:00:00,0.641112,0.000000,synthetic_cold_temperate_benchmark
2023-12-26 19:00:00,-0.037122,0.000000,synthetic_cold_temperate_benchmark
2023-12-26 20:00:00,-0.793594,0.000000,synthetic_cold_temperate_benchmark
2023-12-26 21:00:00,-1.576751,0.000000,synthetic_cold_temperate_benchmark
2023-12-26 22:00:00,-2.333223,0.000000,synthetic_cold_temperate_benchmark
2023-12-26 23:00:00,-3.011457,0.000000,synthetic_cold_temperate_benchmark
2023-12-27 00:00:00,-3.635241,0.000000,synthetic_cold_temperate_benchmark
2023-12-27 01:00:00,-4.026820,0.000000,synthetic_cold_temperate_benchmark
2023-12-27 02:00:00,-4.229516,0.000000,synthetic_cold_temperate_benchmark
2023-12-27 03:00:00,-4.229516,0.000000,synthetic_cold_temperate_benchmark
2023-12-27 04:00:00,-4.026820,0.000000,synthetic_cold_temperate_benchmark
2023-12-27 05:00:00,-3.635241,0.000000,synthetic_cold_temperate_benchmark
2023-12-27 06:00:00,-3.081466,0.000000,synthetic_cold_temperate_benchmark
2023-12-27 07:00:00,-2.403232,0.000000,synthetic_cold_temperate_benchmark
2023-12-27 08:00:00,-1.646760,50.165293,synthetic_cold_temperate_benchmark
2023-12-27 09:00:00,-0.863603,140.487776,synthetic_cold_temperate_benchmark
2023-12-27 10:00:00,-0.107131,209.553687,synthetic_cold_temperate_benchmark
2023-12-27 11:00:00,0.571103,246.912976,synthetic_cold_temperate_benchmark
2023-12-27 12:00:00,1.124879,246.912976,synthetic_cold_temperate_benchmark
2023-12-27 13:00:00,1.516457,209.553687,synthetic_cold_temperate_benchmark
2023-12-27 14:00:00,1.719153,140.487776,synthetic_cold_temperate_benchmark
2023-12-27 15:00:00,1.719153,50.165293,synthetic_cold_temperate_benchmark
2023-12-27 16:00:00,1.516457,0.000000,synthetic_cold_temperate_benchmark
2023-12-27 17:00:00,1.124879,0.000000,synthetic_cold_temperate_benchmark
2023-12-27 18:00:00,0.571103,0.000000,synthetic_cold_temperate_benchmark
2023-12-27 19:00:00,-0.107131,0.000000,synthetic_cold_temperate_benchmark
2023-12-27 20:00:00,-0.863603,0.000000,synthetic_cold_temperate_benchmark
2023-12-27 21:00:00,-1.646760,0.000000,synthetic_cold_temperate_benchmark
2023-12-27 22:00:00,-2.403232,0.000000,synthetic_cold_temperate_benchmark
2023-12-27 23:00:00,-3.081466,0.000000,synthetic_cold_temperate_benchmark
2023-12-28 00:00:00,-3.702211,0.000000,synthetic_cold_temperate_benchmark
2023-12-28 01:00:00,-4.093790,0.000000,synthetic_cold_temperate_benchmark
2023-12-28 02:00:00,-4.296486,0.000000,synthetic_cold_temperate_benchmark
2023-12-28 03:00:00,-4.296486,0.000000,synthetic_cold_temperate_benchmark
2023-12-28 04:00:00,-4.093790,0.000000,synthetic_cold_temperate_benchmark
2023-12-28 05:00:00,-3.702211,0.000000,synthetic_cold_temperate_benchmark
2023-12-28 06:00:00,-3.148436,0.000000,synthetic_cold_temperate_benchmark
2023-12-28 07:00:00,-2.470202,0.000000,synthetic_cold_temperate_benchmark
2023-12-28 08:00:00,-1.713730,50.627669,synthetic_cold_temperate_benchmark
2023-12-28 09:00:00,-0.930573,141.016392,synthetic_cold_temperate_benchmark
2023-12-28 10:00:00,-0.174101,210.111944,synthetic_cold_temperate_benchmark
2023-12-28 11:00:00,0.504133,247.481047,synthetic_cold_temperate_benchmark
2023-12-28 12:00:00,1.057909,247.481047,synthetic_cold_temperate_benchmark
2023-12-28 13:00:00,1.449487,210.111944,synthetic_cold_temperate_benchmark
2023-12-28 14:00:00,1.652183,141.016392,synthetic_cold_temperate_benchmark
2023-12-28 15:00:00,1.652183,50.627669,synthetic_cold_temperate_benchmark
2023-12-28 16:00:00,1.449487,0.000000,synthetic_cold_temperate_benchmark
2023-12-28 17:00:00,1.057909,0.000000,synthetic_cold_temperate_benchmark
2023-12-28 18:00:00,0.504133,0.000000,synthetic_cold_temperate_benchmark
2023-12-28 19:00:00,-0.174101,0.000000,synthetic_cold_temperate_benchmark
2023-12-28 20:00:00,-0.930573,0.000000,synthetic_cold_temperate_benchmark
2023-12-28 21:00:00,-1.713730,0.000000,synthetic_cold_temperate_benchmark
2023-12-28 22:00:00,-2.470202,0.000000,synthetic_cold_temperate_benchmark
2023-12-28 23:00:00,-3.148436,0.000000,synthetic_cold_temperate_benchmark
2023-12-29 00:00:00,-3.766123,0.000000,synthetic_cold_temperate_benchmark
2023-12-29 01:00:00,-4.157701,0.000000,synthetic_cold_temperate_benchmark
2023-12-29 02:00:00,-4.360397,0.000000,synthetic_cold_temperate_benchmark
2023-12-29 03:00:00,-4.360397,0.000000,synthetic_cold_temperate_benchmark
2023-12-29 04:00:00,-4.157701,0.000000,synthetic_cold_temperate_benchmark
2023-12-29 05:00:00,-3.766123,0.000000,synthetic_cold_temperate_benchmark
2023-12-29 06:00:00,-3.212347,0.000000,synthetic_cold_temperate_benchmark
2023-12-29 07:00:00,-2.534113,0.000000,synthetic_cold_temperate_benchmark
2023-12-29 08:00:00,-1.777641,51.156629,synthetic_cold_temperate_benchmark
2023-12-29 09:00:00,-0.994484,141.620533,synthetic_cold_temperate_benchmark
2023-12-29 10:00:00,-0.238012,210.749637,synthetic_cold_temperate_benchmark
2023-12-29 11:00:00,0.440222,248.129807,synthetic_cold_temperate_benchmark
2023-12-29 12:00:00,0.993997,248.129807,synthetic_cold_temperate_benchmark
2023-12-29 13:00:00,1.385576,210.749637,synthetic_cold_temperate_benchmark
2023-12-29 14:00:00,1.588272,141.620533,synthetic_cold_temperate_benchmark
2023-12-29 15:00:00,1.588272,51.156629,synthetic_cold_temperate_benchmark
2023-12-29 16:00:00,1.385576,0.000000,synthetic_cold_temperate_benchmark
2023-12-29 17:00:00,0.993997,0.000000,synthetic_cold_temperate_benchmark
2023-12-29 18:00:00,0.440222,0.000000,synthetic_cold_temperate_benchmark
2023-12-29 19:00:00,-0.238012,0.000000,synthetic_cold_temperate_benchmark
2023-12-29 20:00:00,-0.994484,0.000000,synthetic_cold_temperate_benchmark
2023-12-29 21:00:00,-1.777641,0.000000,synthetic_cold_temperate_benchmark
2023-12-29 22:00:00,-2.534113,0.000000,synthetic_cold_temperate_benchmark
2023-12-29 23:00:00,-3.212347,0.000000,synthetic_cold_temperate_benchmark
2023-12-30 00:00:00,-3.826956,0.000000,synthetic_cold_temperate_benchmark
2023-12-30 01:00:00,-4.218535,0.000000,synthetic_cold_temperate_benchmark
2023-12-30 02:00:00,-4.421231,0.000000,synthetic_cold_temperate_benchmark
2023-12-30 03:00:00,-4.421231,0.000000,synthetic_cold_temperate_benchmark
2023-12-30 04:00:00,-4.218535,0.000000,synthetic_cold_temperate_benchmark
2023-12-30 05:00:00,-3.826956,0.000000,synthetic_cold_temperate_benchmark
2023-12-30 06:00:00,-3.273181,0.000000,synthetic_cold_temperate_benchmark
2023-12-30 07:00:00,-2.594947,0.000000,synthetic_cold_temperate_benchmark
2023-12-30 08:00:00,-1.838475,51.752375,synthetic_cold_temperate_benchmark
2023-12-30 09:00:00,-1.055318,142.300197,synthetic_cold_temperate_benchmark
2023-12-30 10:00:00,-0.298846,211.466641,synthetic_cold_temperate_benchmark
2023-12-30 11:00:00,0.379388,248.859071,synthetic_cold_temperate_benchmark
2023-12-30 12:00:00,0.933164,248.859071,synthetic_cold_temperate_benchmark
2023-12-30 13:00:00,1.324742,211.466641,synthetic_cold_temperate_benchmark
2023-12-30 14:00:00,1.527438,142.300197,synthetic_cold_temperate_benchmark
2023-12-30 15:00:00,1.527438,51.752375,synthetic_cold_temperate_benchmark
2023-12-30 16:00:00,1.324742,0.000000,synthetic_cold_temperate_benchmark
2023-12-30 17:00:00,0.933164,0.000000,synthetic_cold_temperate_benchmark
2023-12-30 18:00:00,0.379388,0.000000,synthetic_cold_temperate_benchmark
2023-12-30 19:00:00,-0.298846,0.000000,synthetic_cold_temperate_benchmark
2023-12-30 20:00:00,-1.055318,0.000000,synthetic_cold_temperate_benchmark
2023-12-30 21:00:00,-1.838475,0.000000,synthetic_cold_temperate_benchmark
2023-12-30 22:00:00,-2.594947,0.000000,synthetic_cold_temperate_benchmark
2023-12-30 23:00:00,-3.273181,0.000000,synthetic_cold_temperate_benchmark
2023-12-31 00:00:00,-3.884694,0.000000,synthetic_cold_temperate_benchmark
2023-12-31 01:00:00,-4.276273,0.000000,synthetic_cold_temperate_benchmark
2023-12-31 02:00:00,-4.478969,0.000000,synthetic_cold_temperate_benchmark
2023-12-31 03:00:00,-4.478969,0.000000,synthetic_cold_temperate_benchmark
2023-12-31 04:00:00,-4.276273,0.000000,synthetic_cold_temperate_benchmark
2023-12-31 05:00:00,-3.884694,0.000000,synthetic_cold_temperate_benchmark
2023-12-31 06:00:00,-3.330919,0.000000,synthetic_cold_temperate_benchmark
2023-12-31 07:00:00,-2.652685,0.000000,synthetic_cold_temperate_benchmark
2023-12-31 08:00:00,-1.896213,52.415130,synthetic_cold_temperate_benchmark
2023-12-31 09:00:00,-1.113056,143.055382,synthetic_cold_temperate_benchmark
2023-12-31 10:00:00,-0.356584,212.262811,synthetic_cold_temperate_benchmark
2023-12-31 11:00:00,0.321650,249.668629,synthetic_cold_temperate_benchmark
2023-12-31 12:00:00,0.875426,249.668629,synthetic_cold_temperate_benchmark
2023-12-31 13:00:00,1.267004,212.262811,synthetic_cold_temperate_benchmark
2023-12-31 14:00:00,1.469700,143.055382,synthetic_cold_temperate_benchmark
2023-12-31 15:00:00,1.469700,52.415130,synthetic_cold_temperate_benchmark
2023-12-31 16:00:00,1.267004,0.000000,synthetic_cold_temperate_benchmark
2023-12-31 17:00:00,0.875426,0.000000,synthetic_cold_temperate_benchmark
2023-12-31 18:00:00,0.321650,0.000000,synthetic_cold_temperate_benchmark
2023-12-31 19:00:00,-0.356584,0.000000,synthetic_cold_temperate_benchmark
2023-12-31 20:00:00,-1.113056,0.000000,synthetic_cold_temperate_benchmark
2023-12-31 21:00:00,-1.896213,0.000000,synthetic_cold_temperate_benchmark
2023-12-31 22:00:00,-2.652685,0.000000,synthetic_cold_temperate_benchmark
2023-12-31 23:00:00,-3.330919,0.000000,synthetic_cold_temperate_benchmark
